~/nipa/tc-executor/tc-executor-storage /
Switched to branch 'storage-dbg'
Your branch is ahead of 'origin/storage-dbg' by 42 commits.
  (use "git push" to publish your local commits)
/
~/nipa/tc-executor /
~/nipa/tc-executor/testing ~/nipa/tc-executor
Auto packing the repository in background for optimum performance.
See "git help gc" for manual housekeeping.
~/nipa/tc-executor
Error response from daemon: No such image: nipa-executor:latest
#0 building with "default" instance using docker driver

#1 [internal] load build definition from Dockerfile
#1 DONE 0.0s

#1 [internal] load build definition from Dockerfile
#1 transferring dockerfile:
#1 transferring dockerfile: 2.60kB done
#1 DONE 0.3s

#2 [internal] load metadata for docker.io/library/ubuntu:24.04
#2 DONE 1.1s

#3 [internal] load .dockerignore
#3 transferring context:
#3 transferring context: 2B done
#3 DONE 0.3s

#4 [ 1/20] FROM docker.io/library/ubuntu:24.04@sha256:4fbb8e6a8395de5a7550b33509421a2bafbc0aab6c06ba2cef9ebffbc7092d90
#4 resolve docker.io/library/ubuntu:24.04@sha256:4fbb8e6a8395de5a7550b33509421a2bafbc0aab6c06ba2cef9ebffbc7092d90
#4 ...

#5 [internal] load build context
#5 transferring context: 3.18kB done
#5 DONE 0.5s

#4 [ 1/20] FROM docker.io/library/ubuntu:24.04@sha256:4fbb8e6a8395de5a7550b33509421a2bafbc0aab6c06ba2cef9ebffbc7092d90
#4 resolve docker.io/library/ubuntu:24.04@sha256:4fbb8e6a8395de5a7550b33509421a2bafbc0aab6c06ba2cef9ebffbc7092d90 0.3s done
#4 sha256:4fbb8e6a8395de5a7550b33509421a2bafbc0aab6c06ba2cef9ebffbc7092d90 6.69kB / 6.69kB done
#4 sha256:52df9b1ee71626e0088f7d400d5c6b5f7bb916f8f0c82b474289a4ece6cf3faf 424B / 424B done
#4 sha256:ef91e4b15da8323a1523adb2b371998dcd3063dae8553cc2744c178ccc065bc4 2.05kB / 2.05kB done
#4 sha256:ca2678b20700c15185707964d9211b1a6406196114bf675f568b6025d37b3888 0B / 29.74MB 0.2s
#4 sha256:ca2678b20700c15185707964d9211b1a6406196114bf675f568b6025d37b3888 7.34MB / 29.74MB 0.3s
#4 sha256:ca2678b20700c15185707964d9211b1a6406196114bf675f568b6025d37b3888 25.17MB / 29.74MB 0.5s
#4 sha256:ca2678b20700c15185707964d9211b1a6406196114bf675f568b6025d37b3888 29.74MB / 29.74MB 0.7s done
#4 extracting sha256:ca2678b20700c15185707964d9211b1a6406196114bf675f568b6025d37b3888 0.1s
#4 extracting sha256:ca2678b20700c15185707964d9211b1a6406196114bf675f568b6025d37b3888 0.4s done
#4 DONE 2.0s

#6 [ 2/20] RUN echo 'Acquire::Retries "5";' > /etc/apt/apt.conf.d/80-retries
#6 DONE 2.6s

#7 [ 3/20] RUN apt update && apt install -y    adduser    virtme-ng    git    python3-requests    python3-psutil    python3-setuptools    python3-pyroute2    python3-argcomplete    qemu-system-x86    scapy    make    gcc    musl-dev    flex    bison    linux-headers-generic    elfutils    util-linux    coreutils    diffutils    findutils    file    bash    kmod    perl    libcap-dev    libmnl-dev    iproute2     jq    libbpf-dev    rsync    libssl-dev    bc    kbd    pkg-config    iputils-ping    ethtool
#7 0.648 
#7 0.648 WARNING: apt does not have a stable CLI interface. Use with caution in scripts.
#7 0.648 
#7 0.872 Get:1 http://security.ubuntu.com/ubuntu noble-security InRelease [126 kB]
#7 0.884 Get:2 http://archive.ubuntu.com/ubuntu noble InRelease [256 kB]
#7 1.003 Get:3 http://security.ubuntu.com/ubuntu noble-security/multiverse amd64 Packages [43.8 kB]
#7 1.022 Get:4 http://security.ubuntu.com/ubuntu noble-security/restricted amd64 Packages [1417 kB]
#7 1.064 Get:5 http://security.ubuntu.com/ubuntu noble-security/main amd64 Packages [1014 kB]
#7 1.093 Get:6 http://security.ubuntu.com/ubuntu noble-security/universe amd64 Packages [1490 kB]
#7 1.133 Get:7 http://archive.ubuntu.com/ubuntu noble-updates InRelease [126 kB]
#7 1.277 Get:8 http://archive.ubuntu.com/ubuntu noble-backports InRelease [126 kB]
#7 1.311 Get:9 http://archive.ubuntu.com/ubuntu noble/universe amd64 Packages [19.3 MB]
#7 1.522 Get:10 http://archive.ubuntu.com/ubuntu noble/main amd64 Packages [1808 kB]
#7 1.537 Get:11 http://archive.ubuntu.com/ubuntu noble/multiverse amd64 Packages [331 kB]
#7 1.542 Get:12 http://archive.ubuntu.com/ubuntu noble/restricted amd64 Packages [117 kB]
#7 1.548 Get:13 http://archive.ubuntu.com/ubuntu noble-updates/restricted amd64 Packages [1490 kB]
#7 1.565 Get:14 http://archive.ubuntu.com/ubuntu noble-updates/main amd64 Packages [1336 kB]
#7 1.579 Get:15 http://archive.ubuntu.com/ubuntu noble-updates/universe amd64 Packages [2111 kB]
#7 1.599 Get:16 http://archive.ubuntu.com/ubuntu noble-updates/multiverse amd64 Packages [49.5 kB]
#7 1.599 Get:17 http://archive.ubuntu.com/ubuntu noble-backports/universe amd64 Packages [35.9 kB]
#7 1.599 Get:18 http://archive.ubuntu.com/ubuntu noble-backports/main amd64 Packages [48.9 kB]
#7 1.603 Get:19 http://archive.ubuntu.com/ubuntu noble-backports/multiverse amd64 Packages [671 B]
#7 2.091 Fetched 31.2 MB in 1s (23.2 MB/s)
#7 2.091 Reading package lists...
#7 2.530 Building dependency tree...
#7 2.623 Reading state information...
#7 2.635 2 packages can be upgraded. Run 'apt list --upgradable' to see them.
#7 2.638 
#7 2.638 WARNING: apt does not have a stable CLI interface. Use with caution in scripts.
#7 2.638 
#7 2.716 Reading package lists...
#7 3.182 Building dependency tree...
#7 3.286 Reading state information...
#7 3.398 util-linux is already the newest version (2.39.3-9ubuntu6.5).
#7 3.398 coreutils is already the newest version (9.4-3ubuntu6.2).
#7 3.398 diffutils is already the newest version (1:3.10-1build1).
#7 3.398 findutils is already the newest version (4.9.0-5build1).
#7 3.398 bash is already the newest version (5.2.21-2ubuntu4).
#7 3.398 The following additional packages will be installed:
#7 3.398   acl adwaita-icon-theme alsa-topology-conf alsa-ucm-conf at-spi2-common
#7 3.398   at-spi2-core binutils binutils-common binutils-x86-64-linux-gnu blt
#7 3.398   ca-certificates console-setup console-setup-linux cpp cpp-13
#7 3.398   cpp-13-x86-64-linux-gnu cpp-x86-64-linux-gnu cpu-checker dbus dbus-bin
#7 3.398   dbus-daemon dbus-session-bus-common dbus-system-bus-common dbus-user-session
#7 3.398   dconf-gsettings-backend dconf-service dmsetup fontconfig fontconfig-config
#7 3.398   fonts-dejavu-core fonts-dejavu-mono fonts-lyx g++ g++-13
#7 3.398   g++-13-x86-64-linux-gnu g++-x86-64-linux-gnu gcc-13 gcc-13-base
#7 3.398   gcc-13-x86-64-linux-gnu gcc-x86-64-linux-gnu gir1.2-girepository-2.0
#7 3.398   gir1.2-glib-2.0 git-man glib-networking glib-networking-common
#7 3.398   glib-networking-services gsettings-desktop-schemas gstreamer1.0-plugins-base
#7 3.398   gstreamer1.0-plugins-good gstreamer1.0-x gtk-update-icon-cache
#7 3.398   hicolor-icon-theme humanity-icon-theme ibverbs-providers ipxe-qemu
#7 3.398   ipxe-qemu-256k-compat-efi-roms ipython3 iso-codes isympy-common isympy3
#7 3.398   javascript-common keyboard-configuration krb5-locales less libaa1 libaio1t64
#7 3.398   libaom3 libapparmor1 libargon2-1 libasan8 libasm1t64 libasound2-data
#7 3.398   libasound2t64 libasyncns0 libatk-bridge2.0-0t64 libatk1.0-0t64 libatm1t64
#7 3.398   libatomic1 libatspi2.0-0t64 libavahi-client3 libavahi-common-data
#7 3.398   libavahi-common3 libavc1394-0 libbinutils libblas3 libboost-iostreams1.83.0
#7 3.398   libboost-thread1.83.0 libbpf1 libbrlapi0.8 libbrotli1 libbsd0 libc-dev-bin
#7 3.398   libc-devtools libc6-dev libcaca0 libcacard0 libcairo-gobject2 libcairo2
#7 3.398   libcap2-bin libcbor0.10 libcc1-0 libcdparanoia0 libcolord2 libcrypt-dev
#7 3.398   libcryptsetup12 libctf-nobfd0 libctf0 libcups2t64 libcurl3t64-gnutls
#7 3.398   libdatrie1 libdaxctl1 libdbus-1-3 libdconf1 libdecor-0-0
#7 3.398   libdecor-0-plugin-1-gtk libdeflate0 libdevmapper1.02.1 libdrm-amdgpu1
#7 3.398   libdrm-common libdrm-intel1 libdrm2 libduktape207 libdv4t64 libdw1t64
#7 3.398   libedit2 libelf-dev libelf1t64 libepoxy0 liberror-perl libexpat1 libfdisk1
#7 3.398   libfdt1 libfido2-1 libfl-dev libfl2 libflac12t64 libfontconfig1 libfreetype6
#7 3.398   libfribidi0 libfuse3-3 libgbm1 libgcc-13-dev libgd3 libgdbm-compat4t64
#7 3.398   libgdbm6t64 libgdk-pixbuf-2.0-0 libgdk-pixbuf2.0-bin libgdk-pixbuf2.0-common
#7 3.398   libgfortran5 libgirepository-1.0-1 libgl1 libgl1-mesa-dri libglib2.0-0t64
#7 3.398   libglib2.0-data libglvnd0 libglx-mesa0 libglx0 libgomp1 libgpm2 libgprofng0
#7 3.398   libgraphite2-3 libgssapi-krb5-2 libgstreamer-plugins-base1.0-0
#7 3.398   libgstreamer-plugins-good1.0-0 libgstreamer1.0-0 libgtk-3-0t64 libgtk-3-bin
#7 3.398   libgtk-3-common libgudev-1.0-0 libharfbuzz0b libheif-plugin-aomdec
#7 3.398   libheif-plugin-aomenc libheif1 libhwasan0 libibverbs1 libicu74 libiec61883-0
#7 3.398   libimagequant0 libiscsi7 libisl23 libitm1 libjack-jackd2-0 libjansson4
#7 3.398   libjbig0 libjpeg-turbo8 libjpeg8 libjq1 libjs-jquery libjs-jquery-ui
#7 3.398   libjson-c5 libk5crypto3 libkeyutils1 libkmod2 libkrb5-3 libkrb5support0
#7 3.398   liblapack3 liblbfgsb0 liblcms2-2 libldap-common libldap2 liblerc4 libllvm20
#7 3.398   liblocale-gettext-perl liblsan0 libmagic-mgc libmagic1t64 libmnl0
#7 3.399   libmp3lame0 libmpc3 libmpfr6 libmpg123-0t64 libncurses6 libndctl6 libnfs14
#7 3.399   libnghttp2-14 libnl-3-200 libnl-route-3-200 libnspr4 libnss-systemd libnss3
#7 3.399   libnuma1 libogg0 libonig5 libopenjp2-7 libopus0 liborc-0.4-0t64 libpam-cap
#7 3.399   libpam-systemd libpango-1.0-0 libpangocairo-1.0-0 libpangoft2-1.0-0
#7 3.399   libpcap0.8t64 libpciaccess0 libpcsclite1 libperl5.38t64 libpipewire-0.3-0t64
#7 3.399   libpipewire-0.3-common libpixman-1-0 libpkgconf3 libpmem1 libpmemobj1
#7 3.399   libpng16-16t64 libpopt0 libproxy1v5 libpsl5t64 libpulse0 libpython3-stdlib
#7 3.399   libpython3.12-minimal libpython3.12-stdlib libqhull-r8.0 libquadmath0
#7 3.399   librados2 libraqm0 libraw1394-11 librbd1 librdmacm1t64 libreadline8t64
#7 3.399   librsvg2-2 librsvg2-common librtmp1 libsamplerate0 libsasl2-2
#7 3.399   libsasl2-modules libsasl2-modules-db libsdl2-2.0-0 libsensors-config
#7 3.399   libsensors5 libsframe1 libsharpyuv0 libshout3 libslang2 libslirp0
#7 3.399   libsndfile1 libsoup-3.0-0 libsoup-3.0-common libspa-0.2-modules libspeex1
#7 3.399   libspice-server1 libsqlite3-0 libssh-4 libstdc++-13-dev libsystemd-shared
#7 3.399   libtag1v5 libtag1v5-vanilla libtcl8.6 libthai-data libthai0 libtheora0
#7 3.399   libtiff6 libtk8.6 libtsan2 libtwolame0 libubsan1 libunwind8 liburing2
#7 3.399   libusb-1.0-0 libusbredirparser1t64 libv4l-0t64 libv4lconvert0t64
#7 3.399   libvirglrenderer1 libvisual-0.4-0 libvorbis0a libvorbisenc2 libvpx9
#7 3.399   libvte-2.91-0 libvte-2.91-common libvulkan1 libwavpack1 libwayland-client0
#7 3.399   libwayland-cursor0 libwayland-egl1 libwebp7 libwebpdemux2 libwebpmux3
#7 3.399   libwebrtc-audio-processing1 libx11-6 libx11-data libx11-xcb1 libxau6
#7 3.399   libxcb-dri3-0 libxcb-glx0 libxcb-present0 libxcb-randr0 libxcb-render0
#7 3.399   libxcb-shm0 libxcb-sync1 libxcb-xfixes0 libxcb1 libxcomposite1 libxcursor1
#7 3.399   libxdamage1 libxdmcp6 libxext6 libxfixes3 libxft2 libxi6 libxinerama1
#7 3.399   libxkbcommon0 libxml2 libxmuu1 libxpm4 libxrandr2 libxrender1 libxshmfence1
#7 3.399   libxslt1.1 libxss1 libxtables12 libxtst6 libxv1 libxxf86vm1 libzstd-dev
#7 3.399   linux-headers-6.8.0-134 linux-headers-6.8.0-134-generic linux-libc-dev m4
#7 3.399   manpages manpages-dev media-types mesa-libgallium mesa-vulkan-drivers
#7 3.399   msr-tools musl netbase networkd-dispatcher openssh-client openssl ovmf patch
#7 3.399   perl-base perl-modules-5.38 pkgconf pkgconf-bin publicsuffix
#7 3.399   python-matplotlib-data python3 python3-appdirs python3-asttokens
#7 3.399   python3-attr python3-brotli python3-bs4 python3-certifi python3-cffi-backend
#7 3.399   python3-chardet python3-contourpy python3-cryptography python3-cssselect
#7 3.399   python3-cycler python3-dateutil python3-dbus python3-decorator
#7 3.399   python3-executing python3-fonttools python3-fs python3-gi python3-html5lib
#7 3.399   python3-idna python3-ipython python3-jedi python3-kiwisolver python3-lxml
#7 3.399   python3-lz4 python3-matplotlib python3-matplotlib-inline python3-minimal
#7 3.399   python3-mpmath python3-numpy python3-olefile python3-packaging python3-parso
#7 3.399   python3-pexpect python3-pil python3-pil.imagetk python3-pkg-resources
#7 3.399   python3-prompt-toolkit python3-ptyprocess python3-pure-eval python3-pygments
#7 3.399   python3-pyparsing python3-scipy python3-six python3-soupsieve
#7 3.399   python3-stack-data python3-sympy python3-tk python3-traitlets
#7 3.399   python3-typeshed python3-tz python3-ufolib2 python3-unicodedata2
#7 3.399   python3-urllib3 python3-wcwidth python3-webencodings python3.12
#7 3.399   python3.12-minimal qemu-block-extra qemu-system-common qemu-system-data
#7 3.399   qemu-system-gui qemu-system-modules-opengl qemu-system-modules-spice
#7 3.399   qemu-utils readline-common rpcsvc-proto seabios session-migration
#7 3.399   shared-mime-info systemd systemd-dev systemd-resolved systemd-sysv
#7 3.399   systemd-timesyncd tk8.6-blt2.5 tzdata ubuntu-mono unicode-data x11-common
#7 3.399   xauth xdg-user-dirs xkb-data zlib1g-dev
#7 3.399 Suggested packages:
#7 3.399   cron quota ecryptfs-utils binutils-doc gprofng-gui bison-doc blt-demo
#7 3.399   locales cpp-doc gcc-13-locales cpp-13-doc build-essential flex-doc
#7 3.399   g++-multilib g++-13-multilib gcc-13-doc gcc-multilib autoconf automake
#7 3.399   libtool gdb gcc-doc gcc-13-multilib gdb-x86-64-linux-gnu gettext-base
#7 3.399   git-daemon-run | git-daemon-sysvinit git-doc git-email git-gui gitk gitweb
#7 3.399   git-cvs git-mediawiki git-svn gvfs iproute2-doc isoquery apache2 | lighttpd
#7 3.399   | httpd alsa-utils libasound2-plugins glibc-doc colord cups-common libdv-bin
#7 3.399   oss-compat fuse3 libgd-tools gdbm-l10n low-memory-monitor gpm krb5-doc
#7 3.399   krb5-user libvisual-0.4-plugins gstreamer1.0-tools libheif-plugin-libde265
#7 3.399   libheif-plugin-x265 libheif-plugin-ffmpegdec libheif-plugin-jpegdec
#7 3.399   libheif-plugin-jpegenc libheif-plugin-j2kdec libheif-plugin-j2kenc
#7 3.399   libheif-plugin-rav1e libheif-plugin-svtenc jackd2 libjs-jquery-ui-docs
#7 3.399   liblcms2-utils opus-tools pciutils pcscd pipewire pulseaudio libraw1394-doc
#7 3.399   librsvg2-bin libsasl2-modules-gssapi-mit | libsasl2-modules-gssapi-heimdal
#7 3.399   libsasl2-modules-ldap libsasl2-modules-otp libsasl2-modules-sql xdg-utils
#7 3.399   lm-sensors speex gstreamer1.0-libav gstreamer1.0-plugins-ugly libssl-doc
#7 3.399   libstdc++-13-doc tcl8.6 tk8.6 m4-doc make-doc man-browser iw
#7 3.399   | wireless-tools keychain libpam-ssh monkeysphere ssh-askpass ed
#7 3.399   diffutils-doc perl-doc libterm-readline-gnu-perl
#7 3.399   | libterm-readline-perl-perl libtap-harness-archive-perl python3-doc
#7 3.399   python3-venv python-attr-doc python-cryptography-doc
#7 3.399   python3-cryptography-vectors python-cycler-doc python-dbus-doc
#7 3.399   python3-genshi python-ipython-doc python-lxml-doc cm-super-minimal dvipng
#7 3.399   ffmpeg fonts-staypuft ghostscript gir1.2-gtk-3.0 inkscape python3-cairocffi
#7 3.399   python3-gi-cairo python3-gobject python3-pyqt5 python3-sip python3-tornado
#7 3.399   texlive-extra-utils texlive-latex-extra python-mpmath-doc python3-gmpy2
#7 3.399   gfortran python3-dev python3-pytest python-pexpect-doc python-pil-doc
#7 3.399   python-pygments-doc ttf-bitstream-vera python-pyparsing-doc python3-openssl
#7 3.399   python3-socks python-requests-doc graphviz python-scapy-doc python3-pyx sox
#7 3.399   tcpdump tcpreplay wireshark python-scipy-doc python-setuptools-doc
#7 3.399   texlive-fonts-extra python-sympy-doc tix python3-tk-dbg python3.12-venv
#7 3.399   python3.12-doc binfmt-support samba vde2 readline-doc openssh-server
#7 3.399   python3-braceexpand systemd-container systemd-homed systemd-userdbd
#7 3.399   systemd-boot libip4tc2 libqrencode4 libtss2-esys-3.0.2-0 libtss2-mu-4.0.1-0
#7 3.399   libtss2-rc0 libtss2-tcti-device0 polkitd dbus-x11 pulseaudio-utils
#7 3.399   qemu-system-arm qemu-system-ppc virtiofsd
#7 3.920 The following NEW packages will be installed:
#7 3.920   acl adduser adwaita-icon-theme alsa-topology-conf alsa-ucm-conf
#7 3.920   at-spi2-common at-spi2-core bc binutils binutils-common
#7 3.920   binutils-x86-64-linux-gnu bison blt ca-certificates console-setup
#7 3.920   console-setup-linux cpp cpp-13 cpp-13-x86-64-linux-gnu cpp-x86-64-linux-gnu
#7 3.920   cpu-checker dbus dbus-bin dbus-daemon dbus-session-bus-common
#7 3.920   dbus-system-bus-common dbus-user-session dconf-gsettings-backend
#7 3.920   dconf-service dmsetup elfutils ethtool file flex fontconfig
#7 3.920   fontconfig-config fonts-dejavu-core fonts-dejavu-mono fonts-lyx g++ g++-13
#7 3.920   g++-13-x86-64-linux-gnu g++-x86-64-linux-gnu gcc gcc-13 gcc-13-base
#7 3.920   gcc-13-x86-64-linux-gnu gcc-x86-64-linux-gnu gir1.2-girepository-2.0
#7 3.920   gir1.2-glib-2.0 git git-man glib-networking glib-networking-common
#7 3.921   glib-networking-services gsettings-desktop-schemas gstreamer1.0-plugins-base
#7 3.921   gstreamer1.0-plugins-good gstreamer1.0-x gtk-update-icon-cache
#7 3.921   hicolor-icon-theme humanity-icon-theme ibverbs-providers iproute2
#7 3.921   iputils-ping ipxe-qemu ipxe-qemu-256k-compat-efi-roms ipython3 iso-codes
#7 3.921   isympy-common isympy3 javascript-common jq kbd keyboard-configuration kmod
#7 3.921   krb5-locales less libaa1 libaio1t64 libaom3 libapparmor1 libargon2-1
#7 3.921   libasan8 libasm1t64 libasound2-data libasound2t64 libasyncns0
#7 3.921   libatk-bridge2.0-0t64 libatk1.0-0t64 libatm1t64 libatomic1 libatspi2.0-0t64
#7 3.921   libavahi-client3 libavahi-common-data libavahi-common3 libavc1394-0
#7 3.921   libbinutils libblas3 libboost-iostreams1.83.0 libboost-thread1.83.0
#7 3.921   libbpf-dev libbpf1 libbrlapi0.8 libbrotli1 libbsd0 libc-dev-bin
#7 3.921   libc-devtools libc6-dev libcaca0 libcacard0 libcairo-gobject2 libcairo2
#7 3.921   libcap-dev libcap2-bin libcbor0.10 libcc1-0 libcdparanoia0 libcolord2
#7 3.921   libcrypt-dev libcryptsetup12 libctf-nobfd0 libctf0 libcups2t64
#7 3.921   libcurl3t64-gnutls libdatrie1 libdaxctl1 libdbus-1-3 libdconf1 libdecor-0-0
#7 3.921   libdecor-0-plugin-1-gtk libdeflate0 libdevmapper1.02.1 libdrm-amdgpu1
#7 3.921   libdrm-common libdrm-intel1 libdrm2 libduktape207 libdv4t64 libdw1t64
#7 3.921   libedit2 libelf-dev libelf1t64 libepoxy0 liberror-perl libexpat1 libfdisk1
#7 3.921   libfdt1 libfido2-1 libfl-dev libfl2 libflac12t64 libfontconfig1 libfreetype6
#7 3.921   libfribidi0 libfuse3-3 libgbm1 libgcc-13-dev libgd3 libgdbm-compat4t64
#7 3.921   libgdbm6t64 libgdk-pixbuf-2.0-0 libgdk-pixbuf2.0-bin libgdk-pixbuf2.0-common
#7 3.921   libgfortran5 libgirepository-1.0-1 libgl1 libgl1-mesa-dri libglib2.0-0t64
#7 3.921   libglib2.0-data libglvnd0 libglx-mesa0 libglx0 libgomp1 libgpm2 libgprofng0
#7 3.921   libgraphite2-3 libgssapi-krb5-2 libgstreamer-plugins-base1.0-0
#7 3.921   libgstreamer-plugins-good1.0-0 libgstreamer1.0-0 libgtk-3-0t64 libgtk-3-bin
#7 3.921   libgtk-3-common libgudev-1.0-0 libharfbuzz0b libheif-plugin-aomdec
#7 3.921   libheif-plugin-aomenc libheif1 libhwasan0 libibverbs1 libicu74 libiec61883-0
#7 3.921   libimagequant0 libiscsi7 libisl23 libitm1 libjack-jackd2-0 libjansson4
#7 3.921   libjbig0 libjpeg-turbo8 libjpeg8 libjq1 libjs-jquery libjs-jquery-ui
#7 3.921   libjson-c5 libk5crypto3 libkeyutils1 libkmod2 libkrb5-3 libkrb5support0
#7 3.921   liblapack3 liblbfgsb0 liblcms2-2 libldap-common libldap2 liblerc4 libllvm20
#7 3.921   liblocale-gettext-perl liblsan0 libmagic-mgc libmagic1t64 libmnl-dev libmnl0
#7 3.921   libmp3lame0 libmpc3 libmpfr6 libmpg123-0t64 libncurses6 libndctl6 libnfs14
#7 3.921   libnghttp2-14 libnl-3-200 libnl-route-3-200 libnspr4 libnss-systemd libnss3
#7 3.921   libnuma1 libogg0 libonig5 libopenjp2-7 libopus0 liborc-0.4-0t64 libpam-cap
#7 3.921   libpam-systemd libpango-1.0-0 libpangocairo-1.0-0 libpangoft2-1.0-0
#7 3.921   libpcap0.8t64 libpciaccess0 libpcsclite1 libperl5.38t64 libpipewire-0.3-0t64
#7 3.921   libpipewire-0.3-common libpixman-1-0 libpkgconf3 libpmem1 libpmemobj1
#7 3.921   libpng16-16t64 libpopt0 libproxy1v5 libpsl5t64 libpulse0 libpython3-stdlib
#7 3.921   libpython3.12-minimal libpython3.12-stdlib libqhull-r8.0 libquadmath0
#7 3.921   librados2 libraqm0 libraw1394-11 librbd1 librdmacm1t64 libreadline8t64
#7 3.921   librsvg2-2 librsvg2-common librtmp1 libsamplerate0 libsasl2-2
#7 3.921   libsasl2-modules libsasl2-modules-db libsdl2-2.0-0 libsensors-config
#7 3.921   libsensors5 libsframe1 libsharpyuv0 libshout3 libslang2 libslirp0
#7 3.921   libsndfile1 libsoup-3.0-0 libsoup-3.0-common libspa-0.2-modules libspeex1
#7 3.921   libspice-server1 libsqlite3-0 libssh-4 libssl-dev libstdc++-13-dev
#7 3.922   libsystemd-shared libtag1v5 libtag1v5-vanilla libtcl8.6 libthai-data
#7 3.922   libthai0 libtheora0 libtiff6 libtk8.6 libtsan2 libtwolame0 libubsan1
#7 3.922   libunwind8 liburing2 libusb-1.0-0 libusbredirparser1t64 libv4l-0t64
#7 3.922   libv4lconvert0t64 libvirglrenderer1 libvisual-0.4-0 libvorbis0a
#7 3.922   libvorbisenc2 libvpx9 libvte-2.91-0 libvte-2.91-common libvulkan1
#7 3.922   libwavpack1 libwayland-client0 libwayland-cursor0 libwayland-egl1 libwebp7
#7 3.922   libwebpdemux2 libwebpmux3 libwebrtc-audio-processing1 libx11-6 libx11-data
#7 3.922   libx11-xcb1 libxau6 libxcb-dri3-0 libxcb-glx0 libxcb-present0 libxcb-randr0
#7 3.922   libxcb-render0 libxcb-shm0 libxcb-sync1 libxcb-xfixes0 libxcb1
#7 3.922   libxcomposite1 libxcursor1 libxdamage1 libxdmcp6 libxext6 libxfixes3 libxft2
#7 3.922   libxi6 libxinerama1 libxkbcommon0 libxml2 libxmuu1 libxpm4 libxrandr2
#7 3.922   libxrender1 libxshmfence1 libxslt1.1 libxss1 libxtables12 libxtst6 libxv1
#7 3.922   libxxf86vm1 libzstd-dev linux-headers-6.8.0-134
#7 3.922   linux-headers-6.8.0-134-generic linux-headers-generic linux-libc-dev m4 make
#7 3.922   manpages manpages-dev media-types mesa-libgallium mesa-vulkan-drivers
#7 3.922   msr-tools musl musl-dev netbase networkd-dispatcher openssh-client openssl
#7 3.922   ovmf patch perl perl-modules-5.38 pkg-config pkgconf pkgconf-bin
#7 3.922   publicsuffix python-matplotlib-data python3 python3-appdirs
#7 3.922   python3-argcomplete python3-asttokens python3-attr python3-brotli
#7 3.922   python3-bs4 python3-certifi python3-cffi-backend python3-chardet
#7 3.922   python3-contourpy python3-cryptography python3-cssselect python3-cycler
#7 3.922   python3-dateutil python3-dbus python3-decorator python3-executing
#7 3.922   python3-fonttools python3-fs python3-gi python3-html5lib python3-idna
#7 3.922   python3-ipython python3-jedi python3-kiwisolver python3-lxml python3-lz4
#7 3.922   python3-matplotlib python3-matplotlib-inline python3-minimal python3-mpmath
#7 3.922   python3-numpy python3-olefile python3-packaging python3-parso
#7 3.922   python3-pexpect python3-pil python3-pil.imagetk python3-pkg-resources
#7 3.922   python3-prompt-toolkit python3-psutil python3-ptyprocess python3-pure-eval
#7 3.922   python3-pygments python3-pyparsing python3-pyroute2 python3-requests
#7 3.922   python3-scapy python3-scipy python3-setuptools python3-six python3-soupsieve
#7 3.922   python3-stack-data python3-sympy python3-tk python3-traitlets
#7 3.922   python3-typeshed python3-tz python3-ufolib2 python3-unicodedata2
#7 3.922   python3-urllib3 python3-wcwidth python3-webencodings python3.12
#7 3.922   python3.12-minimal qemu-block-extra qemu-system-common qemu-system-data
#7 3.922   qemu-system-gui qemu-system-modules-opengl qemu-system-modules-spice
#7 3.922   qemu-system-x86 qemu-utils readline-common rpcsvc-proto rsync seabios
#7 3.922   session-migration shared-mime-info systemd systemd-dev systemd-resolved
#7 3.922   systemd-sysv systemd-timesyncd tk8.6-blt2.5 tzdata ubuntu-mono unicode-data
#7 3.922   virtme-ng x11-common xauth xdg-user-dirs xkb-data zlib1g-dev
#7 3.924 The following packages will be upgraded:
#7 3.924   perl-base
#7 3.973 1 upgraded, 491 newly installed, 0 to remove and 1 not upgraded.
#7 3.973 Need to get 349 MB of archives.
#7 3.973 After this operation, 1511 MB of additional disk space will be used.
#7 3.973 Get:1 http://archive.ubuntu.com/ubuntu noble-updates/main amd64 perl-base amd64 5.38.2-3.2ubuntu0.3 [1827 kB]
#7 4.037 Get:2 http://archive.ubuntu.com/ubuntu noble/main amd64 kbd amd64 2.6.4-2ubuntu2 [241 kB]
#7 4.053 Get:3 http://archive.ubuntu.com/ubuntu noble/main amd64 liblocale-gettext-perl amd64 1.07-6ubuntu5 [15.8 kB]
#7 4.054 Get:4 http://archive.ubuntu.com/ubuntu noble-updates/main amd64 xkb-data all 2.41-2ubuntu1.1 [397 kB]
#7 4.075 Get:5 http://archive.ubuntu.com/ubuntu noble/main amd64 keyboard-configuration all 1.226ubuntu1 [212 kB]
#7 4.079 Get:6 http://archive.ubuntu.com/ubuntu noble/main amd64 console-setup-linux all 1.226ubuntu1 [1880 kB]
#7 4.114 Get:7 http://archive.ubuntu.com/ubuntu noble/main amd64 console-setup all 1.226ubuntu1 [110 kB]
#7 4.133 Get:8 http://archive.ubuntu.com/ubuntu noble-updates/main amd64 libpython3.12-minimal amd64 3.12.3-1ubuntu0.13 [837 kB]
#7 4.159 Get:9 http://archive.ubuntu.com/ubuntu noble-updates/main amd64 libexpat1 amd64 2.6.1-2ubuntu0.4 [88.2 kB]
#7 4.160 Get:10 http://archive.ubuntu.com/ubuntu noble-updates/main amd64 python3.12-minimal amd64 3.12.3-1ubuntu0.13 [2346 kB]
#7 4.184 Get:11 http://archive.ubuntu.com/ubuntu noble-updates/main amd64 python3-minimal amd64 3.12.3-0ubuntu2.1 [27.4 kB]
#7 4.193 Get:12 http://archive.ubuntu.com/ubuntu noble/main amd64 media-types all 10.1.0 [27.5 kB]
#7 4.201 Get:13 http://archive.ubuntu.com/ubuntu noble/main amd64 netbase all 6.4 [13.1 kB]
#7 4.209 Get:14 http://archive.ubuntu.com/ubuntu noble-updates/main amd64 tzdata all 2026a-0ubuntu0.24.04.1 [280 kB]
#7 4.220 Get:15 http://archive.ubuntu.com/ubuntu noble/main amd64 readline-common all 8.2-4build1 [56.5 kB]
#7 4.226 Get:16 http://archive.ubuntu.com/ubuntu noble/main amd64 libreadline8t64 amd64 8.2-4build1 [153 kB]
#7 4.241 Get:17 http://archive.ubuntu.com/ubuntu noble-updates/main amd64 libsqlite3-0 amd64 3.45.1-1ubuntu2.6 [701 kB]
#7 4.264 Get:18 http://archive.ubuntu.com/ubuntu noble-updates/main amd64 libpython3.12-stdlib amd64 3.12.3-1ubuntu0.13 [2068 kB]
#7 4.297 Get:19 http://archive.ubuntu.com/ubuntu noble-updates/main amd64 python3.12 amd64 3.12.3-1ubuntu0.13 [662 kB]
#7 4.312 Get:20 http://archive.ubuntu.com/ubuntu noble-updates/main amd64 libpython3-stdlib amd64 3.12.3-0ubuntu2.1 [10.1 kB]
#7 4.321 Get:21 http://archive.ubuntu.com/ubuntu noble-updates/main amd64 python3 amd64 3.12.3-0ubuntu2.1 [23.0 kB]
#7 4.329 Get:22 http://archive.ubuntu.com/ubuntu noble-updates/main amd64 libapparmor1 amd64 4.0.1really4.0.1-0ubuntu0.24.04.7 [51.3 kB]
#7 4.339 Get:23 http://archive.ubuntu.com/ubuntu noble/main amd64 libargon2-1 amd64 0~20190702+dfsg-4build1 [20.8 kB]
#7 4.348 Get:24 http://archive.ubuntu.com/ubuntu noble-updates/main amd64 libdevmapper1.02.1 amd64 2:1.02.185-3ubuntu3.2 [139 kB]
#7 4.358 Get:25 http://archive.ubuntu.com/ubuntu noble/main amd64 libjson-c5 amd64 0.17-1build1 [35.3 kB]
#7 4.368 Get:26 http://archive.ubuntu.com/ubuntu noble-updates/main amd64 libcryptsetup12 amd64 2:2.7.0-1ubuntu4.2 [266 kB]
#7 4.378 Get:27 http://archive.ubuntu.com/ubuntu noble-updates/main amd64 libfdisk1 amd64 2.39.3-9ubuntu6.5 [146 kB]
#7 4.387 Get:28 http://archive.ubuntu.com/ubuntu noble-updates/main amd64 libkmod2 amd64 31+20240202-2ubuntu7.2 [51.8 kB]
#7 4.395 Get:29 http://archive.ubuntu.com/ubuntu noble-updates/main amd64 libsystemd-shared amd64 255.4-1ubuntu8.16 [2076 kB]
#7 4.436 Get:30 http://archive.ubuntu.com/ubuntu noble-updates/main amd64 systemd-dev all 255.4-1ubuntu8.16 [106 kB]
#7 4.446 Get:31 http://archive.ubuntu.com/ubuntu noble-updates/main amd64 systemd amd64 255.4-1ubuntu8.16 [3475 kB]
#7 4.506 Get:32 http://archive.ubuntu.com/ubuntu noble-updates/main amd64 systemd-sysv amd64 255.4-1ubuntu8.16 [11.9 kB]
#7 4.510 Get:33 http://archive.ubuntu.com/ubuntu noble/main amd64 libpopt0 amd64 1.19+dfsg-1build1 [28.6 kB]
#7 4.519 Get:34 http://archive.ubuntu.com/ubuntu noble-updates/main amd64 rsync amd64 3.2.7-1ubuntu1.5 [443 kB]
#7 4.532 Get:35 http://archive.ubuntu.com/ubuntu noble/main amd64 m4 amd64 1.4.19-4build1 [244 kB]
#7 4.539 Get:36 http://archive.ubuntu.com/ubuntu noble/main amd64 flex amd64 2.6.4-8.2build1 [301 kB]
#7 4.551 Get:37 http://archive.ubuntu.com/ubuntu noble-updates/main amd64 perl-modules-5.38 all 5.38.2-3.2ubuntu0.3 [3110 kB]
#7 4.612 Get:38 http://archive.ubuntu.com/ubuntu noble/main amd64 libgdbm6t64 amd64 1.23-5.1build1 [34.4 kB]
#7 4.618 Get:39 http://archive.ubuntu.com/ubuntu noble/main amd64 libgdbm-compat4t64 amd64 1.23-5.1build1 [6710 B]
#7 4.626 Get:40 http://archive.ubuntu.com/ubuntu noble-updates/main amd64 libperl5.38t64 amd64 5.38.2-3.2ubuntu0.3 [4876 kB]
#7 4.715 Get:41 http://archive.ubuntu.com/ubuntu noble-updates/main amd64 perl amd64 5.38.2-3.2ubuntu0.3 [231 kB]
#7 4.721 Get:42 http://archive.ubuntu.com/ubuntu noble/main amd64 adduser all 3.137ubuntu1 [101 kB]
#7 4.730 Get:43 http://archive.ubuntu.com/ubuntu noble-updates/main amd64 openssl amd64 3.0.13-0ubuntu3.11 [1003 kB]
#7 4.750 Get:44 http://archive.ubuntu.com/ubuntu noble-updates/main amd64 ca-certificates all 20260601~24.04.1 [139 kB]
#7 4.779 Get:45 http://archive.ubuntu.com/ubuntu noble-updates/main amd64 libdbus-1-3 amd64 1.14.10-4ubuntu4.1 [210 kB]
#7 4.803 Get:46 http://archive.ubuntu.com/ubuntu noble-updates/main amd64 dbus-bin amd64 1.14.10-4ubuntu4.1 [39.3 kB]
#7 4.806 Get:47 http://archive.ubuntu.com/ubuntu noble-updates/main amd64 dbus-session-bus-common all 1.14.10-4ubuntu4.1 [80.5 kB]
#7 4.814 Get:48 http://archive.ubuntu.com/ubuntu noble-updates/main amd64 dbus-daemon amd64 1.14.10-4ubuntu4.1 [118 kB]
#7 4.826 Get:49 http://archive.ubuntu.com/ubuntu noble-updates/main amd64 dbus-system-bus-common all 1.14.10-4ubuntu4.1 [81.6 kB]
#7 4.834 Get:50 http://archive.ubuntu.com/ubuntu noble-updates/main amd64 dbus amd64 1.14.10-4ubuntu4.1 [24.3 kB]
#7 4.841 Get:51 http://archive.ubuntu.com/ubuntu noble-updates/main amd64 libpam-systemd amd64 255.4-1ubuntu8.16 [235 kB]
#7 4.851 Get:52 http://archive.ubuntu.com/ubuntu noble-updates/main amd64 dbus-user-session amd64 1.14.10-4ubuntu4.1 [9968 B]
#7 4.858 Get:53 http://archive.ubuntu.com/ubuntu noble-updates/main amd64 dmsetup amd64 2:1.02.185-3ubuntu3.2 [79.2 kB]
#7 4.868 Get:54 http://archive.ubuntu.com/ubuntu noble-updates/main amd64 libglib2.0-0t64 amd64 2.80.0-6ubuntu3.8 [1545 kB]
#7 4.935 Get:55 http://archive.ubuntu.com/ubuntu noble-updates/main amd64 gir1.2-glib-2.0 amd64 2.80.0-6ubuntu3.8 [183 kB]
#7 4.944 Get:56 http://archive.ubuntu.com/ubuntu noble/main amd64 libgirepository-1.0-1 amd64 1.80.1-1 [81.9 kB]
#7 4.954 Get:57 http://archive.ubuntu.com/ubuntu noble/main amd64 gir1.2-girepository-2.0 amd64 1.80.1-1 [24.5 kB]
#7 4.963 Get:58 http://archive.ubuntu.com/ubuntu noble-updates/main amd64 libelf1t64 amd64 0.190-1.1ubuntu0.1 [57.8 kB]
#7 4.971 Get:59 http://archive.ubuntu.com/ubuntu noble/main amd64 libbpf1 amd64 1:1.3.0-2build2 [166 kB]
#7 4.980 Get:60 http://archive.ubuntu.com/ubuntu noble/main amd64 libmnl0 amd64 1.0.5-2build1 [12.3 kB]
#7 4.988 Get:61 http://archive.ubuntu.com/ubuntu noble/main amd64 libxtables12 amd64 1.8.10-3ubuntu2 [35.7 kB]
#7 4.997 Get:62 http://archive.ubuntu.com/ubuntu noble-updates/main amd64 libcap2-bin amd64 1:2.66-5ubuntu2.4 [34.1 kB]
#7 5.006 Get:63 http://archive.ubuntu.com/ubuntu noble-updates/main amd64 iproute2 amd64 6.1.0-1ubuntu6.4 [1120 kB]
#7 5.053 Get:64 http://archive.ubuntu.com/ubuntu noble-updates/main amd64 iputils-ping amd64 3:20240117-1ubuntu0.1 [44.6 kB]
#7 5.061 Get:65 http://archive.ubuntu.com/ubuntu noble/main amd64 iso-codes all 4.16.0-1 [3492 kB]
#7 5.171 Get:66 http://archive.ubuntu.com/ubuntu noble-updates/main amd64 kmod amd64 31+20240202-2ubuntu7.2 [102 kB]
#7 5.186 Get:67 http://archive.ubuntu.com/ubuntu noble-updates/main amd64 krb5-locales all 1.20.1-6ubuntu2.6 [14.8 kB]
#7 5.188 Get:68 http://archive.ubuntu.com/ubuntu noble-updates/main amd64 less amd64 590-2ubuntu2.1 [142 kB]
#7 5.198 Get:69 http://archive.ubuntu.com/ubuntu noble/main amd64 libatm1t64 amd64 1:2.5.1-5.1build1 [22.9 kB]
#7 5.206 Get:70 http://archive.ubuntu.com/ubuntu noble-updates/main amd64 libbsd0 amd64 0.12.1-1build1.1 [41.2 kB]
#7 5.213 Get:71 http://archive.ubuntu.com/ubuntu noble/main amd64 libfribidi0 amd64 1.0.13-3build1 [26.1 kB]
#7 5.222 Get:72 http://archive.ubuntu.com/ubuntu noble-updates/main amd64 libglib2.0-data all 2.80.0-6ubuntu3.8 [49.6 kB]
#7 5.230 Get:73 http://archive.ubuntu.com/ubuntu noble-updates/main amd64 libkrb5support0 amd64 1.20.1-6ubuntu2.6 [34.4 kB]
#7 5.239 Get:74 http://archive.ubuntu.com/ubuntu noble-updates/main amd64 libk5crypto3 amd64 1.20.1-6ubuntu2.6 [82.0 kB]
#7 5.248 Get:75 http://archive.ubuntu.com/ubuntu noble/main amd64 libkeyutils1 amd64 1.6.3-3build1 [9490 B]
#7 5.257 Get:76 http://archive.ubuntu.com/ubuntu noble-updates/main amd64 libkrb5-3 amd64 1.20.1-6ubuntu2.6 [348 kB]
#7 5.270 Get:77 http://archive.ubuntu.com/ubuntu noble-updates/main amd64 libgssapi-krb5-2 amd64 1.20.1-6ubuntu2.6 [143 kB]
#7 5.280 Get:78 http://archive.ubuntu.com/ubuntu noble-updates/main amd64 libicu74 amd64 74.2-1ubuntu3.1 [10.9 MB]
#7 5.486 Get:79 http://archive.ubuntu.com/ubuntu noble-updates/main amd64 libnss-systemd amd64 255.4-1ubuntu8.16 [159 kB]
#7 5.490 Get:80 http://archive.ubuntu.com/ubuntu noble-updates/main amd64 libpam-cap amd64 1:2.66-5ubuntu2.4 [12.5 kB]
#7 5.496 Get:81 http://archive.ubuntu.com/ubuntu noble/main amd64 libslang2 amd64 2.3.3-3build2 [506 kB]
#7 5.514 Get:82 http://archive.ubuntu.com/ubuntu noble-updates/main amd64 libxml2 amd64 2.9.14+dfsg-1.3ubuntu3.8 [764 kB]
#7 5.527 Get:83 http://archive.ubuntu.com/ubuntu noble/main amd64 python3-dbus amd64 1.3.2-5build3 [100 kB]
#7 5.536 Get:84 http://archive.ubuntu.com/ubuntu noble/main amd64 python3-gi amd64 3.48.2-1 [232 kB]
#7 5.553 Get:85 http://archive.ubuntu.com/ubuntu noble/main amd64 networkd-dispatcher all 2.2.4-1 [15.5 kB]
#7 5.553 Get:86 http://archive.ubuntu.com/ubuntu noble/main amd64 python3-cffi-backend amd64 1.16.0-2build1 [77.3 kB]
#7 5.557 Get:87 http://archive.ubuntu.com/ubuntu noble-updates/main amd64 python3-pkg-resources all 68.1.2-2ubuntu1.2 [168 kB]
#7 5.571 Get:88 http://archive.ubuntu.com/ubuntu noble/main amd64 python3-pygments all 2.17.2+dfsg-1 [819 kB]
#7 5.592 Get:89 http://archive.ubuntu.com/ubuntu noble/main amd64 shared-mime-info amd64 2.4-4 [474 kB]
#7 5.602 Get:90 http://archive.ubuntu.com/ubuntu noble-updates/main amd64 systemd-resolved amd64 255.4-1ubuntu8.16 [296 kB]
#7 5.607 Get:91 http://archive.ubuntu.com/ubuntu noble-updates/main amd64 systemd-timesyncd amd64 255.4-1ubuntu8.16 [35.3 kB]
#7 5.615 Get:92 http://archive.ubuntu.com/ubuntu noble/main amd64 xdg-user-dirs amd64 0.18-1build1 [18.4 kB]
#7 5.623 Get:93 http://archive.ubuntu.com/ubuntu noble/main amd64 ethtool amd64 1:6.7-1build1 [229 kB]
#7 5.633 Get:94 http://archive.ubuntu.com/ubuntu noble/main amd64 libmagic-mgc amd64 1:5.45-3build1 [307 kB]
#7 5.656 Get:95 http://archive.ubuntu.com/ubuntu noble/main amd64 libmagic1t64 amd64 1:5.45-3build1 [87.2 kB]
#7 5.658 Get:96 http://archive.ubuntu.com/ubuntu noble/main amd64 file amd64 1:5.45-3build1 [22.0 kB]
#7 5.669 Get:97 http://archive.ubuntu.com/ubuntu noble-updates/main amd64 libnl-3-200 amd64 3.7.0-0.3build1.1 [55.7 kB]
#7 5.678 Get:98 http://archive.ubuntu.com/ubuntu noble-updates/main amd64 libnl-route-3-200 amd64 3.7.0-0.3build1.1 [189 kB]
#7 5.691 Get:99 http://archive.ubuntu.com/ubuntu noble-updates/main amd64 libibverbs1 amd64 50.0-2ubuntu0.2 [68.0 kB]
#7 5.704 Get:100 http://archive.ubuntu.com/ubuntu noble-updates/main amd64 ibverbs-providers amd64 50.0-2ubuntu0.2 [381 kB]
#7 5.720 Get:101 http://archive.ubuntu.com/ubuntu noble/main amd64 libcbor0.10 amd64 0.10.2-1.2ubuntu2 [25.8 kB]
#7 5.729 Get:102 http://archive.ubuntu.com/ubuntu noble-updates/main amd64 libdrm-common all 2.4.125-1ubuntu0.1~24.04.2 [9250 B]
#7 5.737 Get:103 http://archive.ubuntu.com/ubuntu noble-updates/main amd64 libdrm2 amd64 2.4.125-1ubuntu0.1~24.04.2 [41.4 kB]
#7 5.745 Get:104 http://archive.ubuntu.com/ubuntu noble/main amd64 libedit2 amd64 3.1-20230828-1build1 [97.6 kB]
#7 5.753 Get:105 http://archive.ubuntu.com/ubuntu noble/main amd64 libfido2-1 amd64 1.14.0-1build3 [83.5 kB]
#7 5.761 Get:106 http://archive.ubuntu.com/ubuntu noble/main amd64 libfuse3-3 amd64 3.14.0-5build1 [83.1 kB]
#7 5.769 Get:107 http://archive.ubuntu.com/ubuntu noble/main amd64 libgpm2 amd64 1.20.7-11 [14.1 kB]
#7 5.777 Get:108 http://archive.ubuntu.com/ubuntu noble/main amd64 libjansson4 amd64 2.14-2build2 [32.8 kB]
#7 5.787 Get:109 http://archive.ubuntu.com/ubuntu noble/main amd64 libncurses6 amd64 6.4+20240113-1ubuntu2 [112 kB]
#7 5.796 Get:110 http://archive.ubuntu.com/ubuntu noble-updates/main amd64 libnghttp2-14 amd64 1.59.0-1ubuntu0.3 [74.4 kB]
#7 5.805 Get:111 http://archive.ubuntu.com/ubuntu noble-updates/main amd64 libnuma1 amd64 2.0.18-1ubuntu0.24.04.1 [23.4 kB]
#7 5.813 Get:112 http://archive.ubuntu.com/ubuntu noble/main amd64 libpcap0.8t64 amd64 1.10.4-4.1ubuntu3 [151 kB]
#7 5.820 Get:113 http://archive.ubuntu.com/ubuntu noble-updates/main amd64 libpng16-16t64 amd64 1.6.43-5ubuntu0.6 [189 kB]
#7 5.830 Get:114 http://archive.ubuntu.com/ubuntu noble/main amd64 libpsl5t64 amd64 0.21.2-1.1build1 [57.1 kB]
#7 5.838 Get:115 http://archive.ubuntu.com/ubuntu noble/main amd64 libsensors-config all 1:3.6.0-9build1 [5546 B]
#7 5.846 Get:116 http://archive.ubuntu.com/ubuntu noble/main amd64 libsensors5 amd64 1:3.6.0-9build1 [26.6 kB]
#7 5.855 Get:117 http://archive.ubuntu.com/ubuntu noble/main amd64 libusb-1.0-0 amd64 2:1.0.27-1 [54.0 kB]
#7 5.864 Get:118 http://archive.ubuntu.com/ubuntu noble/main amd64 libxau6 amd64 1:1.0.9-1build6 [7160 B]
#7 5.873 Get:119 http://archive.ubuntu.com/ubuntu noble/main amd64 libxdmcp6 amd64 1:1.1.3-0ubuntu6 [10.3 kB]
#7 5.882 Get:120 http://archive.ubuntu.com/ubuntu noble/main amd64 libxcb1 amd64 1.15-1ubuntu2 [47.7 kB]
#7 5.892 Get:121 http://archive.ubuntu.com/ubuntu noble/main amd64 libx11-data all 2:1.8.7-1build1 [115 kB]
#7 5.902 Get:122 http://archive.ubuntu.com/ubuntu noble/main amd64 libx11-6 amd64 2:1.8.7-1build1 [650 kB]
#7 5.923 Get:123 http://archive.ubuntu.com/ubuntu noble/main amd64 libxext6 amd64 2:1.3.4-1build2 [30.4 kB]
#7 5.932 Get:124 http://archive.ubuntu.com/ubuntu noble/main amd64 libxkbcommon0 amd64 1.6.0-1build1 [122 kB]
#7 5.941 Get:125 http://archive.ubuntu.com/ubuntu noble/main amd64 libxmuu1 amd64 2:1.1.3-3build2 [8958 B]
#7 5.950 Get:126 http://archive.ubuntu.com/ubuntu noble/main amd64 manpages all 6.7-2 [1384 kB]
#7 5.993 Get:127 http://archive.ubuntu.com/ubuntu noble-updates/main amd64 openssh-client amd64 1:9.6p1-3ubuntu13.16 [907 kB]
#7 6.015 Get:128 http://archive.ubuntu.com/ubuntu noble/main amd64 publicsuffix all 20231001.0357-0.1 [129 kB]
#7 6.024 Get:129 http://archive.ubuntu.com/ubuntu noble/main amd64 xauth amd64 1:1.1.2-1build1 [25.6 kB]
#7 6.033 Get:130 http://archive.ubuntu.com/ubuntu noble-updates/main amd64 acl amd64 2.3.2-1build1.1 [39.4 kB]
#7 6.045 Get:131 http://archive.ubuntu.com/ubuntu noble-updates/main amd64 libgdk-pixbuf2.0-common all 2.42.10+dfsg-3ubuntu3.3 [8302 B]
#7 6.054 Get:132 http://archive.ubuntu.com/ubuntu noble/main amd64 libjpeg-turbo8 amd64 2.1.5-2ubuntu2 [150 kB]
#7 6.065 Get:133 http://archive.ubuntu.com/ubuntu noble/main amd64 libjpeg8 amd64 8c-2ubuntu11 [2148 B]
#7 6.074 Get:134 http://archive.ubuntu.com/ubuntu noble-updates/main amd64 libdeflate0 amd64 1.19-1build1.1 [43.9 kB]
#7 6.081 Get:135 http://archive.ubuntu.com/ubuntu noble/main amd64 libjbig0 amd64 2.1-6.1ubuntu2 [29.7 kB]
#7 6.091 Get:136 http://archive.ubuntu.com/ubuntu noble/main amd64 liblerc4 amd64 4.0.0+ds-4ubuntu2 [179 kB]
#7 6.100 Get:137 http://archive.ubuntu.com/ubuntu noble/main amd64 libsharpyuv0 amd64 1.3.2-0.4build3 [15.8 kB]
#7 6.111 Get:138 http://archive.ubuntu.com/ubuntu noble/main amd64 libwebp7 amd64 1.3.2-0.4build3 [230 kB]
#7 6.120 Get:139 http://archive.ubuntu.com/ubuntu noble-updates/main amd64 libtiff6 amd64 4.5.1+git230720-4ubuntu2.5 [200 kB]
#7 6.133 Get:140 http://archive.ubuntu.com/ubuntu noble-updates/main amd64 libgdk-pixbuf-2.0-0 amd64 2.42.10+dfsg-3ubuntu3.3 [147 kB]
#7 6.143 Get:141 http://archive.ubuntu.com/ubuntu noble-updates/main amd64 gtk-update-icon-cache amd64 3.24.41-4ubuntu1.3 [51.9 kB]
#7 6.155 Get:142 http://archive.ubuntu.com/ubuntu noble/main amd64 hicolor-icon-theme all 0.17-2 [9976 B]
#7 6.167 Get:143 http://archive.ubuntu.com/ubuntu noble/main amd64 humanity-icon-theme all 0.6.16 [1282 kB]
#7 6.204 Get:144 http://archive.ubuntu.com/ubuntu noble/main amd64 ubuntu-mono all 24.04-0ubuntu1 [151 kB]
#7 6.218 Get:145 http://archive.ubuntu.com/ubuntu noble/main amd64 adwaita-icon-theme all 46.0-1 [723 kB]
#7 6.240 Get:146 http://archive.ubuntu.com/ubuntu noble/main amd64 alsa-topology-conf all 1.2.5.1-2 [15.5 kB]
#7 6.251 Get:147 http://archive.ubuntu.com/ubuntu noble-updates/main amd64 libasound2-data all 1.2.11-1ubuntu0.2 [21.3 kB]
#7 6.261 Get:148 http://archive.ubuntu.com/ubuntu noble-updates/main amd64 libasound2t64 amd64 1.2.11-1ubuntu0.2 [398 kB]
#7 6.278 Get:149 http://archive.ubuntu.com/ubuntu noble-updates/main amd64 alsa-ucm-conf all 1.2.10-1ubuntu5.11 [69.3 kB]
#7 6.289 Get:150 http://archive.ubuntu.com/ubuntu noble/main amd64 at-spi2-common all 2.52.0-1build1 [8674 B]
#7 6.298 Get:151 http://archive.ubuntu.com/ubuntu noble/main amd64 libxi6 amd64 2:1.8.1-1build1 [32.4 kB]
#7 6.310 Get:152 http://archive.ubuntu.com/ubuntu noble/main amd64 libatspi2.0-0t64 amd64 2.52.0-1build1 [80.5 kB]
#7 6.320 Get:153 http://archive.ubuntu.com/ubuntu noble/main amd64 x11-common all 1:7.7+23ubuntu3 [21.7 kB]
#7 6.329 Get:154 http://archive.ubuntu.com/ubuntu noble/main amd64 libxtst6 amd64 2:1.2.3-1.1build1 [12.6 kB]
#7 6.339 Get:155 http://archive.ubuntu.com/ubuntu noble-updates/main amd64 libdconf1 amd64 0.40.0-4ubuntu0.1 [39.6 kB]
#7 6.353 Get:156 http://archive.ubuntu.com/ubuntu noble-updates/main amd64 dconf-service amd64 0.40.0-4ubuntu0.1 [27.6 kB]
#7 6.362 Get:157 http://archive.ubuntu.com/ubuntu noble-updates/main amd64 dconf-gsettings-backend amd64 0.40.0-4ubuntu0.1 [22.1 kB]
#7 6.372 Get:158 http://archive.ubuntu.com/ubuntu noble/main amd64 session-migration amd64 0.3.9build1 [9034 B]
#7 6.381 Get:159 http://archive.ubuntu.com/ubuntu noble-updates/main amd64 gsettings-desktop-schemas all 46.1-0ubuntu1 [35.6 kB]
#7 6.391 Get:160 http://archive.ubuntu.com/ubuntu noble/main amd64 at-spi2-core amd64 2.52.0-1build1 [56.6 kB]
#7 6.402 Get:161 http://archive.ubuntu.com/ubuntu noble/main amd64 bc amd64 1.07.1-3ubuntu4 [85.3 kB]
#7 6.411 Get:162 http://archive.ubuntu.com/ubuntu noble-updates/main amd64 binutils-common amd64 2.42-4ubuntu2.10 [240 kB]
#7 6.418 Get:163 http://archive.ubuntu.com/ubuntu noble-updates/main amd64 libsframe1 amd64 2.42-4ubuntu2.10 [15.7 kB]
#7 6.426 Get:164 http://archive.ubuntu.com/ubuntu noble-updates/main amd64 libbinutils amd64 2.42-4ubuntu2.10 [577 kB]
#7 6.448 Get:165 http://archive.ubuntu.com/ubuntu noble-updates/main amd64 libctf-nobfd0 amd64 2.42-4ubuntu2.10 [98.0 kB]
#7 6.449 Get:166 http://archive.ubuntu.com/ubuntu noble-updates/main amd64 libctf0 amd64 2.42-4ubuntu2.10 [94.5 kB]
#7 6.460 Get:167 http://archive.ubuntu.com/ubuntu noble-updates/main amd64 libgprofng0 amd64 2.42-4ubuntu2.10 [849 kB]
#7 6.485 Get:168 http://archive.ubuntu.com/ubuntu noble-updates/main amd64 binutils-x86-64-linux-gnu amd64 2.42-4ubuntu2.10 [2463 kB]
#7 6.532 Get:169 http://archive.ubuntu.com/ubuntu noble-updates/main amd64 binutils amd64 2.42-4ubuntu2.10 [18.2 kB]
#7 6.541 Get:170 http://archive.ubuntu.com/ubuntu noble/main amd64 bison amd64 2:3.8.2+dfsg-1build2 [749 kB]
#7 6.564 Get:171 http://archive.ubuntu.com/ubuntu noble/main amd64 libtcl8.6 amd64 8.6.14+dfsg-1build1 [988 kB]
#7 6.583 Get:172 http://archive.ubuntu.com/ubuntu noble/main amd64 libbrotli1 amd64 1.1.0-2build2 [331 kB]
#7 6.597 Get:173 http://archive.ubuntu.com/ubuntu noble-updates/main amd64 libfreetype6 amd64 2.13.2+dfsg-1ubuntu0.1 [402 kB]
#7 6.604 Get:174 http://archive.ubuntu.com/ubuntu noble/main amd64 fonts-dejavu-mono all 2.37-8 [502 kB]
#7 6.619 Get:175 http://archive.ubuntu.com/ubuntu noble/main amd64 fonts-dejavu-core all 2.37-8 [835 kB]
#7 6.635 Get:176 http://archive.ubuntu.com/ubuntu noble/main amd64 fontconfig-config amd64 2.15.0-1.1ubuntu2 [37.3 kB]
#7 6.638 Get:177 http://archive.ubuntu.com/ubuntu noble/main amd64 libfontconfig1 amd64 2.15.0-1.1ubuntu2 [139 kB]
#7 6.662 Get:178 http://archive.ubuntu.com/ubuntu noble/main amd64 libxrender1 amd64 1:0.9.10-1.1build1 [19.0 kB]
#7 6.669 Get:179 http://archive.ubuntu.com/ubuntu noble/main amd64 libxft2 amd64 2.3.6-1build1 [45.3 kB]
#7 6.669 Get:180 http://archive.ubuntu.com/ubuntu noble/main amd64 libxss1 amd64 1:1.2.3-1build3 [7204 B]
#7 6.677 Get:181 http://archive.ubuntu.com/ubuntu noble/main amd64 libtk8.6 amd64 8.6.14-1build1 [779 kB]
#7 6.697 Get:182 http://archive.ubuntu.com/ubuntu noble/main amd64 tk8.6-blt2.5 amd64 2.5.3+dfsg-7build1 [630 kB]
#7 6.712 Get:183 http://archive.ubuntu.com/ubuntu noble/main amd64 blt amd64 2.5.3+dfsg-7build1 [4840 B]
#7 6.720 Get:184 http://archive.ubuntu.com/ubuntu noble-updates/main amd64 gcc-13-base amd64 13.3.0-6ubuntu2~24.04.1 [51.6 kB]
#7 6.729 Get:185 http://archive.ubuntu.com/ubuntu noble-updates/main amd64 libisl23 amd64 0.26-3build1.1 [680 kB]
#7 6.744 Get:186 http://archive.ubuntu.com/ubuntu noble-updates/main amd64 libmpfr6 amd64 4.2.1-1build1.1 [353 kB]
#7 6.762 Get:187 http://archive.ubuntu.com/ubuntu noble-updates/main amd64 libmpc3 amd64 1.3.1-1build1.1 [54.6 kB]
#7 6.762 Get:188 http://archive.ubuntu.com/ubuntu noble-updates/main amd64 cpp-13-x86-64-linux-gnu amd64 13.3.0-6ubuntu2~24.04.1 [10.7 MB]
#7 6.956 Get:189 http://archive.ubuntu.com/ubuntu noble-updates/main amd64 cpp-13 amd64 13.3.0-6ubuntu2~24.04.1 [1042 B]
#7 6.966 Get:190 http://archive.ubuntu.com/ubuntu noble/main amd64 cpp-x86-64-linux-gnu amd64 4:13.2.0-7ubuntu1 [5326 B]
#7 6.974 Get:191 http://archive.ubuntu.com/ubuntu noble/main amd64 cpp amd64 4:13.2.0-7ubuntu1 [22.4 kB]
#7 6.982 Get:192 http://archive.ubuntu.com/ubuntu noble/main amd64 msr-tools amd64 1.3-5build1 [9610 B]
#7 6.991 Get:193 http://archive.ubuntu.com/ubuntu noble/main amd64 cpu-checker amd64 0.7-1.3build2 [6148 B]
#7 6.999 Get:194 http://archive.ubuntu.com/ubuntu noble-updates/main amd64 libdw1t64 amd64 0.190-1.1ubuntu0.1 [261 kB]
#7 7.015 Get:195 http://archive.ubuntu.com/ubuntu noble-updates/main amd64 libasm1t64 amd64 0.190-1.1ubuntu0.1 [17.5 kB]
#7 7.022 Get:196 http://archive.ubuntu.com/ubuntu noble-updates/main amd64 elfutils amd64 0.190-1.1ubuntu0.1 [525 kB]
#7 7.040 Get:197 http://archive.ubuntu.com/ubuntu noble/main amd64 fontconfig amd64 2.15.0-1.1ubuntu2 [180 kB]
#7 7.049 Get:198 http://archive.ubuntu.com/ubuntu noble/universe amd64 fonts-lyx all 2.4.0~RC3-1build4 [171 kB]
#7 7.064 Get:199 http://archive.ubuntu.com/ubuntu noble-updates/main amd64 libcc1-0 amd64 14.2.0-4ubuntu2~24.04.1 [48.0 kB]
#7 7.067 Get:200 http://archive.ubuntu.com/ubuntu noble-updates/main amd64 libgomp1 amd64 14.2.0-4ubuntu2~24.04.1 [148 kB]
#7 7.085 Get:201 http://archive.ubuntu.com/ubuntu noble-updates/main amd64 libitm1 amd64 14.2.0-4ubuntu2~24.04.1 [29.7 kB]
#7 7.090 Get:202 http://archive.ubuntu.com/ubuntu noble-updates/main amd64 libatomic1 amd64 14.2.0-4ubuntu2~24.04.1 [10.5 kB]
#7 7.102 Get:203 http://archive.ubuntu.com/ubuntu noble-updates/main amd64 libasan8 amd64 14.2.0-4ubuntu2~24.04.1 [3027 kB]
#7 7.160 Get:204 http://archive.ubuntu.com/ubuntu noble-updates/main amd64 liblsan0 amd64 14.2.0-4ubuntu2~24.04.1 [1322 kB]
#7 7.186 Get:205 http://archive.ubuntu.com/ubuntu noble-updates/main amd64 libtsan2 amd64 14.2.0-4ubuntu2~24.04.1 [2772 kB]
#7 7.241 Get:206 http://archive.ubuntu.com/ubuntu noble-updates/main amd64 libubsan1 amd64 14.2.0-4ubuntu2~24.04.1 [1184 kB]
#7 7.266 Get:207 http://archive.ubuntu.com/ubuntu noble-updates/main amd64 libhwasan0 amd64 14.2.0-4ubuntu2~24.04.1 [1641 kB]
#7 7.297 Get:208 http://archive.ubuntu.com/ubuntu noble-updates/main amd64 libquadmath0 amd64 14.2.0-4ubuntu2~24.04.1 [153 kB]
#7 7.314 Get:209 http://archive.ubuntu.com/ubuntu noble-updates/main amd64 libgcc-13-dev amd64 13.3.0-6ubuntu2~24.04.1 [2681 kB]
#7 7.372 Get:210 http://archive.ubuntu.com/ubuntu noble-updates/main amd64 gcc-13-x86-64-linux-gnu amd64 13.3.0-6ubuntu2~24.04.1 [21.1 MB]
#7 7.699 Get:211 http://archive.ubuntu.com/ubuntu noble-updates/main amd64 gcc-13 amd64 13.3.0-6ubuntu2~24.04.1 [494 kB]
#7 7.710 Get:212 http://archive.ubuntu.com/ubuntu noble/main amd64 gcc-x86-64-linux-gnu amd64 4:13.2.0-7ubuntu1 [1212 B]
#7 7.717 Get:213 http://archive.ubuntu.com/ubuntu noble/main amd64 gcc amd64 4:13.2.0-7ubuntu1 [5018 B]
#7 7.727 Get:214 http://archive.ubuntu.com/ubuntu noble-updates/main amd64 libc-dev-bin amd64 2.39-0ubuntu8.7 [20.4 kB]
#7 7.735 Get:215 http://archive.ubuntu.com/ubuntu noble-updates/main amd64 linux-libc-dev amd64 6.8.0-134.134 [1464 kB]
#7 7.763 Get:216 http://archive.ubuntu.com/ubuntu noble/main amd64 libcrypt-dev amd64 1:4.4.36-4build1 [112 kB]
#7 7.779 Get:217 http://archive.ubuntu.com/ubuntu noble/main amd64 rpcsvc-proto amd64 1.4.2-0ubuntu7 [67.4 kB]
#7 7.780 Get:218 http://archive.ubuntu.com/ubuntu noble-updates/main amd64 libc6-dev amd64 2.39-0ubuntu8.7 [2124 kB]
#7 7.830 Get:219 http://archive.ubuntu.com/ubuntu noble-updates/main amd64 libstdc++-13-dev amd64 13.3.0-6ubuntu2~24.04.1 [2420 kB]
#7 7.870 Get:220 http://archive.ubuntu.com/ubuntu noble-updates/main amd64 g++-13-x86-64-linux-gnu amd64 13.3.0-6ubuntu2~24.04.1 [12.2 MB]
#7 8.060 Get:221 http://archive.ubuntu.com/ubuntu noble-updates/main amd64 g++-13 amd64 13.3.0-6ubuntu2~24.04.1 [16.0 kB]
#7 8.065 Get:222 http://archive.ubuntu.com/ubuntu noble/main amd64 g++-x86-64-linux-gnu amd64 4:13.2.0-7ubuntu1 [964 B]
#7 8.073 Get:223 http://archive.ubuntu.com/ubuntu noble/main amd64 g++ amd64 4:13.2.0-7ubuntu1 [1100 B]
#7 8.082 Get:224 http://archive.ubuntu.com/ubuntu noble-updates/main amd64 libsasl2-modules-db amd64 2.1.28+dfsg1-5ubuntu3.1 [20.4 kB]
#7 8.093 Get:225 http://archive.ubuntu.com/ubuntu noble-updates/main amd64 libsasl2-2 amd64 2.1.28+dfsg1-5ubuntu3.1 [53.2 kB]
#7 8.106 Get:226 http://archive.ubuntu.com/ubuntu noble-updates/main amd64 libldap2 amd64 2.6.10+dfsg-0ubuntu0.24.04.1 [198 kB]
#7 8.126 Get:227 http://archive.ubuntu.com/ubuntu noble/main amd64 librtmp1 amd64 2.4+20151223.gitfa8646d.1-2build7 [56.3 kB]
#7 8.128 Get:228 http://archive.ubuntu.com/ubuntu noble-updates/main amd64 libssh-4 amd64 0.10.6-2ubuntu0.4 [190 kB]
#7 8.144 Get:229 http://archive.ubuntu.com/ubuntu noble-updates/main amd64 libcurl3t64-gnutls amd64 8.5.0-2ubuntu10.10 [335 kB]
#7 8.148 Get:230 http://archive.ubuntu.com/ubuntu noble/main amd64 liberror-perl all 0.17029-2 [25.6 kB]
#7 8.156 Get:231 http://archive.ubuntu.com/ubuntu noble-updates/main amd64 git-man all 1:2.43.0-1ubuntu7.3 [1100 kB]
#7 8.178 Get:232 http://archive.ubuntu.com/ubuntu noble-updates/main amd64 git amd64 1:2.43.0-1ubuntu7.3 [3680 kB]
#7 8.249 Get:233 http://archive.ubuntu.com/ubuntu noble/main amd64 libduktape207 amd64 2.7.0+tests-0ubuntu3 [143 kB]
#7 8.259 Get:234 http://archive.ubuntu.com/ubuntu noble/main amd64 libproxy1v5 amd64 0.5.4-4build1 [26.5 kB]
#7 8.265 Get:235 http://archive.ubuntu.com/ubuntu noble/main amd64 glib-networking-common all 2.80.0-1build1 [6702 B]
#7 8.273 Get:236 http://archive.ubuntu.com/ubuntu noble/main amd64 glib-networking-services amd64 2.80.0-1build1 [12.8 kB]
#7 8.282 Get:237 http://archive.ubuntu.com/ubuntu noble/main amd64 glib-networking amd64 2.80.0-1build1 [64.1 kB]
#7 8.300 Get:238 http://archive.ubuntu.com/ubuntu noble/main amd64 libcdparanoia0 amd64 3.10.2+debian-14build3 [48.5 kB]
#7 8.302 Get:239 http://archive.ubuntu.com/ubuntu noble-updates/main amd64 libunwind8 amd64 1.6.2-3build1.1 [55.3 kB]
#7 8.311 Get:240 http://archive.ubuntu.com/ubuntu noble-updates/main amd64 libgstreamer1.0-0 amd64 1.24.2-1ubuntu0.1 [1165 kB]
#7 8.333 Get:241 http://archive.ubuntu.com/ubuntu noble-updates/main amd64 liborc-0.4-0t64 amd64 1:0.4.38-1ubuntu0.1 [207 kB]
#7 8.343 Get:242 http://archive.ubuntu.com/ubuntu noble-updates/main amd64 libgstreamer-plugins-base1.0-0 amd64 1.24.2-1ubuntu0.4 [862 kB]
#7 8.370 Get:243 http://archive.ubuntu.com/ubuntu noble/main amd64 libogg0 amd64 1.3.5-3build1 [22.7 kB]
#7 8.381 Get:244 http://archive.ubuntu.com/ubuntu noble/main amd64 libopus0 amd64 1.4-1build1 [208 kB]
#7 8.392 Get:245 http://archive.ubuntu.com/ubuntu noble/main amd64 libpixman-1-0 amd64 0.42.2-1build1 [279 kB]
#7 8.399 Get:246 http://archive.ubuntu.com/ubuntu noble/main amd64 libxcb-render0 amd64 1.15-1ubuntu2 [16.2 kB]
#7 8.410 Get:247 http://archive.ubuntu.com/ubuntu noble/main amd64 libxcb-shm0 amd64 1.15-1ubuntu2 [5756 B]
#7 8.420 Get:248 http://archive.ubuntu.com/ubuntu noble/main amd64 libcairo2 amd64 1.18.0-3build1 [566 kB]
#7 8.436 Get:249 http://archive.ubuntu.com/ubuntu noble/main amd64 libtheora0 amd64 1.1.1+dfsg.1-16.1build3 [211 kB]
#7 8.447 Get:250 http://archive.ubuntu.com/ubuntu noble/main amd64 libvisual-0.4-0 amd64 0.4.2-2build1 [115 kB]
#7 8.462 Get:251 http://archive.ubuntu.com/ubuntu noble/main amd64 libvorbis0a amd64 1.3.7-1build3 [97.6 kB]
#7 8.472 Get:252 http://archive.ubuntu.com/ubuntu noble/main amd64 libvorbisenc2 amd64 1.3.7-1build3 [80.8 kB]
#7 8.489 Get:253 http://archive.ubuntu.com/ubuntu noble-updates/main amd64 gstreamer1.0-plugins-base amd64 1.24.2-1ubuntu0.4 [721 kB]
#7 8.497 Get:254 http://archive.ubuntu.com/ubuntu noble/main amd64 libaa1 amd64 1.4p5-51.1 [49.9 kB]
#7 8.509 Get:255 http://archive.ubuntu.com/ubuntu noble/main amd64 libraw1394-11 amd64 2.1.2-2build3 [26.2 kB]
#7 8.521 Get:256 http://archive.ubuntu.com/ubuntu noble/main amd64 libavc1394-0 amd64 0.5.4-5build3 [15.4 kB]
#7 8.528 Get:257 http://archive.ubuntu.com/ubuntu noble-updates/main amd64 libcaca0 amd64 0.99.beta20-4ubuntu0.2 [209 kB]
#7 8.538 Get:258 http://archive.ubuntu.com/ubuntu noble/main amd64 libcairo-gobject2 amd64 1.18.0-3build1 [127 kB]
#7 8.551 Get:259 http://archive.ubuntu.com/ubuntu noble/main amd64 libdv4t64 amd64 1.0.0-17.1build1 [63.2 kB]
#7 8.558 Get:260 http://archive.ubuntu.com/ubuntu noble/main amd64 libflac12t64 amd64 1.4.3+ds-2.1ubuntu2 [197 kB]
#7 8.568 Get:261 http://archive.ubuntu.com/ubuntu noble-updates/main amd64 libgstreamer-plugins-good1.0-0 amd64 1.24.2-1ubuntu1.4 [33.2 kB]
#7 8.573 Get:262 http://archive.ubuntu.com/ubuntu noble/main amd64 libgudev-1.0-0 amd64 1:238-5ubuntu1 [15.9 kB]
#7 8.582 Get:263 http://archive.ubuntu.com/ubuntu noble/main amd64 libiec61883-0 amd64 1.2.0-6build1 [24.5 kB]
#7 8.590 Get:264 http://archive.ubuntu.com/ubuntu noble/main amd64 libmp3lame0 amd64 3.100-6build1 [142 kB]
#7 8.604 Get:265 http://archive.ubuntu.com/ubuntu noble-updates/main amd64 libmpg123-0t64 amd64 1.32.5-1ubuntu1.1 [169 kB]
#7 8.614 Get:266 http://archive.ubuntu.com/ubuntu noble/main amd64 libasyncns0 amd64 0.8-6build4 [11.3 kB]
#7 8.627 Get:267 http://archive.ubuntu.com/ubuntu noble-updates/main amd64 libsndfile1 amd64 1.2.2-1ubuntu5.24.04.1 [209 kB]
#7 8.649 Get:268 http://archive.ubuntu.com/ubuntu noble/main amd64 libx11-xcb1 amd64 2:1.8.7-1build1 [7800 B]
#7 8.664 Get:269 http://archive.ubuntu.com/ubuntu noble-updates/main amd64 libpulse0 amd64 1:16.1+dfsg1-2ubuntu10.1 [292 kB]
#7 8.683 Get:270 http://archive.ubuntu.com/ubuntu noble-updates/main amd64 libspeex1 amd64 1.2.1-2ubuntu2.24.04.1 [59.6 kB]
#7 8.688 Get:271 http://archive.ubuntu.com/ubuntu noble/main amd64 libshout3 amd64 2.4.6-1build2 [50.3 kB]
#7 8.698 Get:272 http://archive.ubuntu.com/ubuntu noble/main amd64 libtag1v5-vanilla amd64 1.13.1-1build1 [326 kB]
#7 8.720 Get:273 http://archive.ubuntu.com/ubuntu noble/main amd64 libtag1v5 amd64 1.13.1-1build1 [11.7 kB]
#7 8.731 Get:274 http://archive.ubuntu.com/ubuntu noble/main amd64 libtwolame0 amd64 0.4.0-2build3 [52.3 kB]
#7 8.743 Get:275 http://archive.ubuntu.com/ubuntu noble/main amd64 libv4lconvert0t64 amd64 1.26.1-4build3 [87.6 kB]
#7 8.753 Get:276 http://archive.ubuntu.com/ubuntu noble/main amd64 libv4l-0t64 amd64 1.26.1-4build3 [46.9 kB]
#7 8.763 Get:277 http://archive.ubuntu.com/ubuntu noble-updates/main amd64 libvpx9 amd64 1.14.0-1ubuntu2.3 [1143 kB]
#7 8.826 Get:278 http://archive.ubuntu.com/ubuntu noble/main amd64 libwavpack1 amd64 5.6.0-1build1 [84.6 kB]
#7 8.835 Get:279 http://archive.ubuntu.com/ubuntu noble/main amd64 libxdamage1 amd64 1:1.1.6-1build1 [6150 B]
#7 8.845 Get:280 http://archive.ubuntu.com/ubuntu noble/main amd64 libxfixes3 amd64 1:6.0.0-2build1 [10.8 kB]
#7 8.855 Get:281 http://archive.ubuntu.com/ubuntu noble-updates/main amd64 libsoup-3.0-common all 3.4.4-5ubuntu0.7 [11.6 kB]
#7 8.865 Get:282 http://archive.ubuntu.com/ubuntu noble-updates/main amd64 libsoup-3.0-0 amd64 3.4.4-5ubuntu0.7 [292 kB]
#7 8.879 Get:283 http://archive.ubuntu.com/ubuntu noble-updates/main amd64 gstreamer1.0-plugins-good amd64 1.24.2-1ubuntu1.4 [2236 kB]
#7 8.981 Get:284 http://archive.ubuntu.com/ubuntu noble-updates/main amd64 libgraphite2-3 amd64 1.3.14-2ubuntu0.24.04.1 [73.4 kB]
#7 8.987 Get:285 http://archive.ubuntu.com/ubuntu noble/main amd64 libharfbuzz0b amd64 8.3.0-2build2 [469 kB]
#7 9.006 Get:286 http://archive.ubuntu.com/ubuntu noble/main amd64 libthai-data all 0.1.29-2build1 [158 kB]
#7 9.015 Get:287 http://archive.ubuntu.com/ubuntu noble/main amd64 libdatrie1 amd64 0.2.13-3build1 [19.0 kB]
#7 9.024 Get:288 http://archive.ubuntu.com/ubuntu noble/main amd64 libthai0 amd64 0.1.29-2build1 [18.9 kB]
#7 9.032 Get:289 http://archive.ubuntu.com/ubuntu noble/main amd64 libpango-1.0-0 amd64 1.52.1+ds-1build1 [231 kB]
#7 9.041 Get:290 http://archive.ubuntu.com/ubuntu noble/main amd64 libpangoft2-1.0-0 amd64 1.52.1+ds-1build1 [42.5 kB]
#7 9.052 Get:291 http://archive.ubuntu.com/ubuntu noble/main amd64 libpangocairo-1.0-0 amd64 1.52.1+ds-1build1 [28.8 kB]
#7 9.062 Get:292 http://archive.ubuntu.com/ubuntu noble/main amd64 libxv1 amd64 2:1.0.11-1.1build1 [10.7 kB]
#7 9.072 Get:293 http://archive.ubuntu.com/ubuntu noble-updates/main amd64 gstreamer1.0-x amd64 1.24.2-1ubuntu0.4 [85.0 kB]
#7 9.080 Get:294 http://archive.ubuntu.com/ubuntu noble/main amd64 ipxe-qemu all 1.21.1+git-20220113.fbbdc3926-0ubuntu2 [1565 kB]
#7 9.130 Get:295 http://archive.ubuntu.com/ubuntu noble/main amd64 ipxe-qemu-256k-compat-efi-roms all 1.0.0+git-20150424.a25a16d-0ubuntu5 [548 kB]
#7 9.147 Get:296 http://archive.ubuntu.com/ubuntu noble/main amd64 python3-decorator all 5.1.1-5 [10.1 kB]
#7 9.157 Get:297 http://archive.ubuntu.com/ubuntu noble/universe amd64 python3-parso all 0.8.3-1 [67.2 kB]
#7 9.166 Get:298 http://archive.ubuntu.com/ubuntu noble/universe amd64 python3-typeshed all 0.0~git20231111.6764465-3 [1274 kB]
#7 9.226 Get:299 http://archive.ubuntu.com/ubuntu noble/universe amd64 python3-jedi all 0.19.1+ds1-1 [693 kB]
#7 9.269 Get:300 http://archive.ubuntu.com/ubuntu noble/universe amd64 python3-traitlets all 5.5.0-2 [85.0 kB]
#7 9.277 Get:301 http://archive.ubuntu.com/ubuntu noble/universe amd64 python3-matplotlib-inline all 0.1.6-2 [8784 B]
#7 9.288 Get:302 http://archive.ubuntu.com/ubuntu noble/main amd64 python3-ptyprocess all 0.7.0-5 [15.1 kB]
#7 9.295 Get:303 http://archive.ubuntu.com/ubuntu noble/main amd64 python3-pexpect all 4.9-2 [48.1 kB]
#7 9.304 Get:304 http://archive.ubuntu.com/ubuntu noble/main amd64 python3-wcwidth all 0.2.5+dfsg1-1.1ubuntu1 [22.5 kB]
#7 9.311 Get:305 http://archive.ubuntu.com/ubuntu noble/universe amd64 python3-prompt-toolkit all 3.0.43-1 [256 kB]
#7 9.322 Get:306 http://archive.ubuntu.com/ubuntu noble/main amd64 python3-six all 1.16.0-4 [12.4 kB]
#7 9.356 Get:307 http://archive.ubuntu.com/ubuntu noble/universe amd64 python3-asttokens all 2.4.1-1 [20.9 kB]
#7 9.365 Get:308 http://archive.ubuntu.com/ubuntu noble/universe amd64 python3-executing all 2.0.1-0.1 [23.3 kB]
#7 9.398 Get:309 http://archive.ubuntu.com/ubuntu noble/universe amd64 python3-pure-eval all 0.2.2-1 [11.3 kB]
#7 9.406 Get:310 http://archive.ubuntu.com/ubuntu noble/universe amd64 python3-stack-data all 0.6.3-1 [22.0 kB]
#7 9.414 Get:311 http://archive.ubuntu.com/ubuntu noble-updates/main amd64 python3-setuptools all 68.1.2-2ubuntu1.2 [397 kB]
#7 9.430 Get:312 http://archive.ubuntu.com/ubuntu noble/universe amd64 python3-ipython all 8.20.0-1 [561 kB]
#7 9.470 Get:313 http://archive.ubuntu.com/ubuntu noble/universe amd64 ipython3 all 8.20.0-1 [4936 B]
#7 9.470 Get:314 http://archive.ubuntu.com/ubuntu noble/universe amd64 isympy-common all 1.12-7 [109 kB]
#7 9.478 Get:315 http://archive.ubuntu.com/ubuntu noble/universe amd64 python3-mpmath all 1.2.1-3 [421 kB]
#7 9.491 Get:316 http://archive.ubuntu.com/ubuntu noble/universe amd64 python3-sympy all 1.12-7 [3966 kB]
#7 9.590 Get:317 http://archive.ubuntu.com/ubuntu noble/universe amd64 isympy3 all 1.12-7 [3136 B]
#7 9.597 Get:318 http://archive.ubuntu.com/ubuntu noble/main amd64 javascript-common all 11+nmu1 [5936 B]
#7 9.606 Get:319 http://archive.ubuntu.com/ubuntu noble/main amd64 libonig5 amd64 6.9.9-1build1 [172 kB]
#7 9.614 Get:320 http://archive.ubuntu.com/ubuntu noble-updates/main amd64 libjq1 amd64 1.7.1-3ubuntu0.24.04.2 [142 kB]
#7 9.632 Get:321 http://archive.ubuntu.com/ubuntu noble-updates/main amd64 jq amd64 1.7.1-3ubuntu0.24.04.2 [65.7 kB]
#7 9.635 Get:322 http://archive.ubuntu.com/ubuntu noble-updates/main amd64 libaio1t64 amd64 0.3.113-6build1.1 [7210 B]
#7 9.644 Get:323 http://archive.ubuntu.com/ubuntu noble-updates/main amd64 libaom3 amd64 3.8.2-2ubuntu0.1 [1941 kB]
#7 9.686 Get:324 http://archive.ubuntu.com/ubuntu noble/main amd64 libatk1.0-0t64 amd64 2.52.0-1build1 [55.3 kB]
#7 9.695 Get:325 http://archive.ubuntu.com/ubuntu noble/main amd64 libatk-bridge2.0-0t64 amd64 2.52.0-1build1 [66.0 kB]
#7 9.707 Get:326 http://archive.ubuntu.com/ubuntu noble-updates/main amd64 libavahi-common-data amd64 0.8-13ubuntu6.2 [30.1 kB]
#7 9.718 Get:327 http://archive.ubuntu.com/ubuntu noble-updates/main amd64 libavahi-common3 amd64 0.8-13ubuntu6.2 [23.4 kB]
#7 9.729 Get:328 http://archive.ubuntu.com/ubuntu noble-updates/main amd64 libavahi-client3 amd64 0.8-13ubuntu6.2 [26.8 kB]
#7 9.741 Get:329 http://archive.ubuntu.com/ubuntu noble-updates/main amd64 libblas3 amd64 3.12.0-3build1.1 [238 kB]
#7 9.750 Get:330 http://archive.ubuntu.com/ubuntu noble-updates/main amd64 libboost-iostreams1.83.0 amd64 1.83.0-2.1ubuntu3.2 [260 kB]
#7 9.765 Get:331 http://archive.ubuntu.com/ubuntu noble-updates/main amd64 libboost-thread1.83.0 amd64 1.83.0-2.1ubuntu3.2 [276 kB]
#7 9.780 Get:332 http://archive.ubuntu.com/ubuntu noble-updates/main amd64 zlib1g-dev amd64 1:1.3.dfsg-3.1ubuntu2.1 [894 kB]
#7 9.817 Get:333 http://archive.ubuntu.com/ubuntu noble-updates/main amd64 libzstd-dev amd64 1.5.5+dfsg2-2build1.1 [364 kB]
#7 9.834 Get:334 http://archive.ubuntu.com/ubuntu noble-updates/main amd64 libelf-dev amd64 0.190-1.1ubuntu0.1 [68.5 kB]
#7 9.844 Get:335 http://archive.ubuntu.com/ubuntu noble/main amd64 libbpf-dev amd64 1:1.3.0-2build2 [259 kB]
#7 9.860 Get:336 http://archive.ubuntu.com/ubuntu noble/main amd64 libbrlapi0.8 amd64 6.6-4ubuntu5 [31.4 kB]
#7 9.869 Get:337 http://archive.ubuntu.com/ubuntu noble-updates/main amd64 libheif-plugin-aomdec amd64 1.17.6-1ubuntu4.4 [10.9 kB]
#7 9.878 Get:338 http://archive.ubuntu.com/ubuntu noble-updates/main amd64 libheif1 amd64 1.17.6-1ubuntu4.4 [276 kB]
#7 9.890 Get:339 http://archive.ubuntu.com/ubuntu noble/main amd64 libxpm4 amd64 1:3.5.17-1build2 [36.5 kB]
#7 9.898 Get:340 http://archive.ubuntu.com/ubuntu noble/main amd64 libgd3 amd64 2.3.3-9ubuntu5 [128 kB]
#7 9.908 Get:341 http://archive.ubuntu.com/ubuntu noble-updates/main amd64 libc-devtools amd64 2.39-0ubuntu8.7 [29.3 kB]
#7 9.917 Get:342 http://archive.ubuntu.com/ubuntu noble/main amd64 libnspr4 amd64 2:4.35-1.1build1 [117 kB]
#7 9.925 Get:343 http://archive.ubuntu.com/ubuntu noble-updates/main amd64 libnss3 amd64 2:3.98-1ubuntu0.2 [1445 kB]
#7 9.971 Get:344 http://archive.ubuntu.com/ubuntu noble/main amd64 libpcsclite1 amd64 2.0.3-1build1 [21.4 kB]
#7 9.979 Get:345 http://archive.ubuntu.com/ubuntu noble/main amd64 libcacard0 amd64 1:2.8.0-3build4 [36.5 kB]
#7 9.987 Get:346 http://archive.ubuntu.com/ubuntu noble-updates/main amd64 libcap-dev amd64 1:2.66-5ubuntu2.4 [596 kB]
#7 10.01 Get:347 http://archive.ubuntu.com/ubuntu noble-updates/main amd64 liblcms2-2 amd64 2.14-2ubuntu0.1 [161 kB]
#7 10.03 Get:348 http://archive.ubuntu.com/ubuntu noble/main amd64 libcolord2 amd64 1.4.7-1build2 [149 kB]
#7 10.03 Get:349 http://archive.ubuntu.com/ubuntu noble-updates/main amd64 libcups2t64 amd64 2.4.7-1.2ubuntu7.14 [274 kB]
#7 10.04 Get:350 http://archive.ubuntu.com/ubuntu noble/main amd64 libdaxctl1 amd64 77-2ubuntu2 [21.4 kB]
#7 10.05 Get:351 http://archive.ubuntu.com/ubuntu noble/main amd64 libwayland-client0 amd64 1.22.0-2.1build1 [26.4 kB]
#7 10.05 Get:352 http://archive.ubuntu.com/ubuntu noble/main amd64 libdecor-0-0 amd64 0.2.2-1build2 [16.5 kB]
#7 10.06 Get:353 http://archive.ubuntu.com/ubuntu noble/main amd64 libepoxy0 amd64 1.5.10-1build1 [220 kB]
#7 10.07 Get:354 http://archive.ubuntu.com/ubuntu noble/main amd64 libwayland-cursor0 amd64 1.22.0-2.1build1 [10.4 kB]
#7 10.08 Get:355 http://archive.ubuntu.com/ubuntu noble/main amd64 libwayland-egl1 amd64 1.22.0-2.1build1 [5628 B]
#7 10.09 Get:356 http://archive.ubuntu.com/ubuntu noble/main amd64 libxcomposite1 amd64 1:0.4.5-1build3 [6320 B]
#7 10.10 Get:357 http://archive.ubuntu.com/ubuntu noble/main amd64 libxcursor1 amd64 1:1.2.1-1build1 [20.7 kB]
#7 10.11 Get:358 http://archive.ubuntu.com/ubuntu noble/main amd64 libxinerama1 amd64 2:1.1.4-3build1 [6396 B]
#7 10.12 Get:359 http://archive.ubuntu.com/ubuntu noble/main amd64 libxrandr2 amd64 2:1.5.2-2build1 [19.7 kB]
#7 10.13 Get:360 http://archive.ubuntu.com/ubuntu noble-updates/main amd64 libgtk-3-common all 3.24.41-4ubuntu1.3 [1426 kB]
#7 10.17 Get:361 http://archive.ubuntu.com/ubuntu noble-updates/main amd64 libgtk-3-0t64 amd64 3.24.41-4ubuntu1.3 [2913 kB]
#7 10.25 Get:362 http://archive.ubuntu.com/ubuntu noble/main amd64 libdecor-0-plugin-1-gtk amd64 0.2.2-1build2 [22.2 kB]
#7 10.26 Get:363 http://archive.ubuntu.com/ubuntu noble-updates/main amd64 libdrm-amdgpu1 amd64 2.4.125-1ubuntu0.1~24.04.2 [21.4 kB]
#7 10.27 Get:364 http://archive.ubuntu.com/ubuntu noble-updates/main amd64 libpciaccess0 amd64 0.17-3ubuntu0.24.04.2 [18.9 kB]
#7 10.27 Get:365 http://archive.ubuntu.com/ubuntu noble-updates/main amd64 libdrm-intel1 amd64 2.4.125-1ubuntu0.1~24.04.2 [63.9 kB]
#7 10.29 Get:366 http://archive.ubuntu.com/ubuntu noble/main amd64 libfl2 amd64 2.6.4-8.2build1 [9768 B]
#7 10.30 Get:367 http://archive.ubuntu.com/ubuntu noble/main amd64 libfl-dev amd64 2.6.4-8.2build1 [6250 B]
#7 10.31 Get:368 http://archive.ubuntu.com/ubuntu noble-updates/main amd64 libllvm20 amd64 1:20.1.2-0ubuntu1~24.04.3 [30.6 MB]
#7 10.84 Get:369 http://archive.ubuntu.com/ubuntu noble/main amd64 libxcb-dri3-0 amd64 1.15-1ubuntu2 [7142 B]
#7 10.84 Get:370 http://archive.ubuntu.com/ubuntu noble/main amd64 libxcb-present0 amd64 1.15-1ubuntu2 [5676 B]
#7 10.85 Get:371 http://archive.ubuntu.com/ubuntu noble/main amd64 libxcb-randr0 amd64 1.15-1ubuntu2 [17.9 kB]
#7 10.86 Get:372 http://archive.ubuntu.com/ubuntu noble/main amd64 libxcb-sync1 amd64 1.15-1ubuntu2 [9312 B]
#7 10.87 Get:373 http://archive.ubuntu.com/ubuntu noble/main amd64 libxcb-xfixes0 amd64 1.15-1ubuntu2 [10.2 kB]
#7 10.88 Get:374 http://archive.ubuntu.com/ubuntu noble/main amd64 libxshmfence1 amd64 1.3-1build5 [4764 B]
#7 10.89 Get:375 http://archive.ubuntu.com/ubuntu noble-updates/main amd64 mesa-libgallium amd64 25.2.8-0ubuntu0.24.04.2 [10.8 MB]
#7 11.06 Get:376 http://archive.ubuntu.com/ubuntu noble-updates/main amd64 libgbm1 amd64 25.2.8-0ubuntu0.24.04.2 [34.2 kB]
#7 11.06 Get:377 http://archive.ubuntu.com/ubuntu noble-updates/main amd64 libgdk-pixbuf2.0-bin amd64 2.42.10+dfsg-3ubuntu3.3 [13.9 kB]
#7 11.07 Get:378 http://archive.ubuntu.com/ubuntu noble-updates/main amd64 libgfortran5 amd64 14.2.0-4ubuntu2~24.04.1 [916 kB]
#7 11.09 Get:379 http://archive.ubuntu.com/ubuntu noble/main amd64 libvulkan1 amd64 1.3.275.0-1build1 [142 kB]
#7 11.10 Get:380 http://archive.ubuntu.com/ubuntu noble-updates/main amd64 libgl1-mesa-dri amd64 25.2.8-0ubuntu0.24.04.2 [37.9 kB]
#7 11.11 Get:381 http://archive.ubuntu.com/ubuntu noble/main amd64 libxcb-glx0 amd64 1.15-1ubuntu2 [24.8 kB]
#7 11.12 Get:382 http://archive.ubuntu.com/ubuntu noble/main amd64 libxxf86vm1 amd64 1:1.1.4-1build4 [9282 B]
#7 11.13 Get:383 http://archive.ubuntu.com/ubuntu noble-updates/main amd64 libglx-mesa0 amd64 25.2.8-0ubuntu0.24.04.2 [110 kB]
#7 11.14 Get:384 http://archive.ubuntu.com/ubuntu noble-updates/main amd64 libgtk-3-bin amd64 3.24.41-4ubuntu1.3 [73.9 kB]
#7 11.15 Get:385 http://archive.ubuntu.com/ubuntu noble-updates/main amd64 libheif-plugin-aomenc amd64 1.17.6-1ubuntu4.4 [14.7 kB]
#7 11.15 Get:386 http://archive.ubuntu.com/ubuntu noble/main amd64 libimagequant0 amd64 2.18.0-1build1 [36.3 kB]
#7 11.16 Get:387 http://archive.ubuntu.com/ubuntu noble-updates/main amd64 librdmacm1t64 amd64 50.0-2ubuntu0.2 [70.7 kB]
#7 11.17 Get:388 http://archive.ubuntu.com/ubuntu noble/main amd64 libiscsi7 amd64 1.19.0-3build4 [68.7 kB]
#7 11.19 Get:389 http://archive.ubuntu.com/ubuntu noble/main amd64 libsamplerate0 amd64 0.2.2-4build1 [1344 kB]
#7 11.22 Get:390 http://archive.ubuntu.com/ubuntu noble/main amd64 libjack-jackd2-0 amd64 1.9.21~dfsg-3ubuntu3 [289 kB]
#7 11.23 Get:391 http://archive.ubuntu.com/ubuntu noble/main amd64 libjs-jquery all 3.6.1+dfsg+~3.5.14-1 [328 kB]
#7 11.23 Get:392 http://archive.ubuntu.com/ubuntu noble/universe amd64 libjs-jquery-ui all 1.13.2+dfsg-1 [252 kB]
#7 11.24 Get:393 http://archive.ubuntu.com/ubuntu noble-updates/main amd64 liblapack3 amd64 3.12.0-3build1.1 [2646 kB]
#7 11.29 Get:394 http://archive.ubuntu.com/ubuntu noble/universe amd64 liblbfgsb0 amd64 3.0+dfsg.4-1build1 [29.9 kB]
#7 11.30 Get:395 http://archive.ubuntu.com/ubuntu noble-updates/main amd64 libldap-common all 2.6.10+dfsg-0ubuntu0.24.04.1 [32.9 kB]
#7 11.31 Get:396 http://archive.ubuntu.com/ubuntu noble/main amd64 libndctl6 amd64 77-2ubuntu2 [62.8 kB]
#7 11.33 Get:397 http://archive.ubuntu.com/ubuntu noble-updates/main amd64 libnfs14 amd64 5.0.2-1ubuntu0.24.04.1 [109 kB]
#7 11.33 Get:398 http://archive.ubuntu.com/ubuntu noble/main amd64 libwebrtc-audio-processing1 amd64 0.3.1-0ubuntu6 [290 kB]
#7 11.35 Get:399 http://archive.ubuntu.com/ubuntu noble-updates/main amd64 libspa-0.2-modules amd64 1.0.5-1ubuntu3.2 [627 kB]
#7 11.36 Get:400 http://archive.ubuntu.com/ubuntu noble-updates/main amd64 libpipewire-0.3-0t64 amd64 1.0.5-1ubuntu3.2 [252 kB]
#7 11.37 Get:401 http://archive.ubuntu.com/ubuntu noble-updates/main amd64 libpipewire-0.3-common all 1.0.5-1ubuntu3.2 [19.1 kB]
#7 11.38 Get:402 http://archive.ubuntu.com/ubuntu noble/main amd64 libpkgconf3 amd64 1.8.1-2build1 [30.7 kB]
#7 11.39 Get:403 http://archive.ubuntu.com/ubuntu noble/main amd64 libpmem1 amd64 1.13.1-1.1ubuntu2 [84.8 kB]
#7 11.40 Get:404 http://archive.ubuntu.com/ubuntu noble/main amd64 libpmemobj1 amd64 1.13.1-1.1ubuntu2 [116 kB]
#7 11.41 Get:405 http://archive.ubuntu.com/ubuntu noble/universe amd64 libqhull-r8.0 amd64 2020.2-6build1 [193 kB]
#7 11.42 Get:406 http://archive.ubuntu.com/ubuntu noble-updates/main amd64 librados2 amd64 19.2.3-0ubuntu0.24.04.3 [4041 kB]
#7 11.51 Get:407 http://archive.ubuntu.com/ubuntu noble/main amd64 libraqm0 amd64 0.10.1-1build1 [15.0 kB]
#7 11.52 Get:408 http://archive.ubuntu.com/ubuntu noble-updates/main amd64 librbd1 amd64 19.2.3-0ubuntu0.24.04.3 [3413 kB]
#7 11.60 Get:409 http://archive.ubuntu.com/ubuntu noble/main amd64 librsvg2-2 amd64 2.58.0+dfsg-1build1 [2135 kB]
#7 11.63 Get:410 http://archive.ubuntu.com/ubuntu noble/main amd64 librsvg2-common amd64 2.58.0+dfsg-1build1 [11.8 kB]
#7 11.64 Get:411 http://archive.ubuntu.com/ubuntu noble-updates/main amd64 libsasl2-modules amd64 2.1.28+dfsg1-5ubuntu3.1 [69.9 kB]
#7 11.66 Get:412 http://archive.ubuntu.com/ubuntu noble-updates/main amd64 libsdl2-2.0-0 amd64 2.30.0+dfsg-1ubuntu3.1 [686 kB]
#7 11.66 Get:413 http://archive.ubuntu.com/ubuntu noble/main amd64 libslirp0 amd64 4.7.0-1ubuntu3 [63.8 kB]
#7 11.67 Get:414 http://archive.ubuntu.com/ubuntu noble/main amd64 libspice-server1 amd64 0.15.1-1build2 [349 kB]
#7 11.69 Get:415 http://archive.ubuntu.com/ubuntu noble-updates/main amd64 libssl-dev amd64 3.0.13-0ubuntu3.11 [2408 kB]
#7 11.74 Get:416 http://archive.ubuntu.com/ubuntu noble/main amd64 liburing2 amd64 2.5-1build1 [21.1 kB]
#7 11.75 Get:417 http://archive.ubuntu.com/ubuntu noble/main amd64 libusbredirparser1t64 amd64 0.13.0-2.1build1 [16.5 kB]
#7 11.76 Get:418 http://archive.ubuntu.com/ubuntu noble/main amd64 libvirglrenderer1 amd64 1.0.0-1ubuntu2 [226 kB]
#7 11.77 Get:419 http://archive.ubuntu.com/ubuntu noble-updates/main amd64 libvte-2.91-common amd64 0.76.0-1ubuntu0.1 [13.5 kB]
#7 11.78 Get:420 http://archive.ubuntu.com/ubuntu noble-updates/main amd64 libvte-2.91-0 amd64 0.76.0-1ubuntu0.1 [230 kB]
#7 11.79 Get:421 http://archive.ubuntu.com/ubuntu noble/main amd64 libwebpdemux2 amd64 1.3.2-0.4build3 [12.4 kB]
#7 11.80 Get:422 http://archive.ubuntu.com/ubuntu noble/main amd64 libwebpmux3 amd64 1.3.2-0.4build3 [25.7 kB]
#7 11.81 Get:423 http://archive.ubuntu.com/ubuntu noble-updates/main amd64 libxslt1.1 amd64 1.1.39-0exp1ubuntu0.24.04.3 [168 kB]
#7 11.82 Get:424 http://archive.ubuntu.com/ubuntu noble-updates/main amd64 linux-headers-6.8.0-134 all 6.8.0-134.134 [13.5 MB]
#7 12.04 Get:425 http://archive.ubuntu.com/ubuntu noble-updates/main amd64 linux-headers-6.8.0-134-generic amd64 6.8.0-134.134 [3780 kB]
#7 12.09 Get:426 http://archive.ubuntu.com/ubuntu noble-updates/main amd64 linux-headers-generic amd64 6.8.0-134.134 [11.3 kB]
#7 12.10 Get:427 http://archive.ubuntu.com/ubuntu noble/main amd64 make amd64 4.3-4.1build2 [180 kB]
#7 12.13 Get:428 http://archive.ubuntu.com/ubuntu noble/main amd64 manpages-dev all 6.7-2 [2013 kB]
#7 12.19 Get:429 http://archive.ubuntu.com/ubuntu noble-updates/main amd64 mesa-vulkan-drivers amd64 25.2.8-0ubuntu0.24.04.2 [17.5 MB]
#7 12.43 Get:430 http://archive.ubuntu.com/ubuntu noble/main amd64 patch amd64 2.7.6-7build3 [104 kB]
#7 12.43 Get:431 http://archive.ubuntu.com/ubuntu noble/main amd64 pkgconf-bin amd64 1.8.1-2build1 [20.7 kB]
#7 12.44 Get:432 http://archive.ubuntu.com/ubuntu noble/main amd64 pkgconf amd64 1.8.1-2build1 [16.8 kB]
#7 12.45 Get:433 http://archive.ubuntu.com/ubuntu noble/main amd64 pkg-config amd64 1.8.1-2build1 [7264 B]
#7 12.46 Get:434 http://archive.ubuntu.com/ubuntu noble/universe amd64 python-matplotlib-data all 3.6.3-1ubuntu5 [2936 kB]
#7 12.50 Get:435 http://archive.ubuntu.com/ubuntu noble/main amd64 python3-appdirs all 1.4.4-4 [10.9 kB]
#7 12.51 Get:436 http://archive.ubuntu.com/ubuntu noble-updates/universe amd64 python3-argcomplete all 3.1.4-1ubuntu0.1 [33.8 kB]
#7 12.52 Get:437 http://archive.ubuntu.com/ubuntu noble/main amd64 python3-attr all 23.2.0-2 [48.6 kB]
#7 12.53 Get:438 http://archive.ubuntu.com/ubuntu noble/universe amd64 python3-brotli amd64 1.1.0-2build2 [332 kB]
#7 12.54 Get:439 http://archive.ubuntu.com/ubuntu noble/main amd64 python3-soupsieve all 2.5-1 [33.0 kB]
#7 12.54 Get:440 http://archive.ubuntu.com/ubuntu noble/main amd64 python3-bs4 all 4.12.3-1 [109 kB]
#7 12.57 Get:441 http://archive.ubuntu.com/ubuntu noble/main amd64 python3-certifi all 2023.11.17-1 [165 kB]
#7 12.58 Get:442 http://archive.ubuntu.com/ubuntu noble/main amd64 python3-chardet all 5.2.0+dfsg-1 [117 kB]
#7 12.58 Get:443 http://archive.ubuntu.com/ubuntu noble/main amd64 python3-numpy amd64 1:1.26.4+ds-6ubuntu1 [4437 kB]
#7 12.71 Get:444 http://archive.ubuntu.com/ubuntu noble/universe amd64 python3-contourpy amd64 1.0.7-2build1 [181 kB]
#7 12.71 Get:445 http://archive.ubuntu.com/ubuntu noble-updates/main amd64 python3-cryptography amd64 41.0.7-4ubuntu0.4 [815 kB]
#7 12.74 Get:446 http://archive.ubuntu.com/ubuntu noble/universe amd64 python3-cycler all 0.11.0-2 [8202 B]
#7 12.74 Get:447 http://archive.ubuntu.com/ubuntu noble/main amd64 python3-dateutil all 2.8.2-3ubuntu1 [79.4 kB]
#7 12.77 Get:448 http://archive.ubuntu.com/ubuntu noble/universe amd64 python3-scipy amd64 1.11.4-6build1 [15.5 MB]
#7 13.07 Get:449 http://archive.ubuntu.com/ubuntu noble/universe amd64 python3-ufolib2 all 0.16.0+dfsg1-1 [33.5 kB]
#7 13.07 Get:450 http://archive.ubuntu.com/ubuntu noble/main amd64 python3-tz all 2024.1-2 [31.4 kB]
#7 13.07 Get:451 http://archive.ubuntu.com/ubuntu noble/universe amd64 python3-fs all 2.4.16-3 [91.1 kB]
#7 13.08 Get:452 http://archive.ubuntu.com/ubuntu noble/main amd64 python3-lxml amd64 5.2.1-1 [1243 kB]
#7 13.17 Get:453 http://archive.ubuntu.com/ubuntu noble/universe amd64 python3-lz4 amd64 4.0.2+dfsg-1build4 [26.2 kB]
#7 13.17 Get:454 http://archive.ubuntu.com/ubuntu noble/universe amd64 python3-unicodedata2 amd64 15.1.0+ds-1build1 [362 kB]
#7 13.17 Get:455 http://archive.ubuntu.com/ubuntu noble/universe amd64 unicode-data all 15.1.0-1 [8878 kB]
#7 13.38 Get:456 http://archive.ubuntu.com/ubuntu noble/universe amd64 python3-fonttools amd64 4.46.0-1build2 [1436 kB]
#7 13.39 Get:457 http://archive.ubuntu.com/ubuntu noble/main amd64 python3-webencodings all 0.5.1-5 [11.5 kB]
#7 13.39 Get:458 http://archive.ubuntu.com/ubuntu noble/main amd64 python3-html5lib all 1.1-6 [88.8 kB]
#7 13.39 Get:459 http://archive.ubuntu.com/ubuntu noble-updates/main amd64 python3-idna all 3.6-2ubuntu0.1 [49.0 kB]
#7 13.39 Get:460 http://archive.ubuntu.com/ubuntu noble/universe amd64 python3-kiwisolver amd64 1.4.4-2build1 [50.6 kB]
#7 13.39 Get:461 http://archive.ubuntu.com/ubuntu noble-updates/main amd64 libopenjp2-7 amd64 2.5.0-2ubuntu0.5 [174 kB]
#7 13.39 Get:462 http://archive.ubuntu.com/ubuntu noble-updates/main amd64 python3-pil amd64 10.2.0-1ubuntu1.2 [452 kB]
#7 13.39 Get:463 http://archive.ubuntu.com/ubuntu noble/main amd64 python3-tk amd64 3.12.3-0ubuntu1 [102 kB]
#7 13.40 Get:464 http://archive.ubuntu.com/ubuntu noble-updates/universe amd64 python3-pil.imagetk amd64 10.2.0-1ubuntu1.2 [9228 B]
#7 13.40 Get:465 http://archive.ubuntu.com/ubuntu noble/main amd64 python3-pyparsing all 3.1.1-1 [86.2 kB]
#7 13.42 Get:466 http://archive.ubuntu.com/ubuntu noble/main amd64 python3-packaging all 24.0-1 [41.1 kB]
#7 13.42 Get:467 http://archive.ubuntu.com/ubuntu noble/universe amd64 python3-matplotlib amd64 3.6.3-1ubuntu5 [6079 kB]
#7 13.56 Get:468 http://archive.ubuntu.com/ubuntu noble/main amd64 python3-olefile all 0.46-3 [33.8 kB]
#7 13.57 Get:469 http://archive.ubuntu.com/ubuntu noble/main amd64 python3-psutil amd64 5.9.8-2build2 [195 kB]
#7 13.59 Get:470 http://archive.ubuntu.com/ubuntu noble/main amd64 python3-pyroute2 all 0.7.11-0ubuntu2 [302 kB]
#7 13.59 Get:471 http://archive.ubuntu.com/ubuntu noble-updates/main amd64 python3-urllib3 all 2.0.7-1ubuntu0.7 [95.4 kB]
#7 13.59 Get:472 http://archive.ubuntu.com/ubuntu noble-updates/main amd64 python3-requests all 2.31.0+dfsg-1ubuntu1.1 [50.8 kB]
#7 13.61 Get:473 http://archive.ubuntu.com/ubuntu noble/universe amd64 python3-scapy all 2.5.0+dfsg-2ubuntu1 [993 kB]
#7 13.63 Get:474 http://archive.ubuntu.com/ubuntu noble/main amd64 libfdt1 amd64 1.7.0-2build1 [20.1 kB]
#7 13.64 Get:475 http://archive.ubuntu.com/ubuntu noble-updates/main amd64 qemu-system-common amd64 1:8.2.2+ds-0ubuntu1.17 [1255 kB]
#7 13.67 Get:476 http://archive.ubuntu.com/ubuntu noble-updates/main amd64 qemu-system-data all 1:8.2.2+ds-0ubuntu1.17 [1796 kB]
#7 13.70 Get:477 http://archive.ubuntu.com/ubuntu noble/main amd64 seabios all 1.16.3-2 [175 kB]
#7 13.72 Get:478 http://archive.ubuntu.com/ubuntu noble-updates/main amd64 qemu-system-x86 amd64 1:8.2.2+ds-0ubuntu1.17 [11.2 MB]
#7 13.91 Get:479 http://archive.ubuntu.com/ubuntu noble-updates/main amd64 qemu-utils amd64 1:8.2.2+ds-0ubuntu1.17 [2222 kB]
#7 13.94 Get:480 http://archive.ubuntu.com/ubuntu noble-updates/main amd64 qemu-block-extra amd64 1:8.2.2+ds-0ubuntu1.17 [114 kB]
#7 13.94 Get:481 http://archive.ubuntu.com/ubuntu noble-updates/main amd64 qemu-system-modules-opengl amd64 1:8.2.2+ds-0ubuntu1.17 [186 kB]
#7 13.95 Get:482 http://archive.ubuntu.com/ubuntu noble/main amd64 libglvnd0 amd64 1.7.0-1build1 [69.6 kB]
#7 13.97 Get:483 http://archive.ubuntu.com/ubuntu noble/main amd64 libglx0 amd64 1.7.0-1build1 [38.6 kB]
#7 13.97 Get:484 http://archive.ubuntu.com/ubuntu noble/main amd64 libgl1 amd64 1.7.0-1build1 [102 kB]
#7 13.98 Get:485 http://archive.ubuntu.com/ubuntu noble-updates/main amd64 qemu-system-gui amd64 1:8.2.2+ds-0ubuntu1.17 [314 kB]
#7 13.99 Get:486 http://archive.ubuntu.com/ubuntu noble-updates/main amd64 qemu-system-modules-spice amd64 1:8.2.2+ds-0ubuntu1.17 [70.2 kB]
#7 14.00 Get:487 http://archive.ubuntu.com/ubuntu noble/universe amd64 virtme-ng all 1.22-1 [53.3 kB]
#7 14.00 Get:488 http://archive.ubuntu.com/ubuntu noble/main amd64 libmnl-dev amd64 1.0.5-2build1 [21.9 kB]
#7 14.01 Get:489 http://archive.ubuntu.com/ubuntu noble/universe amd64 musl amd64 1.2.4-2 [416 kB]
#7 14.03 Get:490 http://archive.ubuntu.com/ubuntu noble/universe amd64 musl-dev amd64 1.2.4-2 [616 kB]
#7 14.04 Get:491 http://archive.ubuntu.com/ubuntu noble-updates/main amd64 ovmf all 2024.02-2ubuntu0.8 [5176 kB]
#7 14.14 Get:492 http://archive.ubuntu.com/ubuntu noble/main amd64 python3-cssselect all 1.2.0-2 [18.5 kB]
#7 14.44 debconf: delaying package configuration, since apt-utils is not installed
#7 14.49 Fetched 349 MB in 10s (34.2 MB/s)
#7 14.73 (Reading database ... (Reading database ... 5%(Reading database ... 10%(Reading database ... 15%(Reading database ... 20%(Reading database ... 25%(Reading database ... 30%(Reading database ... 35%(Reading database ... 40%(Reading database ... 45%(Reading database ... 50%(Reading database ... 55%(Reading database ... 60%(Reading database ... 65%(Reading database ... 70%(Reading database ... 75%(Reading database ... 80%(Reading database ... 85%(Reading database ... 90%(Reading database ... 95%(Reading database ... 100%(Reading database ... 4381 files and directories currently installed.)
#7 14.74 Preparing to unpack .../perl-base_5.38.2-3.2ubuntu0.3_amd64.deb ...
#7 14.88 Unpacking perl-base (5.38.2-3.2ubuntu0.3) over (5.38.2-3.2ubuntu0.2) ...
#7 20.80 Setting up perl-base (5.38.2-3.2ubuntu0.3) ...
#7 20.83 Selecting previously unselected package kbd.
#7 20.83 (Reading database ... (Reading database ... 5%(Reading database ... 10%(Reading database ... 15%(Reading database ... 20%(Reading database ... 25%(Reading database ... 30%(Reading database ... 35%(Reading database ... 40%(Reading database ... 45%(Reading database ... 50%(Reading database ... 55%(Reading database ... 60%(Reading database ... 65%(Reading database ... 70%(Reading database ... 75%(Reading database ... 80%(Reading database ... 85%(Reading database ... 90%(Reading database ... 95%(Reading database ... 100%(Reading database ... 4381 files and directories currently installed.)
#7 20.83 Preparing to unpack .../0-kbd_2.6.4-2ubuntu2_amd64.deb ...
#7 20.83 Unpacking kbd (2.6.4-2ubuntu2) ...
#7 20.86 Selecting previously unselected package liblocale-gettext-perl.
#7 20.86 Preparing to unpack .../1-liblocale-gettext-perl_1.07-6ubuntu5_amd64.deb ...
#7 20.86 Unpacking liblocale-gettext-perl (1.07-6ubuntu5) ...
#7 20.88 Selecting previously unselected package xkb-data.
#7 20.88 Preparing to unpack .../2-xkb-data_2.41-2ubuntu1.1_all.deb ...
#7 20.89 Unpacking xkb-data (2.41-2ubuntu1.1) ...
#7 20.95 Selecting previously unselected package keyboard-configuration.
#7 20.95 Preparing to unpack .../3-keyboard-configuration_1.226ubuntu1_all.deb ...
#7 20.96 Unpacking keyboard-configuration (1.226ubuntu1) ...
#7 21.00 Selecting previously unselected package console-setup-linux.
#7 21.00 Preparing to unpack .../4-console-setup-linux_1.226ubuntu1_all.deb ...
#7 21.00 Unpacking console-setup-linux (1.226ubuntu1) ...
#7 21.08 Selecting previously unselected package console-setup.
#7 21.08 Preparing to unpack .../5-console-setup_1.226ubuntu1_all.deb ...
#7 21.08 Unpacking console-setup (1.226ubuntu1) ...
#7 21.11 Selecting previously unselected package libpython3.12-minimal:amd64.
#7 21.11 Preparing to unpack .../6-libpython3.12-minimal_3.12.3-1ubuntu0.13_amd64.deb ...
#7 21.12 Unpacking libpython3.12-minimal:amd64 (3.12.3-1ubuntu0.13) ...
#7 21.18 Selecting previously unselected package libexpat1:amd64.
#7 21.19 Preparing to unpack .../7-libexpat1_2.6.1-2ubuntu0.4_amd64.deb ...
#7 21.19 Unpacking libexpat1:amd64 (2.6.1-2ubuntu0.4) ...
#7 21.22 Selecting previously unselected package python3.12-minimal.
#7 21.22 Preparing to unpack .../8-python3.12-minimal_3.12.3-1ubuntu0.13_amd64.deb ...
#7 21.23 Unpacking python3.12-minimal (3.12.3-1ubuntu0.13) ...
#7 21.28 Setting up libpython3.12-minimal:amd64 (3.12.3-1ubuntu0.13) ...
#7 21.29 Setting up libexpat1:amd64 (2.6.1-2ubuntu0.4) ...
#7 21.30 Setting up python3.12-minimal (3.12.3-1ubuntu0.13) ...
#7 21.78 Selecting previously unselected package python3-minimal.
#7 21.78 (Reading database ... (Reading database ... 5%(Reading database ... 10%(Reading database ... 15%(Reading database ... 20%(Reading database ... 25%(Reading database ... 30%(Reading database ... 35%(Reading database ... 40%(Reading database ... 45%(Reading database ... 50%(Reading database ... 55%(Reading database ... 60%(Reading database ... 65%(Reading database ... 70%(Reading database ... 75%(Reading database ... 80%(Reading database ... 85%(Reading database ... 90%(Reading database ... 95%(Reading database ... 100%(Reading database ... 5712 files and directories currently installed.)
#7 21.78 Preparing to unpack .../0-python3-minimal_3.12.3-0ubuntu2.1_amd64.deb ...
#7 21.79 Unpacking python3-minimal (3.12.3-0ubuntu2.1) ...
#7 21.81 Selecting previously unselected package media-types.
#7 21.81 Preparing to unpack .../1-media-types_10.1.0_all.deb ...
#7 21.81 Unpacking media-types (10.1.0) ...
#7 21.84 Selecting previously unselected package netbase.
#7 21.84 Preparing to unpack .../2-netbase_6.4_all.deb ...
#7 21.85 Unpacking netbase (6.4) ...
#7 21.87 Selecting previously unselected package tzdata.
#7 21.88 Preparing to unpack .../3-tzdata_2026a-0ubuntu0.24.04.1_all.deb ...
#7 21.88 Unpacking tzdata (2026a-0ubuntu0.24.04.1) ...
#7 21.95 Selecting previously unselected package readline-common.
#7 21.95 Preparing to unpack .../4-readline-common_8.2-4build1_all.deb ...
#7 21.95 Unpacking readline-common (8.2-4build1) ...
#7 21.98 Selecting previously unselected package libreadline8t64:amd64.
#7 21.98 Preparing to unpack .../5-libreadline8t64_8.2-4build1_amd64.deb ...
#7 21.98 Adding 'diversion of /lib/x86_64-linux-gnu/libhistory.so.8 to /lib/x86_64-linux-gnu/libhistory.so.8.usr-is-merged by libreadline8t64'
#7 21.99 Adding 'diversion of /lib/x86_64-linux-gnu/libhistory.so.8.2 to /lib/x86_64-linux-gnu/libhistory.so.8.2.usr-is-merged by libreadline8t64'
#7 21.99 Adding 'diversion of /lib/x86_64-linux-gnu/libreadline.so.8 to /lib/x86_64-linux-gnu/libreadline.so.8.usr-is-merged by libreadline8t64'
#7 22.00 Adding 'diversion of /lib/x86_64-linux-gnu/libreadline.so.8.2 to /lib/x86_64-linux-gnu/libreadline.so.8.2.usr-is-merged by libreadline8t64'
#7 22.00 Unpacking libreadline8t64:amd64 (8.2-4build1) ...
#7 22.02 Selecting previously unselected package libsqlite3-0:amd64.
#7 22.03 Preparing to unpack .../6-libsqlite3-0_3.45.1-1ubuntu2.6_amd64.deb ...
#7 22.03 Unpacking libsqlite3-0:amd64 (3.45.1-1ubuntu2.6) ...
#7 22.05 Selecting previously unselected package libpython3.12-stdlib:amd64.
#7 22.06 Preparing to unpack .../7-libpython3.12-stdlib_3.12.3-1ubuntu0.13_amd64.deb ...
#7 22.06 Unpacking libpython3.12-stdlib:amd64 (3.12.3-1ubuntu0.13) ...
#7 22.14 Selecting previously unselected package python3.12.
#7 22.14 Preparing to unpack .../8-python3.12_3.12.3-1ubuntu0.13_amd64.deb ...
#7 22.14 Unpacking python3.12 (3.12.3-1ubuntu0.13) ...
#7 22.17 Selecting previously unselected package libpython3-stdlib:amd64.
#7 22.17 Preparing to unpack .../9-libpython3-stdlib_3.12.3-0ubuntu2.1_amd64.deb ...
#7 22.18 Unpacking libpython3-stdlib:amd64 (3.12.3-0ubuntu2.1) ...
#7 22.20 Setting up python3-minimal (3.12.3-0ubuntu2.1) ...
#7 22.32 Selecting previously unselected package python3.
#7 22.32 (Reading database ... (Reading database ... 5%(Reading database ... 10%(Reading database ... 15%(Reading database ... 20%(Reading database ... 25%(Reading database ... 30%(Reading database ... 35%(Reading database ... 40%(Reading database ... 45%(Reading database ... 50%(Reading database ... 55%(Reading database ... 60%(Reading database ... 65%(Reading database ... 70%(Reading database ... 75%(Reading database ... 80%(Reading database ... 85%(Reading database ... 90%(Reading database ... 95%(Reading database ... 100%(Reading database ... 6718 files and directories currently installed.)
#7 22.32 Preparing to unpack .../00-python3_3.12.3-0ubuntu2.1_amd64.deb ...
#7 22.33 Unpacking python3 (3.12.3-0ubuntu2.1) ...
#7 22.35 Selecting previously unselected package libapparmor1:amd64.
#7 22.35 Preparing to unpack .../01-libapparmor1_4.0.1really4.0.1-0ubuntu0.24.04.7_amd64.deb ...
#7 22.36 Unpacking libapparmor1:amd64 (4.0.1really4.0.1-0ubuntu0.24.04.7) ...
#7 22.38 Selecting previously unselected package libargon2-1:amd64.
#7 22.38 Preparing to unpack .../02-libargon2-1_0~20190702+dfsg-4build1_amd64.deb ...
#7 22.39 Unpacking libargon2-1:amd64 (0~20190702+dfsg-4build1) ...
#7 22.41 Selecting previously unselected package libdevmapper1.02.1:amd64.
#7 22.41 Preparing to unpack .../03-libdevmapper1.02.1_2%3a1.02.185-3ubuntu3.2_amd64.deb ...
#7 22.42 Unpacking libdevmapper1.02.1:amd64 (2:1.02.185-3ubuntu3.2) ...
#7 22.45 Selecting previously unselected package libjson-c5:amd64.
#7 22.45 Preparing to unpack .../04-libjson-c5_0.17-1build1_amd64.deb ...
#7 22.45 Unpacking libjson-c5:amd64 (0.17-1build1) ...
#7 22.48 Selecting previously unselected package libcryptsetup12:amd64.
#7 22.48 Preparing to unpack .../05-libcryptsetup12_2%3a2.7.0-1ubuntu4.2_amd64.deb ...
#7 22.48 Unpacking libcryptsetup12:amd64 (2:2.7.0-1ubuntu4.2) ...
#7 22.51 Selecting previously unselected package libfdisk1:amd64.
#7 22.51 Preparing to unpack .../06-libfdisk1_2.39.3-9ubuntu6.5_amd64.deb ...
#7 22.52 Unpacking libfdisk1:amd64 (2.39.3-9ubuntu6.5) ...
#7 22.56 Selecting previously unselected package libkmod2:amd64.
#7 22.56 Preparing to unpack .../07-libkmod2_31+20240202-2ubuntu7.2_amd64.deb ...
#7 22.56 Unpacking libkmod2:amd64 (31+20240202-2ubuntu7.2) ...
#7 22.58 Selecting previously unselected package libsystemd-shared:amd64.
#7 22.58 Preparing to unpack .../08-libsystemd-shared_255.4-1ubuntu8.16_amd64.deb ...
#7 22.59 Unpacking libsystemd-shared:amd64 (255.4-1ubuntu8.16) ...
#7 22.62 Selecting previously unselected package systemd-dev.
#7 22.62 Preparing to unpack .../09-systemd-dev_255.4-1ubuntu8.16_all.deb ...
#7 22.63 Unpacking systemd-dev (255.4-1ubuntu8.16) ...
#7 22.66 Selecting previously unselected package systemd.
#7 22.66 Preparing to unpack .../10-systemd_255.4-1ubuntu8.16_amd64.deb ...
#7 22.67 Unpacking systemd (255.4-1ubuntu8.16) ...
#7 22.80 Setting up libapparmor1:amd64 (4.0.1really4.0.1-0ubuntu0.24.04.7) ...
#7 22.81 Setting up libargon2-1:amd64 (0~20190702+dfsg-4build1) ...
#7 22.82 Setting up libdevmapper1.02.1:amd64 (2:1.02.185-3ubuntu3.2) ...
#7 22.83 Setting up libjson-c5:amd64 (0.17-1build1) ...
#7 22.84 Setting up libcryptsetup12:amd64 (2:2.7.0-1ubuntu4.2) ...
#7 22.85 Setting up libfdisk1:amd64 (2.39.3-9ubuntu6.5) ...
#7 22.86 Setting up libkmod2:amd64 (31+20240202-2ubuntu7.2) ...
#7 22.87 Setting up libsystemd-shared:amd64 (255.4-1ubuntu8.16) ...
#7 22.88 Setting up systemd-dev (255.4-1ubuntu8.16) ...
#7 22.88 Setting up systemd (255.4-1ubuntu8.16) ...
#7 22.92 Created symlink /etc/systemd/system/getty.target.wants/getty@tty1.service → /usr/lib/systemd/system/getty@.service.
#7 22.92 Created symlink /etc/systemd/system/multi-user.target.wants/remote-fs.target → /usr/lib/systemd/system/remote-fs.target.
#7 22.92 Created symlink /etc/systemd/system/sysinit.target.wants/systemd-pstore.service → /usr/lib/systemd/system/systemd-pstore.service.
#7 22.93 Initializing machine ID from random generator.
#7 22.94 /usr/lib/tmpfiles.d/systemd-network.conf:10: Failed to resolve user 'systemd-network': No such process
#7 22.94 /usr/lib/tmpfiles.d/systemd-network.conf:11: Failed to resolve user 'systemd-network': No such process
#7 22.94 /usr/lib/tmpfiles.d/systemd-network.conf:12: Failed to resolve user 'systemd-network': No such process
#7 22.94 /usr/lib/tmpfiles.d/systemd-network.conf:13: Failed to resolve user 'systemd-network': No such process
#7 22.94 /usr/lib/tmpfiles.d/systemd.conf:22: Failed to resolve group 'systemd-journal': No such process
#7 22.94 /usr/lib/tmpfiles.d/systemd.conf:23: Failed to resolve group 'systemd-journal': No such process
#7 22.94 /usr/lib/tmpfiles.d/systemd.conf:28: Failed to resolve group 'systemd-journal': No such process
#7 22.94 /usr/lib/tmpfiles.d/systemd.conf:29: Failed to resolve group 'systemd-journal': No such process
#7 22.94 /usr/lib/tmpfiles.d/systemd.conf:30: Failed to resolve group 'systemd-journal': No such process
#7 22.96 Creating group 'systemd-journal' with GID 999.
#7 22.96 Creating group 'systemd-network' with GID 998.
#7 22.96 Creating user 'systemd-network' (systemd Network Management) with UID 998 and GID 998.
#7 23.01 Selecting previously unselected package systemd-sysv.
#7 23.01 (Reading database ... (Reading database ... 5%(Reading database ... 10%(Reading database ... 15%(Reading database ... 20%(Reading database ... 25%(Reading database ... 30%(Reading database ... 35%(Reading database ... 40%(Reading database ... 45%(Reading database ... 50%(Reading database ... 55%(Reading database ... 60%(Reading database ... 65%(Reading database ... 70%(Reading database ... 75%(Reading database ... 80%(Reading database ... 85%(Reading database ... 90%(Reading database ... 95%(Reading database ... 100%(Reading database ... 7767 files and directories currently installed.)
#7 23.02 Preparing to unpack .../00-systemd-sysv_255.4-1ubuntu8.16_amd64.deb ...
#7 23.02 Unpacking systemd-sysv (255.4-1ubuntu8.16) ...
#7 23.05 Selecting previously unselected package libpopt0:amd64.
#7 23.05 Preparing to unpack .../01-libpopt0_1.19+dfsg-1build1_amd64.deb ...
#7 23.06 Unpacking libpopt0:amd64 (1.19+dfsg-1build1) ...
#7 23.08 Selecting previously unselected package rsync.
#7 23.09 Preparing to unpack .../02-rsync_3.2.7-1ubuntu1.5_amd64.deb ...
#7 23.09 Unpacking rsync (3.2.7-1ubuntu1.5) ...
#7 23.12 Selecting previously unselected package m4.
#7 23.12 Preparing to unpack .../03-m4_1.4.19-4build1_amd64.deb ...
#7 23.12 Unpacking m4 (1.4.19-4build1) ...
#7 23.15 Selecting previously unselected package flex.
#7 23.15 Preparing to unpack .../04-flex_2.6.4-8.2build1_amd64.deb ...
#7 23.16 Unpacking flex (2.6.4-8.2build1) ...
#7 23.18 Selecting previously unselected package perl-modules-5.38.
#7 23.18 Preparing to unpack .../05-perl-modules-5.38_5.38.2-3.2ubuntu0.3_all.deb ...
#7 23.18 Unpacking perl-modules-5.38 (5.38.2-3.2ubuntu0.3) ...
#7 23.37 Selecting previously unselected package libgdbm6t64:amd64.
#7 23.37 Preparing to unpack .../06-libgdbm6t64_1.23-5.1build1_amd64.deb ...
#7 23.37 Unpacking libgdbm6t64:amd64 (1.23-5.1build1) ...
#7 23.40 Selecting previously unselected package libgdbm-compat4t64:amd64.
#7 23.40 Preparing to unpack .../07-libgdbm-compat4t64_1.23-5.1build1_amd64.deb ...
#7 23.40 Unpacking libgdbm-compat4t64:amd64 (1.23-5.1build1) ...
#7 23.42 Selecting previously unselected package libperl5.38t64:amd64.
#7 23.43 Preparing to unpack .../08-libperl5.38t64_5.38.2-3.2ubuntu0.3_amd64.deb ...
#7 23.43 Unpacking libperl5.38t64:amd64 (5.38.2-3.2ubuntu0.3) ...
#7 23.57 Selecting previously unselected package perl.
#7 23.57 Preparing to unpack .../09-perl_5.38.2-3.2ubuntu0.3_amd64.deb ...
#7 23.58 Unpacking perl (5.38.2-3.2ubuntu0.3) ...
#7 23.61 Selecting previously unselected package adduser.
#7 23.61 Preparing to unpack .../10-adduser_3.137ubuntu1_all.deb ...
#7 23.61 Unpacking adduser (3.137ubuntu1) ...
#7 23.65 Setting up adduser (3.137ubuntu1) ...
#7 23.71 Selecting previously unselected package openssl.
#7 23.71 (Reading database ... (Reading database ... 5%(Reading database ... 10%(Reading database ... 15%(Reading database ... 20%(Reading database ... 25%(Reading database ... 30%(Reading database ... 35%(Reading database ... 40%(Reading database ... 45%(Reading database ... 50%(Reading database ... 55%(Reading database ... 60%(Reading database ... 65%(Reading database ... 70%(Reading database ... 75%(Reading database ... 80%(Reading database ... 85%(Reading database ... 90%(Reading database ... 95%(Reading database ... 100%(Reading database ... 10016 files and directories currently installed.)
#7 23.71 Preparing to unpack .../000-openssl_3.0.13-0ubuntu3.11_amd64.deb ...
#7 23.72 Unpacking openssl (3.0.13-0ubuntu3.11) ...
#7 23.76 Selecting previously unselected package ca-certificates.
#7 23.76 Preparing to unpack .../001-ca-certificates_20260601~24.04.1_all.deb ...
#7 23.76 Unpacking ca-certificates (20260601~24.04.1) ...
#7 23.81 Selecting previously unselected package libdbus-1-3:amd64.
#7 23.81 Preparing to unpack .../002-libdbus-1-3_1.14.10-4ubuntu4.1_amd64.deb ...
#7 23.82 Unpacking libdbus-1-3:amd64 (1.14.10-4ubuntu4.1) ...
#7 23.84 Selecting previously unselected package dbus-bin.
#7 23.84 Preparing to unpack .../003-dbus-bin_1.14.10-4ubuntu4.1_amd64.deb ...
#7 23.85 Unpacking dbus-bin (1.14.10-4ubuntu4.1) ...
#7 23.87 Selecting previously unselected package dbus-session-bus-common.
#7 23.87 Preparing to unpack .../004-dbus-session-bus-common_1.14.10-4ubuntu4.1_all.deb ...
#7 23.87 Unpacking dbus-session-bus-common (1.14.10-4ubuntu4.1) ...
#7 23.90 Selecting previously unselected package dbus-daemon.
#7 23.90 Preparing to unpack .../005-dbus-daemon_1.14.10-4ubuntu4.1_amd64.deb ...
#7 23.90 Unpacking dbus-daemon (1.14.10-4ubuntu4.1) ...
#7 23.93 Selecting previously unselected package dbus-system-bus-common.
#7 23.93 Preparing to unpack .../006-dbus-system-bus-common_1.14.10-4ubuntu4.1_all.deb ...
#7 23.93 Unpacking dbus-system-bus-common (1.14.10-4ubuntu4.1) ...
#7 23.96 Selecting previously unselected package dbus.
#7 23.96 Preparing to unpack .../007-dbus_1.14.10-4ubuntu4.1_amd64.deb ...
#7 23.97 Unpacking dbus (1.14.10-4ubuntu4.1) ...
#7 23.99 Selecting previously unselected package libpam-systemd:amd64.
#7 23.99 Preparing to unpack .../008-libpam-systemd_255.4-1ubuntu8.16_amd64.deb ...
#7 23.99 Unpacking libpam-systemd:amd64 (255.4-1ubuntu8.16) ...
#7 24.02 Selecting previously unselected package dbus-user-session.
#7 24.02 Preparing to unpack .../009-dbus-user-session_1.14.10-4ubuntu4.1_amd64.deb ...
#7 24.02 Unpacking dbus-user-session (1.14.10-4ubuntu4.1) ...
#7 24.05 Selecting previously unselected package dmsetup.
#7 24.05 Preparing to unpack .../010-dmsetup_2%3a1.02.185-3ubuntu3.2_amd64.deb ...
#7 24.05 Unpacking dmsetup (2:1.02.185-3ubuntu3.2) ...
#7 24.08 Selecting previously unselected package libglib2.0-0t64:amd64.
#7 24.08 Preparing to unpack .../011-libglib2.0-0t64_2.80.0-6ubuntu3.8_amd64.deb ...
#7 24.09 Unpacking libglib2.0-0t64:amd64 (2.80.0-6ubuntu3.8) ...
#7 24.12 Selecting previously unselected package gir1.2-glib-2.0:amd64.
#7 24.12 Preparing to unpack .../012-gir1.2-glib-2.0_2.80.0-6ubuntu3.8_amd64.deb ...
#7 24.13 Unpacking gir1.2-glib-2.0:amd64 (2.80.0-6ubuntu3.8) ...
#7 24.16 Selecting previously unselected package libgirepository-1.0-1:amd64.
#7 24.16 Preparing to unpack .../013-libgirepository-1.0-1_1.80.1-1_amd64.deb ...
#7 24.16 Unpacking libgirepository-1.0-1:amd64 (1.80.1-1) ...
#7 24.18 Selecting previously unselected package gir1.2-girepository-2.0:amd64.
#7 24.18 Preparing to unpack .../014-gir1.2-girepository-2.0_1.80.1-1_amd64.deb ...
#7 24.19 Unpacking gir1.2-girepository-2.0:amd64 (1.80.1-1) ...
#7 24.21 Selecting previously unselected package libelf1t64:amd64.
#7 24.22 Preparing to unpack .../015-libelf1t64_0.190-1.1ubuntu0.1_amd64.deb ...
#7 24.22 Unpacking libelf1t64:amd64 (0.190-1.1ubuntu0.1) ...
#7 24.25 Selecting previously unselected package libbpf1:amd64.
#7 24.25 Preparing to unpack .../016-libbpf1_1%3a1.3.0-2build2_amd64.deb ...
#7 24.25 Unpacking libbpf1:amd64 (1:1.3.0-2build2) ...
#7 24.28 Selecting previously unselected package libmnl0:amd64.
#7 24.28 Preparing to unpack .../017-libmnl0_1.0.5-2build1_amd64.deb ...
#7 24.28 Unpacking libmnl0:amd64 (1.0.5-2build1) ...
#7 24.31 Selecting previously unselected package libxtables12:amd64.
#7 24.31 Preparing to unpack .../018-libxtables12_1.8.10-3ubuntu2_amd64.deb ...
#7 24.32 Unpacking libxtables12:amd64 (1.8.10-3ubuntu2) ...
#7 24.34 Selecting previously unselected package libcap2-bin.
#7 24.34 Preparing to unpack .../019-libcap2-bin_1%3a2.66-5ubuntu2.4_amd64.deb ...
#7 24.34 Unpacking libcap2-bin (1:2.66-5ubuntu2.4) ...
#7 24.38 Selecting previously unselected package iproute2.
#7 24.38 Preparing to unpack .../020-iproute2_6.1.0-1ubuntu6.4_amd64.deb ...
#7 24.38 Unpacking iproute2 (6.1.0-1ubuntu6.4) ...
#7 24.42 Selecting previously unselected package iputils-ping.
#7 24.42 Preparing to unpack .../021-iputils-ping_3%3a20240117-1ubuntu0.1_amd64.deb ...
#7 24.43 Unpacking iputils-ping (3:20240117-1ubuntu0.1) ...
#7 24.45 Selecting previously unselected package iso-codes.
#7 24.45 Preparing to unpack .../022-iso-codes_4.16.0-1_all.deb ...
#7 24.45 Unpacking iso-codes (4.16.0-1) ...
#7 24.59 Selecting previously unselected package kmod.
#7 24.59 Preparing to unpack .../023-kmod_31+20240202-2ubuntu7.2_amd64.deb ...
#7 24.59 Unpacking kmod (31+20240202-2ubuntu7.2) ...
#7 24.61 Selecting previously unselected package krb5-locales.
#7 24.62 Preparing to unpack .../024-krb5-locales_1.20.1-6ubuntu2.6_all.deb ...
#7 24.62 Unpacking krb5-locales (1.20.1-6ubuntu2.6) ...
#7 24.64 Selecting previously unselected package less.
#7 24.64 Preparing to unpack .../025-less_590-2ubuntu2.1_amd64.deb ...
#7 24.65 Unpacking less (590-2ubuntu2.1) ...
#7 24.68 Selecting previously unselected package libatm1t64:amd64.
#7 24.68 Preparing to unpack .../026-libatm1t64_1%3a2.5.1-5.1build1_amd64.deb ...
#7 24.68 Unpacking libatm1t64:amd64 (1:2.5.1-5.1build1) ...
#7 24.71 Selecting previously unselected package libbsd0:amd64.
#7 24.71 Preparing to unpack .../027-libbsd0_0.12.1-1build1.1_amd64.deb ...
#7 24.71 Unpacking libbsd0:amd64 (0.12.1-1build1.1) ...
#7 24.74 Selecting previously unselected package libfribidi0:amd64.
#7 24.74 Preparing to unpack .../028-libfribidi0_1.0.13-3build1_amd64.deb ...
#7 24.74 Unpacking libfribidi0:amd64 (1.0.13-3build1) ...
#7 24.76 Selecting previously unselected package libglib2.0-data.
#7 24.76 Preparing to unpack .../029-libglib2.0-data_2.80.0-6ubuntu3.8_all.deb ...
#7 24.77 Unpacking libglib2.0-data (2.80.0-6ubuntu3.8) ...
#7 24.79 Selecting previously unselected package libkrb5support0:amd64.
#7 24.79 Preparing to unpack .../030-libkrb5support0_1.20.1-6ubuntu2.6_amd64.deb ...
#7 24.79 Unpacking libkrb5support0:amd64 (1.20.1-6ubuntu2.6) ...
#7 24.82 Selecting previously unselected package libk5crypto3:amd64.
#7 24.82 Preparing to unpack .../031-libk5crypto3_1.20.1-6ubuntu2.6_amd64.deb ...
#7 24.83 Unpacking libk5crypto3:amd64 (1.20.1-6ubuntu2.6) ...
#7 24.85 Selecting previously unselected package libkeyutils1:amd64.
#7 24.85 Preparing to unpack .../032-libkeyutils1_1.6.3-3build1_amd64.deb ...
#7 24.86 Unpacking libkeyutils1:amd64 (1.6.3-3build1) ...
#7 24.88 Selecting previously unselected package libkrb5-3:amd64.
#7 24.88 Preparing to unpack .../033-libkrb5-3_1.20.1-6ubuntu2.6_amd64.deb ...
#7 24.89 Unpacking libkrb5-3:amd64 (1.20.1-6ubuntu2.6) ...
#7 24.92 Selecting previously unselected package libgssapi-krb5-2:amd64.
#7 24.92 Preparing to unpack .../034-libgssapi-krb5-2_1.20.1-6ubuntu2.6_amd64.deb ...
#7 24.92 Unpacking libgssapi-krb5-2:amd64 (1.20.1-6ubuntu2.6) ...
#7 24.95 Selecting previously unselected package libicu74:amd64.
#7 24.95 Preparing to unpack .../035-libicu74_74.2-1ubuntu3.1_amd64.deb ...
#7 24.96 Unpacking libicu74:amd64 (74.2-1ubuntu3.1) ...
#7 25.07 Selecting previously unselected package libnss-systemd:amd64.
#7 25.07 Preparing to unpack .../036-libnss-systemd_255.4-1ubuntu8.16_amd64.deb ...
#7 25.07 Unpacking libnss-systemd:amd64 (255.4-1ubuntu8.16) ...
#7 25.10 Selecting previously unselected package libpam-cap:amd64.
#7 25.10 Preparing to unpack .../037-libpam-cap_1%3a2.66-5ubuntu2.4_amd64.deb ...
#7 25.10 Unpacking libpam-cap:amd64 (1:2.66-5ubuntu2.4) ...
#7 25.13 Selecting previously unselected package libslang2:amd64.
#7 25.13 Preparing to unpack .../038-libslang2_2.3.3-3build2_amd64.deb ...
#7 25.13 Unpacking libslang2:amd64 (2.3.3-3build2) ...
#7 25.16 Selecting previously unselected package libxml2:amd64.
#7 25.16 Preparing to unpack .../039-libxml2_2.9.14+dfsg-1.3ubuntu3.8_amd64.deb ...
#7 25.17 Unpacking libxml2:amd64 (2.9.14+dfsg-1.3ubuntu3.8) ...
#7 25.19 Selecting previously unselected package python3-dbus.
#7 25.19 Preparing to unpack .../040-python3-dbus_1.3.2-5build3_amd64.deb ...
#7 25.20 Unpacking python3-dbus (1.3.2-5build3) ...
#7 25.22 Selecting previously unselected package python3-gi.
#7 25.22 Preparing to unpack .../041-python3-gi_3.48.2-1_amd64.deb ...
#7 25.22 Unpacking python3-gi (3.48.2-1) ...
#7 25.25 Selecting previously unselected package networkd-dispatcher.
#7 25.26 Preparing to unpack .../042-networkd-dispatcher_2.2.4-1_all.deb ...
#7 25.26 Unpacking networkd-dispatcher (2.2.4-1) ...
#7 25.28 Selecting previously unselected package python3-cffi-backend:amd64.
#7 25.28 Preparing to unpack .../043-python3-cffi-backend_1.16.0-2build1_amd64.deb ...
#7 25.28 Unpacking python3-cffi-backend:amd64 (1.16.0-2build1) ...
#7 25.31 Selecting previously unselected package python3-pkg-resources.
#7 25.31 Preparing to unpack .../044-python3-pkg-resources_68.1.2-2ubuntu1.2_all.deb ...
#7 25.31 Unpacking python3-pkg-resources (68.1.2-2ubuntu1.2) ...
#7 25.34 Selecting previously unselected package python3-pygments.
#7 25.34 Preparing to unpack .../045-python3-pygments_2.17.2+dfsg-1_all.deb ...
#7 25.35 Unpacking python3-pygments (2.17.2+dfsg-1) ...
#7 25.42 Selecting previously unselected package shared-mime-info.
#7 25.42 Preparing to unpack .../046-shared-mime-info_2.4-4_amd64.deb ...
#7 25.43 Unpacking shared-mime-info (2.4-4) ...
#7 25.47 Selecting previously unselected package systemd-resolved.
#7 25.47 Preparing to unpack .../047-systemd-resolved_255.4-1ubuntu8.16_amd64.deb ...
#7 25.48 Unpacking systemd-resolved (255.4-1ubuntu8.16) ...
#7 25.51 Selecting previously unselected package systemd-timesyncd.
#7 25.51 Preparing to unpack .../048-systemd-timesyncd_255.4-1ubuntu8.16_amd64.deb ...
#7 25.52 Unpacking systemd-timesyncd (255.4-1ubuntu8.16) ...
#7 25.55 Selecting previously unselected package xdg-user-dirs.
#7 25.55 Preparing to unpack .../049-xdg-user-dirs_0.18-1build1_amd64.deb ...
#7 25.55 Unpacking xdg-user-dirs (0.18-1build1) ...
#7 25.58 Selecting previously unselected package ethtool.
#7 25.58 Preparing to unpack .../050-ethtool_1%3a6.7-1build1_amd64.deb ...
#7 25.59 Unpacking ethtool (1:6.7-1build1) ...
#7 25.61 Selecting previously unselected package libmagic-mgc.
#7 25.61 Preparing to unpack .../051-libmagic-mgc_1%3a5.45-3build1_amd64.deb ...
#7 25.62 Unpacking libmagic-mgc (1:5.45-3build1) ...
#7 25.66 Selecting previously unselected package libmagic1t64:amd64.
#7 25.67 Preparing to unpack .../052-libmagic1t64_1%3a5.45-3build1_amd64.deb ...
#7 25.67 Unpacking libmagic1t64:amd64 (1:5.45-3build1) ...
#7 25.70 Selecting previously unselected package file.
#7 25.70 Preparing to unpack .../053-file_1%3a5.45-3build1_amd64.deb ...
#7 25.70 Unpacking file (1:5.45-3build1) ...
#7 25.73 Selecting previously unselected package libnl-3-200:amd64.
#7 25.73 Preparing to unpack .../054-libnl-3-200_3.7.0-0.3build1.1_amd64.deb ...
#7 25.73 Unpacking libnl-3-200:amd64 (3.7.0-0.3build1.1) ...
#7 25.75 Selecting previously unselected package libnl-route-3-200:amd64.
#7 25.75 Preparing to unpack .../055-libnl-route-3-200_3.7.0-0.3build1.1_amd64.deb ...
#7 25.76 Unpacking libnl-route-3-200:amd64 (3.7.0-0.3build1.1) ...
#7 25.79 Selecting previously unselected package libibverbs1:amd64.
#7 25.79 Preparing to unpack .../056-libibverbs1_50.0-2ubuntu0.2_amd64.deb ...
#7 25.79 Unpacking libibverbs1:amd64 (50.0-2ubuntu0.2) ...
#7 25.82 Selecting previously unselected package ibverbs-providers:amd64.
#7 25.82 Preparing to unpack .../057-ibverbs-providers_50.0-2ubuntu0.2_amd64.deb ...
#7 25.83 Unpacking ibverbs-providers:amd64 (50.0-2ubuntu0.2) ...
#7 25.86 Selecting previously unselected package libcbor0.10:amd64.
#7 25.86 Preparing to unpack .../058-libcbor0.10_0.10.2-1.2ubuntu2_amd64.deb ...
#7 25.87 Unpacking libcbor0.10:amd64 (0.10.2-1.2ubuntu2) ...
#7 25.89 Selecting previously unselected package libdrm-common.
#7 25.89 Preparing to unpack .../059-libdrm-common_2.4.125-1ubuntu0.1~24.04.2_all.deb ...
#7 25.89 Unpacking libdrm-common (2.4.125-1ubuntu0.1~24.04.2) ...
#7 25.92 Selecting previously unselected package libdrm2:amd64.
#7 25.92 Preparing to unpack .../060-libdrm2_2.4.125-1ubuntu0.1~24.04.2_amd64.deb ...
#7 25.93 Unpacking libdrm2:amd64 (2.4.125-1ubuntu0.1~24.04.2) ...
#7 25.95 Selecting previously unselected package libedit2:amd64.
#7 25.95 Preparing to unpack .../061-libedit2_3.1-20230828-1build1_amd64.deb ...
#7 25.95 Unpacking libedit2:amd64 (3.1-20230828-1build1) ...
#7 25.98 Selecting previously unselected package libfido2-1:amd64.
#7 25.98 Preparing to unpack .../062-libfido2-1_1.14.0-1build3_amd64.deb ...
#7 25.99 Unpacking libfido2-1:amd64 (1.14.0-1build3) ...
#7 26.02 Selecting previously unselected package libfuse3-3:amd64.
#7 26.02 Preparing to unpack .../063-libfuse3-3_3.14.0-5build1_amd64.deb ...
#7 26.02 Unpacking libfuse3-3:amd64 (3.14.0-5build1) ...
#7 26.05 Selecting previously unselected package libgpm2:amd64.
#7 26.05 Preparing to unpack .../064-libgpm2_1.20.7-11_amd64.deb ...
#7 26.06 Unpacking libgpm2:amd64 (1.20.7-11) ...
#7 26.09 Selecting previously unselected package libjansson4:amd64.
#7 26.09 Preparing to unpack .../065-libjansson4_2.14-2build2_amd64.deb ...
#7 26.09 Unpacking libjansson4:amd64 (2.14-2build2) ...
#7 26.12 Selecting previously unselected package libncurses6:amd64.
#7 26.12 Preparing to unpack .../066-libncurses6_6.4+20240113-1ubuntu2_amd64.deb ...
#7 26.12 Unpacking libncurses6:amd64 (6.4+20240113-1ubuntu2) ...
#7 26.15 Selecting previously unselected package libnghttp2-14:amd64.
#7 26.16 Preparing to unpack .../067-libnghttp2-14_1.59.0-1ubuntu0.3_amd64.deb ...
#7 26.16 Unpacking libnghttp2-14:amd64 (1.59.0-1ubuntu0.3) ...
#7 26.19 Selecting previously unselected package libnuma1:amd64.
#7 26.19 Preparing to unpack .../068-libnuma1_2.0.18-1ubuntu0.24.04.1_amd64.deb ...
#7 26.19 Unpacking libnuma1:amd64 (2.0.18-1ubuntu0.24.04.1) ...
#7 26.22 Selecting previously unselected package libpcap0.8t64:amd64.
#7 26.22 Preparing to unpack .../069-libpcap0.8t64_1.10.4-4.1ubuntu3_amd64.deb ...
#7 26.22 Unpacking libpcap0.8t64:amd64 (1.10.4-4.1ubuntu3) ...
#7 26.25 Selecting previously unselected package libpng16-16t64:amd64.
#7 26.25 Preparing to unpack .../070-libpng16-16t64_1.6.43-5ubuntu0.6_amd64.deb ...
#7 26.25 Unpacking libpng16-16t64:amd64 (1.6.43-5ubuntu0.6) ...
#7 26.28 Selecting previously unselected package libpsl5t64:amd64.
#7 26.28 Preparing to unpack .../071-libpsl5t64_0.21.2-1.1build1_amd64.deb ...
#7 26.28 Unpacking libpsl5t64:amd64 (0.21.2-1.1build1) ...
#7 26.30 Selecting previously unselected package libsensors-config.
#7 26.30 Preparing to unpack .../072-libsensors-config_1%3a3.6.0-9build1_all.deb ...
#7 26.31 Unpacking libsensors-config (1:3.6.0-9build1) ...
#7 26.33 Selecting previously unselected package libsensors5:amd64.
#7 26.34 Preparing to unpack .../073-libsensors5_1%3a3.6.0-9build1_amd64.deb ...
#7 26.34 Unpacking libsensors5:amd64 (1:3.6.0-9build1) ...
#7 26.37 Selecting previously unselected package libusb-1.0-0:amd64.
#7 26.37 Preparing to unpack .../074-libusb-1.0-0_2%3a1.0.27-1_amd64.deb ...
#7 26.37 Unpacking libusb-1.0-0:amd64 (2:1.0.27-1) ...
#7 26.39 Selecting previously unselected package libxau6:amd64.
#7 26.39 Preparing to unpack .../075-libxau6_1%3a1.0.9-1build6_amd64.deb ...
#7 26.40 Unpacking libxau6:amd64 (1:1.0.9-1build6) ...
#7 26.42 Selecting previously unselected package libxdmcp6:amd64.
#7 26.42 Preparing to unpack .../076-libxdmcp6_1%3a1.1.3-0ubuntu6_amd64.deb ...
#7 26.42 Unpacking libxdmcp6:amd64 (1:1.1.3-0ubuntu6) ...
#7 26.45 Selecting previously unselected package libxcb1:amd64.
#7 26.45 Preparing to unpack .../077-libxcb1_1.15-1ubuntu2_amd64.deb ...
#7 26.46 Unpacking libxcb1:amd64 (1.15-1ubuntu2) ...
#7 26.48 Selecting previously unselected package libx11-data.
#7 26.48 Preparing to unpack .../078-libx11-data_2%3a1.8.7-1build1_all.deb ...
#7 26.48 Unpacking libx11-data (2:1.8.7-1build1) ...
#7 26.54 Selecting previously unselected package libx11-6:amd64.
#7 26.54 Preparing to unpack .../079-libx11-6_2%3a1.8.7-1build1_amd64.deb ...
#7 26.54 Unpacking libx11-6:amd64 (2:1.8.7-1build1) ...
#7 26.57 Selecting previously unselected package libxext6:amd64.
#7 26.57 Preparing to unpack .../080-libxext6_2%3a1.3.4-1build2_amd64.deb ...
#7 26.58 Unpacking libxext6:amd64 (2:1.3.4-1build2) ...
#7 26.60 Selecting previously unselected package libxkbcommon0:amd64.
#7 26.61 Preparing to unpack .../081-libxkbcommon0_1.6.0-1build1_amd64.deb ...
#7 26.61 Unpacking libxkbcommon0:amd64 (1.6.0-1build1) ...
#7 26.64 Selecting previously unselected package libxmuu1:amd64.
#7 26.64 Preparing to unpack .../082-libxmuu1_2%3a1.1.3-3build2_amd64.deb ...
#7 26.64 Unpacking libxmuu1:amd64 (2:1.1.3-3build2) ...
#7 26.67 Selecting previously unselected package manpages.
#7 26.67 Preparing to unpack .../083-manpages_6.7-2_all.deb ...
#7 26.67 Unpacking manpages (6.7-2) ...
#7 26.73 Selecting previously unselected package openssh-client.
#7 26.73 Preparing to unpack .../084-openssh-client_1%3a9.6p1-3ubuntu13.16_amd64.deb ...
#7 26.74 Unpacking openssh-client (1:9.6p1-3ubuntu13.16) ...
#7 26.78 Selecting previously unselected package publicsuffix.
#7 26.78 Preparing to unpack .../085-publicsuffix_20231001.0357-0.1_all.deb ...
#7 26.78 Unpacking publicsuffix (20231001.0357-0.1) ...
#7 26.80 Selecting previously unselected package xauth.
#7 26.80 Preparing to unpack .../086-xauth_1%3a1.1.2-1build1_amd64.deb ...
#7 26.80 Unpacking xauth (1:1.1.2-1build1) ...
#7 26.83 Selecting previously unselected package acl.
#7 26.83 Preparing to unpack .../087-acl_2.3.2-1build1.1_amd64.deb ...
#7 26.83 Unpacking acl (2.3.2-1build1.1) ...
#7 26.86 Selecting previously unselected package libgdk-pixbuf2.0-common.
#7 26.86 Preparing to unpack .../088-libgdk-pixbuf2.0-common_2.42.10+dfsg-3ubuntu3.3_all.deb ...
#7 26.86 Unpacking libgdk-pixbuf2.0-common (2.42.10+dfsg-3ubuntu3.3) ...
#7 26.88 Selecting previously unselected package libjpeg-turbo8:amd64.
#7 26.88 Preparing to unpack .../089-libjpeg-turbo8_2.1.5-2ubuntu2_amd64.deb ...
#7 26.89 Unpacking libjpeg-turbo8:amd64 (2.1.5-2ubuntu2) ...
#7 26.91 Selecting previously unselected package libjpeg8:amd64.
#7 26.91 Preparing to unpack .../090-libjpeg8_8c-2ubuntu11_amd64.deb ...
#7 26.91 Unpacking libjpeg8:amd64 (8c-2ubuntu11) ...
#7 26.94 Selecting previously unselected package libdeflate0:amd64.
#7 26.94 Preparing to unpack .../091-libdeflate0_1.19-1build1.1_amd64.deb ...
#7 26.94 Unpacking libdeflate0:amd64 (1.19-1build1.1) ...
#7 26.97 Selecting previously unselected package libjbig0:amd64.
#7 26.97 Preparing to unpack .../092-libjbig0_2.1-6.1ubuntu2_amd64.deb ...
#7 26.97 Unpacking libjbig0:amd64 (2.1-6.1ubuntu2) ...
#7 27.00 Selecting previously unselected package liblerc4:amd64.
#7 27.00 Preparing to unpack .../093-liblerc4_4.0.0+ds-4ubuntu2_amd64.deb ...
#7 27.00 Unpacking liblerc4:amd64 (4.0.0+ds-4ubuntu2) ...
#7 27.03 Selecting previously unselected package libsharpyuv0:amd64.
#7 27.03 Preparing to unpack .../094-libsharpyuv0_1.3.2-0.4build3_amd64.deb ...
#7 27.03 Unpacking libsharpyuv0:amd64 (1.3.2-0.4build3) ...
#7 27.06 Selecting previously unselected package libwebp7:amd64.
#7 27.06 Preparing to unpack .../095-libwebp7_1.3.2-0.4build3_amd64.deb ...
#7 27.06 Unpacking libwebp7:amd64 (1.3.2-0.4build3) ...
#7 27.09 Selecting previously unselected package libtiff6:amd64.
#7 27.09 Preparing to unpack .../096-libtiff6_4.5.1+git230720-4ubuntu2.5_amd64.deb ...
#7 27.10 Unpacking libtiff6:amd64 (4.5.1+git230720-4ubuntu2.5) ...
#7 27.13 Selecting previously unselected package libgdk-pixbuf-2.0-0:amd64.
#7 27.13 Preparing to unpack .../097-libgdk-pixbuf-2.0-0_2.42.10+dfsg-3ubuntu3.3_amd64.deb ...
#7 27.13 Unpacking libgdk-pixbuf-2.0-0:amd64 (2.42.10+dfsg-3ubuntu3.3) ...
#7 27.16 Selecting previously unselected package gtk-update-icon-cache.
#7 27.16 Preparing to unpack .../098-gtk-update-icon-cache_3.24.41-4ubuntu1.3_amd64.deb ...
#7 27.17 Unpacking gtk-update-icon-cache (3.24.41-4ubuntu1.3) ...
#7 27.20 Selecting previously unselected package hicolor-icon-theme.
#7 27.20 Preparing to unpack .../099-hicolor-icon-theme_0.17-2_all.deb ...
#7 27.20 Unpacking hicolor-icon-theme (0.17-2) ...
#7 27.28 Selecting previously unselected package humanity-icon-theme.
#7 27.28 Preparing to unpack .../100-humanity-icon-theme_0.6.16_all.deb ...
#7 27.28 Unpacking humanity-icon-theme (0.6.16) ...
#7 28.09 Selecting previously unselected package ubuntu-mono.
#7 28.09 Preparing to unpack .../101-ubuntu-mono_24.04-0ubuntu1_all.deb ...
#7 28.10 Unpacking ubuntu-mono (24.04-0ubuntu1) ...
#7 28.42 Selecting previously unselected package adwaita-icon-theme.
#7 28.43 Preparing to unpack .../102-adwaita-icon-theme_46.0-1_all.deb ...
#7 28.43 Unpacking adwaita-icon-theme (46.0-1) ...
#7 28.55 Selecting previously unselected package alsa-topology-conf.
#7 28.56 Preparing to unpack .../103-alsa-topology-conf_1.2.5.1-2_all.deb ...
#7 28.56 Unpacking alsa-topology-conf (1.2.5.1-2) ...
#7 28.58 Selecting previously unselected package libasound2-data.
#7 28.58 Preparing to unpack .../104-libasound2-data_1.2.11-1ubuntu0.2_all.deb ...
#7 28.59 Unpacking libasound2-data (1.2.11-1ubuntu0.2) ...
#7 28.62 Selecting previously unselected package libasound2t64:amd64.
#7 28.62 Preparing to unpack .../105-libasound2t64_1.2.11-1ubuntu0.2_amd64.deb ...
#7 28.62 Unpacking libasound2t64:amd64 (1.2.11-1ubuntu0.2) ...
#7 28.65 Selecting previously unselected package alsa-ucm-conf.
#7 28.65 Preparing to unpack .../106-alsa-ucm-conf_1.2.10-1ubuntu5.11_all.deb ...
#7 28.65 Unpacking alsa-ucm-conf (1.2.10-1ubuntu5.11) ...
#7 28.74 Selecting previously unselected package at-spi2-common.
#7 28.74 Preparing to unpack .../107-at-spi2-common_2.52.0-1build1_all.deb ...
#7 28.74 Unpacking at-spi2-common (2.52.0-1build1) ...
#7 28.77 Selecting previously unselected package libxi6:amd64.
#7 28.77 Preparing to unpack .../108-libxi6_2%3a1.8.1-1build1_amd64.deb ...
#7 28.78 Unpacking libxi6:amd64 (2:1.8.1-1build1) ...
#7 28.80 Selecting previously unselected package libatspi2.0-0t64:amd64.
#7 28.80 Preparing to unpack .../109-libatspi2.0-0t64_2.52.0-1build1_amd64.deb ...
#7 28.81 Unpacking libatspi2.0-0t64:amd64 (2.52.0-1build1) ...
#7 28.84 Selecting previously unselected package x11-common.
#7 28.84 Preparing to unpack .../110-x11-common_1%3a7.7+23ubuntu3_all.deb ...
#7 28.85 Unpacking x11-common (1:7.7+23ubuntu3) ...
#7 28.88 Selecting previously unselected package libxtst6:amd64.
#7 28.88 Preparing to unpack .../111-libxtst6_2%3a1.2.3-1.1build1_amd64.deb ...
#7 28.88 Unpacking libxtst6:amd64 (2:1.2.3-1.1build1) ...
#7 28.91 Selecting previously unselected package libdconf1:amd64.
#7 28.91 Preparing to unpack .../112-libdconf1_0.40.0-4ubuntu0.1_amd64.deb ...
#7 28.92 Unpacking libdconf1:amd64 (0.40.0-4ubuntu0.1) ...
#7 28.94 Selecting previously unselected package dconf-service.
#7 28.94 Preparing to unpack .../113-dconf-service_0.40.0-4ubuntu0.1_amd64.deb ...
#7 28.95 Unpacking dconf-service (0.40.0-4ubuntu0.1) ...
#7 28.97 Selecting previously unselected package dconf-gsettings-backend:amd64.
#7 28.97 Preparing to unpack .../114-dconf-gsettings-backend_0.40.0-4ubuntu0.1_amd64.deb ...
#7 28.98 Unpacking dconf-gsettings-backend:amd64 (0.40.0-4ubuntu0.1) ...
#7 29.03 Selecting previously unselected package session-migration.
#7 29.03 Preparing to unpack .../115-session-migration_0.3.9build1_amd64.deb ...
#7 29.03 Unpacking session-migration (0.3.9build1) ...
#7 29.05 Selecting previously unselected package gsettings-desktop-schemas.
#7 29.05 Preparing to unpack .../116-gsettings-desktop-schemas_46.1-0ubuntu1_all.deb ...
#7 29.06 Unpacking gsettings-desktop-schemas (46.1-0ubuntu1) ...
#7 29.08 Selecting previously unselected package at-spi2-core.
#7 29.08 Preparing to unpack .../117-at-spi2-core_2.52.0-1build1_amd64.deb ...
#7 29.08 Unpacking at-spi2-core (2.52.0-1build1) ...
#7 29.11 Selecting previously unselected package bc.
#7 29.11 Preparing to unpack .../118-bc_1.07.1-3ubuntu4_amd64.deb ...
#7 29.11 Unpacking bc (1.07.1-3ubuntu4) ...
#7 29.14 Selecting previously unselected package binutils-common:amd64.
#7 29.14 Preparing to unpack .../119-binutils-common_2.42-4ubuntu2.10_amd64.deb ...
#7 29.14 Unpacking binutils-common:amd64 (2.42-4ubuntu2.10) ...
#7 29.17 Selecting previously unselected package libsframe1:amd64.
#7 29.17 Preparing to unpack .../120-libsframe1_2.42-4ubuntu2.10_amd64.deb ...
#7 29.17 Unpacking libsframe1:amd64 (2.42-4ubuntu2.10) ...
#7 29.20 Selecting previously unselected package libbinutils:amd64.
#7 29.20 Preparing to unpack .../121-libbinutils_2.42-4ubuntu2.10_amd64.deb ...
#7 29.20 Unpacking libbinutils:amd64 (2.42-4ubuntu2.10) ...
#7 29.23 Selecting previously unselected package libctf-nobfd0:amd64.
#7 29.24 Preparing to unpack .../122-libctf-nobfd0_2.42-4ubuntu2.10_amd64.deb ...
#7 29.24 Unpacking libctf-nobfd0:amd64 (2.42-4ubuntu2.10) ...
#7 29.27 Selecting previously unselected package libctf0:amd64.
#7 29.27 Preparing to unpack .../123-libctf0_2.42-4ubuntu2.10_amd64.deb ...
#7 29.27 Unpacking libctf0:amd64 (2.42-4ubuntu2.10) ...
#7 29.30 Selecting previously unselected package libgprofng0:amd64.
#7 29.30 Preparing to unpack .../124-libgprofng0_2.42-4ubuntu2.10_amd64.deb ...
#7 29.30 Unpacking libgprofng0:amd64 (2.42-4ubuntu2.10) ...
#7 29.33 Selecting previously unselected package binutils-x86-64-linux-gnu.
#7 29.34 Preparing to unpack .../125-binutils-x86-64-linux-gnu_2.42-4ubuntu2.10_amd64.deb ...
#7 29.34 Unpacking binutils-x86-64-linux-gnu (2.42-4ubuntu2.10) ...
#7 29.40 Selecting previously unselected package binutils.
#7 29.40 Preparing to unpack .../126-binutils_2.42-4ubuntu2.10_amd64.deb ...
#7 29.41 Unpacking binutils (2.42-4ubuntu2.10) ...
#7 29.44 Selecting previously unselected package bison.
#7 29.44 Preparing to unpack .../127-bison_2%3a3.8.2+dfsg-1build2_amd64.deb ...
#7 29.44 Unpacking bison (2:3.8.2+dfsg-1build2) ...
#7 29.48 Selecting previously unselected package libtcl8.6:amd64.
#7 29.48 Preparing to unpack .../128-libtcl8.6_8.6.14+dfsg-1build1_amd64.deb ...
#7 29.49 Unpacking libtcl8.6:amd64 (8.6.14+dfsg-1build1) ...
#7 29.55 Selecting previously unselected package libbrotli1:amd64.
#7 29.55 Preparing to unpack .../129-libbrotli1_1.1.0-2build2_amd64.deb ...
#7 29.55 Unpacking libbrotli1:amd64 (1.1.0-2build2) ...
#7 29.58 Selecting previously unselected package libfreetype6:amd64.
#7 29.59 Preparing to unpack .../130-libfreetype6_2.13.2+dfsg-1ubuntu0.1_amd64.deb ...
#7 29.59 Unpacking libfreetype6:amd64 (2.13.2+dfsg-1ubuntu0.1) ...
#7 29.62 Selecting previously unselected package fonts-dejavu-mono.
#7 29.62 Preparing to unpack .../131-fonts-dejavu-mono_2.37-8_all.deb ...
#7 29.62 Unpacking fonts-dejavu-mono (2.37-8) ...
#7 29.66 Selecting previously unselected package fonts-dejavu-core.
#7 29.66 Preparing to unpack .../132-fonts-dejavu-core_2.37-8_all.deb ...
#7 29.67 Unpacking fonts-dejavu-core (2.37-8) ...
#7 29.70 Selecting previously unselected package fontconfig-config.
#7 29.71 Preparing to unpack .../133-fontconfig-config_2.15.0-1.1ubuntu2_amd64.deb ...
#7 29.79 Unpacking fontconfig-config (2.15.0-1.1ubuntu2) ...
#7 29.82 Selecting previously unselected package libfontconfig1:amd64.
#7 29.82 Preparing to unpack .../134-libfontconfig1_2.15.0-1.1ubuntu2_amd64.deb ...
#7 29.82 Unpacking libfontconfig1:amd64 (2.15.0-1.1ubuntu2) ...
#7 29.85 Selecting previously unselected package libxrender1:amd64.
#7 29.85 Preparing to unpack .../135-libxrender1_1%3a0.9.10-1.1build1_amd64.deb ...
#7 29.85 Unpacking libxrender1:amd64 (1:0.9.10-1.1build1) ...
#7 29.87 Selecting previously unselected package libxft2:amd64.
#7 29.87 Preparing to unpack .../136-libxft2_2.3.6-1build1_amd64.deb ...
#7 29.88 Unpacking libxft2:amd64 (2.3.6-1build1) ...
#7 29.90 Selecting previously unselected package libxss1:amd64.
#7 29.90 Preparing to unpack .../137-libxss1_1%3a1.2.3-1build3_amd64.deb ...
#7 29.91 Unpacking libxss1:amd64 (1:1.2.3-1build3) ...
#7 29.93 Selecting previously unselected package libtk8.6:amd64.
#7 29.93 Preparing to unpack .../138-libtk8.6_8.6.14-1build1_amd64.deb ...
#7 29.94 Unpacking libtk8.6:amd64 (8.6.14-1build1) ...
#7 29.98 Selecting previously unselected package tk8.6-blt2.5.
#7 29.98 Preparing to unpack .../139-tk8.6-blt2.5_2.5.3+dfsg-7build1_amd64.deb ...
#7 29.98 Unpacking tk8.6-blt2.5 (2.5.3+dfsg-7build1) ...
#7 30.01 Selecting previously unselected package blt.
#7 30.01 Preparing to unpack .../140-blt_2.5.3+dfsg-7build1_amd64.deb ...
#7 30.02 Unpacking blt (2.5.3+dfsg-7build1) ...
#7 30.04 Selecting previously unselected package gcc-13-base:amd64.
#7 30.04 Preparing to unpack .../141-gcc-13-base_13.3.0-6ubuntu2~24.04.1_amd64.deb ...
#7 30.04 Unpacking gcc-13-base:amd64 (13.3.0-6ubuntu2~24.04.1) ...
#7 30.07 Selecting previously unselected package libisl23:amd64.
#7 30.07 Preparing to unpack .../142-libisl23_0.26-3build1.1_amd64.deb ...
#7 30.08 Unpacking libisl23:amd64 (0.26-3build1.1) ...
#7 30.12 Selecting previously unselected package libmpfr6:amd64.
#7 30.12 Preparing to unpack .../143-libmpfr6_4.2.1-1build1.1_amd64.deb ...
#7 30.12 Unpacking libmpfr6:amd64 (4.2.1-1build1.1) ...
#7 30.15 Selecting previously unselected package libmpc3:amd64.
#7 30.16 Preparing to unpack .../144-libmpc3_1.3.1-1build1.1_amd64.deb ...
#7 30.16 Unpacking libmpc3:amd64 (1.3.1-1build1.1) ...
#7 30.18 Selecting previously unselected package cpp-13-x86-64-linux-gnu.
#7 30.19 Preparing to unpack .../145-cpp-13-x86-64-linux-gnu_13.3.0-6ubuntu2~24.04.1_amd64.deb ...
#7 30.19 Unpacking cpp-13-x86-64-linux-gnu (13.3.0-6ubuntu2~24.04.1) ...
#7 30.29 Selecting previously unselected package cpp-13.
#7 30.29 Preparing to unpack .../146-cpp-13_13.3.0-6ubuntu2~24.04.1_amd64.deb ...
#7 30.29 Unpacking cpp-13 (13.3.0-6ubuntu2~24.04.1) ...
#7 30.31 Selecting previously unselected package cpp-x86-64-linux-gnu.
#7 30.31 Preparing to unpack .../147-cpp-x86-64-linux-gnu_4%3a13.2.0-7ubuntu1_amd64.deb ...
#7 30.32 Unpacking cpp-x86-64-linux-gnu (4:13.2.0-7ubuntu1) ...
#7 30.35 Selecting previously unselected package cpp.
#7 30.35 Preparing to unpack .../148-cpp_4%3a13.2.0-7ubuntu1_amd64.deb ...
#7 30.36 Unpacking cpp (4:13.2.0-7ubuntu1) ...
#7 30.38 Selecting previously unselected package msr-tools.
#7 30.38 Preparing to unpack .../149-msr-tools_1.3-5build1_amd64.deb ...
#7 30.38 Unpacking msr-tools (1.3-5build1) ...
#7 30.40 Selecting previously unselected package cpu-checker.
#7 30.40 Preparing to unpack .../150-cpu-checker_0.7-1.3build2_amd64.deb ...
#7 30.41 Unpacking cpu-checker (0.7-1.3build2) ...
#7 30.43 Selecting previously unselected package libdw1t64:amd64.
#7 30.43 Preparing to unpack .../151-libdw1t64_0.190-1.1ubuntu0.1_amd64.deb ...
#7 30.43 Unpacking libdw1t64:amd64 (0.190-1.1ubuntu0.1) ...
#7 30.46 Selecting previously unselected package libasm1t64:amd64.
#7 30.46 Preparing to unpack .../152-libasm1t64_0.190-1.1ubuntu0.1_amd64.deb ...
#7 30.46 Unpacking libasm1t64:amd64 (0.190-1.1ubuntu0.1) ...
#7 30.48 Selecting previously unselected package elfutils.
#7 30.48 Preparing to unpack .../153-elfutils_0.190-1.1ubuntu0.1_amd64.deb ...
#7 30.49 Unpacking elfutils (0.190-1.1ubuntu0.1) ...
#7 30.52 Selecting previously unselected package fontconfig.
#7 30.52 Preparing to unpack .../154-fontconfig_2.15.0-1.1ubuntu2_amd64.deb ...
#7 30.52 Unpacking fontconfig (2.15.0-1.1ubuntu2) ...
#7 30.55 Selecting previously unselected package fonts-lyx.
#7 30.55 Preparing to unpack .../155-fonts-lyx_2.4.0~RC3-1build4_all.deb ...
#7 30.55 Unpacking fonts-lyx (2.4.0~RC3-1build4) ...
#7 30.58 Selecting previously unselected package libcc1-0:amd64.
#7 30.58 Preparing to unpack .../156-libcc1-0_14.2.0-4ubuntu2~24.04.1_amd64.deb ...
#7 30.59 Unpacking libcc1-0:amd64 (14.2.0-4ubuntu2~24.04.1) ...
#7 30.61 Selecting previously unselected package libgomp1:amd64.
#7 30.61 Preparing to unpack .../157-libgomp1_14.2.0-4ubuntu2~24.04.1_amd64.deb ...
#7 30.62 Unpacking libgomp1:amd64 (14.2.0-4ubuntu2~24.04.1) ...
#7 30.64 Selecting previously unselected package libitm1:amd64.
#7 30.64 Preparing to unpack .../158-libitm1_14.2.0-4ubuntu2~24.04.1_amd64.deb ...
#7 30.65 Unpacking libitm1:amd64 (14.2.0-4ubuntu2~24.04.1) ...
#7 30.67 Selecting previously unselected package libatomic1:amd64.
#7 30.67 Preparing to unpack .../159-libatomic1_14.2.0-4ubuntu2~24.04.1_amd64.deb ...
#7 30.68 Unpacking libatomic1:amd64 (14.2.0-4ubuntu2~24.04.1) ...
#7 30.70 Selecting previously unselected package libasan8:amd64.
#7 30.71 Preparing to unpack .../160-libasan8_14.2.0-4ubuntu2~24.04.1_amd64.deb ...
#7 30.71 Unpacking libasan8:amd64 (14.2.0-4ubuntu2~24.04.1) ...
#7 30.76 Selecting previously unselected package liblsan0:amd64.
#7 30.77 Preparing to unpack .../161-liblsan0_14.2.0-4ubuntu2~24.04.1_amd64.deb ...
#7 30.77 Unpacking liblsan0:amd64 (14.2.0-4ubuntu2~24.04.1) ...
#7 30.81 Selecting previously unselected package libtsan2:amd64.
#7 30.81 Preparing to unpack .../162-libtsan2_14.2.0-4ubuntu2~24.04.1_amd64.deb ...
#7 30.81 Unpacking libtsan2:amd64 (14.2.0-4ubuntu2~24.04.1) ...
#7 30.94 Selecting previously unselected package libubsan1:amd64.
#7 30.94 Preparing to unpack .../163-libubsan1_14.2.0-4ubuntu2~24.04.1_amd64.deb ...
#7 30.94 Unpacking libubsan1:amd64 (14.2.0-4ubuntu2~24.04.1) ...
#7 30.98 Selecting previously unselected package libhwasan0:amd64.
#7 30.98 Preparing to unpack .../164-libhwasan0_14.2.0-4ubuntu2~24.04.1_amd64.deb ...
#7 30.98 Unpacking libhwasan0:amd64 (14.2.0-4ubuntu2~24.04.1) ...
#7 31.02 Selecting previously unselected package libquadmath0:amd64.
#7 31.02 Preparing to unpack .../165-libquadmath0_14.2.0-4ubuntu2~24.04.1_amd64.deb ...
#7 31.02 Unpacking libquadmath0:amd64 (14.2.0-4ubuntu2~24.04.1) ...
#7 31.05 Selecting previously unselected package libgcc-13-dev:amd64.
#7 31.05 Preparing to unpack .../166-libgcc-13-dev_13.3.0-6ubuntu2~24.04.1_amd64.deb ...
#7 31.05 Unpacking libgcc-13-dev:amd64 (13.3.0-6ubuntu2~24.04.1) ...
#7 31.12 Selecting previously unselected package gcc-13-x86-64-linux-gnu.
#7 31.12 Preparing to unpack .../167-gcc-13-x86-64-linux-gnu_13.3.0-6ubuntu2~24.04.1_amd64.deb ...
#7 31.14 Unpacking gcc-13-x86-64-linux-gnu (13.3.0-6ubuntu2~24.04.1) ...
#7 31.32 Selecting previously unselected package gcc-13.
#7 31.32 Preparing to unpack .../168-gcc-13_13.3.0-6ubuntu2~24.04.1_amd64.deb ...
#7 31.33 Unpacking gcc-13 (13.3.0-6ubuntu2~24.04.1) ...
#7 31.38 Selecting previously unselected package gcc-x86-64-linux-gnu.
#7 31.39 Preparing to unpack .../169-gcc-x86-64-linux-gnu_4%3a13.2.0-7ubuntu1_amd64.deb ...
#7 31.39 Unpacking gcc-x86-64-linux-gnu (4:13.2.0-7ubuntu1) ...
#7 31.41 Selecting previously unselected package gcc.
#7 31.41 Preparing to unpack .../170-gcc_4%3a13.2.0-7ubuntu1_amd64.deb ...
#7 31.42 Unpacking gcc (4:13.2.0-7ubuntu1) ...
#7 31.44 Selecting previously unselected package libc-dev-bin.
#7 31.44 Preparing to unpack .../171-libc-dev-bin_2.39-0ubuntu8.7_amd64.deb ...
#7 31.44 Unpacking libc-dev-bin (2.39-0ubuntu8.7) ...
#7 31.46 Selecting previously unselected package linux-libc-dev:amd64.
#7 31.46 Preparing to unpack .../172-linux-libc-dev_6.8.0-134.134_amd64.deb ...
#7 31.46 Unpacking linux-libc-dev:amd64 (6.8.0-134.134) ...
#7 31.60 Selecting previously unselected package libcrypt-dev:amd64.
#7 31.60 Preparing to unpack .../173-libcrypt-dev_1%3a4.4.36-4build1_amd64.deb ...
#7 31.60 Unpacking libcrypt-dev:amd64 (1:4.4.36-4build1) ...
#7 31.62 Selecting previously unselected package rpcsvc-proto.
#7 31.63 Preparing to unpack .../174-rpcsvc-proto_1.4.2-0ubuntu7_amd64.deb ...
#7 31.63 Unpacking rpcsvc-proto (1.4.2-0ubuntu7) ...
#7 31.65 Selecting previously unselected package libc6-dev:amd64.
#7 31.66 Preparing to unpack .../175-libc6-dev_2.39-0ubuntu8.7_amd64.deb ...
#7 31.66 Unpacking libc6-dev:amd64 (2.39-0ubuntu8.7) ...
#7 31.75 Selecting previously unselected package libstdc++-13-dev:amd64.
#7 31.76 Preparing to unpack .../176-libstdc++-13-dev_13.3.0-6ubuntu2~24.04.1_amd64.deb ...
#7 31.76 Unpacking libstdc++-13-dev:amd64 (13.3.0-6ubuntu2~24.04.1) ...
#7 31.89 Selecting previously unselected package g++-13-x86-64-linux-gnu.
#7 31.89 Preparing to unpack .../177-g++-13-x86-64-linux-gnu_13.3.0-6ubuntu2~24.04.1_amd64.deb ...
#7 31.89 Unpacking g++-13-x86-64-linux-gnu (13.3.0-6ubuntu2~24.04.1) ...
#7 32.00 Selecting previously unselected package g++-13.
#7 32.00 Preparing to unpack .../178-g++-13_13.3.0-6ubuntu2~24.04.1_amd64.deb ...
#7 32.00 Unpacking g++-13 (13.3.0-6ubuntu2~24.04.1) ...
#7 32.03 Selecting previously unselected package g++-x86-64-linux-gnu.
#7 32.03 Preparing to unpack .../179-g++-x86-64-linux-gnu_4%3a13.2.0-7ubuntu1_amd64.deb ...
#7 32.03 Unpacking g++-x86-64-linux-gnu (4:13.2.0-7ubuntu1) ...
#7 32.06 Selecting previously unselected package g++.
#7 32.06 Preparing to unpack .../180-g++_4%3a13.2.0-7ubuntu1_amd64.deb ...
#7 32.07 Unpacking g++ (4:13.2.0-7ubuntu1) ...
#7 32.09 Selecting previously unselected package libsasl2-modules-db:amd64.
#7 32.09 Preparing to unpack .../181-libsasl2-modules-db_2.1.28+dfsg1-5ubuntu3.1_amd64.deb ...
#7 32.09 Unpacking libsasl2-modules-db:amd64 (2.1.28+dfsg1-5ubuntu3.1) ...
#7 32.13 Selecting previously unselected package libsasl2-2:amd64.
#7 32.13 Preparing to unpack .../182-libsasl2-2_2.1.28+dfsg1-5ubuntu3.1_amd64.deb ...
#7 32.13 Unpacking libsasl2-2:amd64 (2.1.28+dfsg1-5ubuntu3.1) ...
#7 32.16 Selecting previously unselected package libldap2:amd64.
#7 32.16 Preparing to unpack .../183-libldap2_2.6.10+dfsg-0ubuntu0.24.04.1_amd64.deb ...
#7 32.17 Unpacking libldap2:amd64 (2.6.10+dfsg-0ubuntu0.24.04.1) ...
#7 32.20 Selecting previously unselected package librtmp1:amd64.
#7 32.20 Preparing to unpack .../184-librtmp1_2.4+20151223.gitfa8646d.1-2build7_amd64.deb ...
#7 32.21 Unpacking librtmp1:amd64 (2.4+20151223.gitfa8646d.1-2build7) ...
#7 32.23 Selecting previously unselected package libssh-4:amd64.
#7 32.24 Preparing to unpack .../185-libssh-4_0.10.6-2ubuntu0.4_amd64.deb ...
#7 32.24 Unpacking libssh-4:amd64 (0.10.6-2ubuntu0.4) ...
#7 32.27 Selecting previously unselected package libcurl3t64-gnutls:amd64.
#7 32.27 Preparing to unpack .../186-libcurl3t64-gnutls_8.5.0-2ubuntu10.10_amd64.deb ...
#7 32.28 Unpacking libcurl3t64-gnutls:amd64 (8.5.0-2ubuntu10.10) ...
#7 32.30 Selecting previously unselected package liberror-perl.
#7 32.30 Preparing to unpack .../187-liberror-perl_0.17029-2_all.deb ...
#7 32.30 Unpacking liberror-perl (0.17029-2) ...
#7 32.32 Selecting previously unselected package git-man.
#7 32.32 Preparing to unpack .../188-git-man_1%3a2.43.0-1ubuntu7.3_all.deb ...
#7 32.33 Unpacking git-man (1:2.43.0-1ubuntu7.3) ...
#7 32.36 Selecting previously unselected package git.
#7 32.36 Preparing to unpack .../189-git_1%3a2.43.0-1ubuntu7.3_amd64.deb ...
#7 32.37 Unpacking git (1:2.43.0-1ubuntu7.3) ...
#7 32.47 Selecting previously unselected package libduktape207:amd64.
#7 32.47 Preparing to unpack .../190-libduktape207_2.7.0+tests-0ubuntu3_amd64.deb ...
#7 32.47 Unpacking libduktape207:amd64 (2.7.0+tests-0ubuntu3) ...
#7 32.50 Selecting previously unselected package libproxy1v5:amd64.
#7 32.50 Preparing to unpack .../191-libproxy1v5_0.5.4-4build1_amd64.deb ...
#7 32.50 Unpacking libproxy1v5:amd64 (0.5.4-4build1) ...
#7 32.53 Selecting previously unselected package glib-networking-common.
#7 32.53 Preparing to unpack .../192-glib-networking-common_2.80.0-1build1_all.deb ...
#7 32.53 Unpacking glib-networking-common (2.80.0-1build1) ...
#7 32.55 Selecting previously unselected package glib-networking-services.
#7 32.56 Preparing to unpack .../193-glib-networking-services_2.80.0-1build1_amd64.deb ...
#7 32.56 Unpacking glib-networking-services (2.80.0-1build1) ...
#7 32.58 Selecting previously unselected package glib-networking:amd64.
#7 32.58 Preparing to unpack .../194-glib-networking_2.80.0-1build1_amd64.deb ...
#7 32.59 Unpacking glib-networking:amd64 (2.80.0-1build1) ...
#7 32.61 Selecting previously unselected package libcdparanoia0:amd64.
#7 32.61 Preparing to unpack .../195-libcdparanoia0_3.10.2+debian-14build3_amd64.deb ...
#7 32.62 Unpacking libcdparanoia0:amd64 (3.10.2+debian-14build3) ...
#7 32.64 Selecting previously unselected package libunwind8:amd64.
#7 32.65 Preparing to unpack .../196-libunwind8_1.6.2-3build1.1_amd64.deb ...
#7 32.65 Unpacking libunwind8:amd64 (1.6.2-3build1.1) ...
#7 32.68 Selecting previously unselected package libgstreamer1.0-0:amd64.
#7 32.69 Preparing to unpack .../197-libgstreamer1.0-0_1.24.2-1ubuntu0.1_amd64.deb ...
#7 32.69 Unpacking libgstreamer1.0-0:amd64 (1.24.2-1ubuntu0.1) ...
#7 32.73 Selecting previously unselected package liborc-0.4-0t64:amd64.
#7 32.73 Preparing to unpack .../198-liborc-0.4-0t64_1%3a0.4.38-1ubuntu0.1_amd64.deb ...
#7 32.73 Unpacking liborc-0.4-0t64:amd64 (1:0.4.38-1ubuntu0.1) ...
#7 32.77 Selecting previously unselected package libgstreamer-plugins-base1.0-0:amd64.
#7 32.77 Preparing to unpack .../199-libgstreamer-plugins-base1.0-0_1.24.2-1ubuntu0.4_amd64.deb ...
#7 32.77 Unpacking libgstreamer-plugins-base1.0-0:amd64 (1.24.2-1ubuntu0.4) ...
#7 32.81 Selecting previously unselected package libogg0:amd64.
#7 32.81 Preparing to unpack .../200-libogg0_1.3.5-3build1_amd64.deb ...
#7 32.82 Unpacking libogg0:amd64 (1.3.5-3build1) ...
#7 32.84 Selecting previously unselected package libopus0:amd64.
#7 32.85 Preparing to unpack .../201-libopus0_1.4-1build1_amd64.deb ...
#7 32.85 Unpacking libopus0:amd64 (1.4-1build1) ...
#7 32.88 Selecting previously unselected package libpixman-1-0:amd64.
#7 32.88 Preparing to unpack .../202-libpixman-1-0_0.42.2-1build1_amd64.deb ...
#7 32.88 Unpacking libpixman-1-0:amd64 (0.42.2-1build1) ...
#7 32.92 Selecting previously unselected package libxcb-render0:amd64.
#7 32.92 Preparing to unpack .../203-libxcb-render0_1.15-1ubuntu2_amd64.deb ...
#7 32.92 Unpacking libxcb-render0:amd64 (1.15-1ubuntu2) ...
#7 32.94 Selecting previously unselected package libxcb-shm0:amd64.
#7 32.95 Preparing to unpack .../204-libxcb-shm0_1.15-1ubuntu2_amd64.deb ...
#7 32.95 Unpacking libxcb-shm0:amd64 (1.15-1ubuntu2) ...
#7 32.97 Selecting previously unselected package libcairo2:amd64.
#7 32.97 Preparing to unpack .../205-libcairo2_1.18.0-3build1_amd64.deb ...
#7 32.98 Unpacking libcairo2:amd64 (1.18.0-3build1) ...
#7 33.01 Selecting previously unselected package libtheora0:amd64.
#7 33.01 Preparing to unpack .../206-libtheora0_1.1.1+dfsg.1-16.1build3_amd64.deb ...
#7 33.01 Unpacking libtheora0:amd64 (1.1.1+dfsg.1-16.1build3) ...
#7 33.04 Selecting previously unselected package libvisual-0.4-0:amd64.
#7 33.04 Preparing to unpack .../207-libvisual-0.4-0_0.4.2-2build1_amd64.deb ...
#7 33.05 Unpacking libvisual-0.4-0:amd64 (0.4.2-2build1) ...
#7 33.07 Selecting previously unselected package libvorbis0a:amd64.
#7 33.08 Preparing to unpack .../208-libvorbis0a_1.3.7-1build3_amd64.deb ...
#7 33.08 Unpacking libvorbis0a:amd64 (1.3.7-1build3) ...
#7 33.10 Selecting previously unselected package libvorbisenc2:amd64.
#7 33.11 Preparing to unpack .../209-libvorbisenc2_1.3.7-1build3_amd64.deb ...
#7 33.11 Unpacking libvorbisenc2:amd64 (1.3.7-1build3) ...
#7 33.13 Selecting previously unselected package gstreamer1.0-plugins-base:amd64.
#7 33.14 Preparing to unpack .../210-gstreamer1.0-plugins-base_1.24.2-1ubuntu0.4_amd64.deb ...
#7 33.14 Unpacking gstreamer1.0-plugins-base:amd64 (1.24.2-1ubuntu0.4) ...
#7 33.17 Selecting previously unselected package libaa1:amd64.
#7 33.18 Preparing to unpack .../211-libaa1_1.4p5-51.1_amd64.deb ...
#7 33.18 Unpacking libaa1:amd64 (1.4p5-51.1) ...
#7 33.20 Selecting previously unselected package libraw1394-11:amd64.
#7 33.21 Preparing to unpack .../212-libraw1394-11_2.1.2-2build3_amd64.deb ...
#7 33.21 Unpacking libraw1394-11:amd64 (2.1.2-2build3) ...
#7 33.24 Selecting previously unselected package libavc1394-0:amd64.
#7 33.24 Preparing to unpack .../213-libavc1394-0_0.5.4-5build3_amd64.deb ...
#7 33.24 Unpacking libavc1394-0:amd64 (0.5.4-5build3) ...
#7 33.27 Selecting previously unselected package libcaca0:amd64.
#7 33.27 Preparing to unpack .../214-libcaca0_0.99.beta20-4ubuntu0.2_amd64.deb ...
#7 33.28 Unpacking libcaca0:amd64 (0.99.beta20-4ubuntu0.2) ...
#7 33.31 Selecting previously unselected package libcairo-gobject2:amd64.
#7 33.31 Preparing to unpack .../215-libcairo-gobject2_1.18.0-3build1_amd64.deb ...
#7 33.31 Unpacking libcairo-gobject2:amd64 (1.18.0-3build1) ...
#7 33.34 Selecting previously unselected package libdv4t64:amd64.
#7 33.34 Preparing to unpack .../216-libdv4t64_1.0.0-17.1build1_amd64.deb ...
#7 33.35 Unpacking libdv4t64:amd64 (1.0.0-17.1build1) ...
#7 33.37 Selecting previously unselected package libflac12t64:amd64.
#7 33.38 Preparing to unpack .../217-libflac12t64_1.4.3+ds-2.1ubuntu2_amd64.deb ...
#7 33.39 Unpacking libflac12t64:amd64 (1.4.3+ds-2.1ubuntu2) ...
#7 33.42 Selecting previously unselected package libgstreamer-plugins-good1.0-0:amd64.
#7 33.42 Preparing to unpack .../218-libgstreamer-plugins-good1.0-0_1.24.2-1ubuntu1.4_amd64.deb ...
#7 33.42 Unpacking libgstreamer-plugins-good1.0-0:amd64 (1.24.2-1ubuntu1.4) ...
#7 33.45 Selecting previously unselected package libgudev-1.0-0:amd64.
#7 33.45 Preparing to unpack .../219-libgudev-1.0-0_1%3a238-5ubuntu1_amd64.deb ...
#7 33.45 Unpacking libgudev-1.0-0:amd64 (1:238-5ubuntu1) ...
#7 33.48 Selecting previously unselected package libiec61883-0:amd64.
#7 33.48 Preparing to unpack .../220-libiec61883-0_1.2.0-6build1_amd64.deb ...
#7 33.48 Unpacking libiec61883-0:amd64 (1.2.0-6build1) ...
#7 33.51 Selecting previously unselected package libmp3lame0:amd64.
#7 33.51 Preparing to unpack .../221-libmp3lame0_3.100-6build1_amd64.deb ...
#7 33.51 Unpacking libmp3lame0:amd64 (3.100-6build1) ...
#7 33.54 Selecting previously unselected package libmpg123-0t64:amd64.
#7 33.54 Preparing to unpack .../222-libmpg123-0t64_1.32.5-1ubuntu1.1_amd64.deb ...
#7 33.54 Unpacking libmpg123-0t64:amd64 (1.32.5-1ubuntu1.1) ...
#7 33.57 Selecting previously unselected package libasyncns0:amd64.
#7 33.57 Preparing to unpack .../223-libasyncns0_0.8-6build4_amd64.deb ...
#7 33.58 Unpacking libasyncns0:amd64 (0.8-6build4) ...
#7 33.60 Selecting previously unselected package libsndfile1:amd64.
#7 33.60 Preparing to unpack .../224-libsndfile1_1.2.2-1ubuntu5.24.04.1_amd64.deb ...
#7 33.61 Unpacking libsndfile1:amd64 (1.2.2-1ubuntu5.24.04.1) ...
#7 33.63 Selecting previously unselected package libx11-xcb1:amd64.
#7 33.63 Preparing to unpack .../225-libx11-xcb1_2%3a1.8.7-1build1_amd64.deb ...
#7 33.64 Unpacking libx11-xcb1:amd64 (2:1.8.7-1build1) ...
#7 33.67 Selecting previously unselected package libpulse0:amd64.
#7 33.67 Preparing to unpack .../226-libpulse0_1%3a16.1+dfsg1-2ubuntu10.1_amd64.deb ...
#7 33.68 Unpacking libpulse0:amd64 (1:16.1+dfsg1-2ubuntu10.1) ...
#7 33.71 Selecting previously unselected package libspeex1:amd64.
#7 33.71 Preparing to unpack .../227-libspeex1_1.2.1-2ubuntu2.24.04.1_amd64.deb ...
#7 33.71 Unpacking libspeex1:amd64 (1.2.1-2ubuntu2.24.04.1) ...
#7 33.74 Selecting previously unselected package libshout3:amd64.
#7 33.75 Preparing to unpack .../228-libshout3_2.4.6-1build2_amd64.deb ...
#7 33.75 Unpacking libshout3:amd64 (2.4.6-1build2) ...
#7 33.78 Selecting previously unselected package libtag1v5-vanilla:amd64.
#7 33.78 Preparing to unpack .../229-libtag1v5-vanilla_1.13.1-1build1_amd64.deb ...
#7 33.78 Unpacking libtag1v5-vanilla:amd64 (1.13.1-1build1) ...
#7 33.81 Selecting previously unselected package libtag1v5:amd64.
#7 33.81 Preparing to unpack .../230-libtag1v5_1.13.1-1build1_amd64.deb ...
#7 33.81 Unpacking libtag1v5:amd64 (1.13.1-1build1) ...
#7 33.84 Selecting previously unselected package libtwolame0:amd64.
#7 33.84 Preparing to unpack .../231-libtwolame0_0.4.0-2build3_amd64.deb ...
#7 33.85 Unpacking libtwolame0:amd64 (0.4.0-2build3) ...
#7 33.87 Selecting previously unselected package libv4lconvert0t64:amd64.
#7 33.88 Preparing to unpack .../232-libv4lconvert0t64_1.26.1-4build3_amd64.deb ...
#7 33.88 Unpacking libv4lconvert0t64:amd64 (1.26.1-4build3) ...
#7 33.91 Selecting previously unselected package libv4l-0t64:amd64.
#7 33.91 Preparing to unpack .../233-libv4l-0t64_1.26.1-4build3_amd64.deb ...
#7 33.91 Unpacking libv4l-0t64:amd64 (1.26.1-4build3) ...
#7 33.94 Selecting previously unselected package libvpx9:amd64.
#7 33.95 Preparing to unpack .../234-libvpx9_1.14.0-1ubuntu2.3_amd64.deb ...
#7 33.95 Unpacking libvpx9:amd64 (1.14.0-1ubuntu2.3) ...
#7 33.98 Selecting previously unselected package libwavpack1:amd64.
#7 33.98 Preparing to unpack .../235-libwavpack1_5.6.0-1build1_amd64.deb ...
#7 33.99 Unpacking libwavpack1:amd64 (5.6.0-1build1) ...
#7 34.01 Selecting previously unselected package libxdamage1:amd64.
#7 34.01 Preparing to unpack .../236-libxdamage1_1%3a1.1.6-1build1_amd64.deb ...
#7 34.02 Unpacking libxdamage1:amd64 (1:1.1.6-1build1) ...
#7 34.04 Selecting previously unselected package libxfixes3:amd64.
#7 34.04 Preparing to unpack .../237-libxfixes3_1%3a6.0.0-2build1_amd64.deb ...
#7 34.05 Unpacking libxfixes3:amd64 (1:6.0.0-2build1) ...
#7 34.07 Selecting previously unselected package libsoup-3.0-common.
#7 34.07 Preparing to unpack .../238-libsoup-3.0-common_3.4.4-5ubuntu0.7_all.deb ...
#7 34.07 Unpacking libsoup-3.0-common (3.4.4-5ubuntu0.7) ...
#7 34.10 Selecting previously unselected package libsoup-3.0-0:amd64.
#7 34.10 Preparing to unpack .../239-libsoup-3.0-0_3.4.4-5ubuntu0.7_amd64.deb ...
#7 34.10 Unpacking libsoup-3.0-0:amd64 (3.4.4-5ubuntu0.7) ...
#7 34.13 Selecting previously unselected package gstreamer1.0-plugins-good:amd64.
#7 34.13 Preparing to unpack .../240-gstreamer1.0-plugins-good_1.24.2-1ubuntu1.4_amd64.deb ...
#7 34.13 Unpacking gstreamer1.0-plugins-good:amd64 (1.24.2-1ubuntu1.4) ...
#7 34.19 Selecting previously unselected package libgraphite2-3:amd64.
#7 34.19 Preparing to unpack .../241-libgraphite2-3_1.3.14-2ubuntu0.24.04.1_amd64.deb ...
#7 34.19 Unpacking libgraphite2-3:amd64 (1.3.14-2ubuntu0.24.04.1) ...
#7 34.22 Selecting previously unselected package libharfbuzz0b:amd64.
#7 34.22 Preparing to unpack .../242-libharfbuzz0b_8.3.0-2build2_amd64.deb ...
#7 34.23 Unpacking libharfbuzz0b:amd64 (8.3.0-2build2) ...
#7 34.25 Selecting previously unselected package libthai-data.
#7 34.25 Preparing to unpack .../243-libthai-data_0.1.29-2build1_all.deb ...
#7 34.26 Unpacking libthai-data (0.1.29-2build1) ...
#7 34.28 Selecting previously unselected package libdatrie1:amd64.
#7 34.29 Preparing to unpack .../244-libdatrie1_0.2.13-3build1_amd64.deb ...
#7 34.29 Unpacking libdatrie1:amd64 (0.2.13-3build1) ...
#7 34.32 Selecting previously unselected package libthai0:amd64.
#7 34.32 Preparing to unpack .../245-libthai0_0.1.29-2build1_amd64.deb ...
#7 34.32 Unpacking libthai0:amd64 (0.1.29-2build1) ...
#7 34.35 Selecting previously unselected package libpango-1.0-0:amd64.
#7 34.35 Preparing to unpack .../246-libpango-1.0-0_1.52.1+ds-1build1_amd64.deb ...
#7 34.35 Unpacking libpango-1.0-0:amd64 (1.52.1+ds-1build1) ...
#7 34.38 Selecting previously unselected package libpangoft2-1.0-0:amd64.
#7 34.39 Preparing to unpack .../247-libpangoft2-1.0-0_1.52.1+ds-1build1_amd64.deb ...
#7 34.39 Unpacking libpangoft2-1.0-0:amd64 (1.52.1+ds-1build1) ...
#7 34.41 Selecting previously unselected package libpangocairo-1.0-0:amd64.
#7 34.42 Preparing to unpack .../248-libpangocairo-1.0-0_1.52.1+ds-1build1_amd64.deb ...
#7 34.42 Unpacking libpangocairo-1.0-0:amd64 (1.52.1+ds-1build1) ...
#7 34.45 Selecting previously unselected package libxv1:amd64.
#7 34.46 Preparing to unpack .../249-libxv1_2%3a1.0.11-1.1build1_amd64.deb ...
#7 34.46 Unpacking libxv1:amd64 (2:1.0.11-1.1build1) ...
#7 34.48 Selecting previously unselected package gstreamer1.0-x:amd64.
#7 34.48 Preparing to unpack .../250-gstreamer1.0-x_1.24.2-1ubuntu0.4_amd64.deb ...
#7 34.49 Unpacking gstreamer1.0-x:amd64 (1.24.2-1ubuntu0.4) ...
#7 34.55 Selecting previously unselected package ipxe-qemu.
#7 34.55 Preparing to unpack .../251-ipxe-qemu_1.21.1+git-20220113.fbbdc3926-0ubuntu2_all.deb ...
#7 34.55 Unpacking ipxe-qemu (1.21.1+git-20220113.fbbdc3926-0ubuntu2) ...
#7 34.58 Selecting previously unselected package ipxe-qemu-256k-compat-efi-roms.
#7 34.58 Preparing to unpack .../252-ipxe-qemu-256k-compat-efi-roms_1.0.0+git-20150424.a25a16d-0ubuntu5_all.deb ...
#7 34.58 Unpacking ipxe-qemu-256k-compat-efi-roms (1.0.0+git-20150424.a25a16d-0ubuntu5) ...
#7 34.61 Selecting previously unselected package python3-decorator.
#7 34.61 Preparing to unpack .../253-python3-decorator_5.1.1-5_all.deb ...
#7 34.62 Unpacking python3-decorator (5.1.1-5) ...
#7 34.64 Selecting previously unselected package python3-parso.
#7 34.64 Preparing to unpack .../254-python3-parso_0.8.3-1_all.deb ...
#7 34.65 Unpacking python3-parso (0.8.3-1) ...
#7 34.67 Selecting previously unselected package python3-typeshed.
#7 34.68 Preparing to unpack .../255-python3-typeshed_0.0~git20231111.6764465-3_all.deb ...
#7 34.68 Unpacking python3-typeshed (0.0~git20231111.6764465-3) ...
#7 35.14 Selecting previously unselected package python3-jedi.
#7 35.14 Preparing to unpack .../256-python3-jedi_0.19.1+ds1-1_all.deb ...
#7 35.15 Unpacking python3-jedi (0.19.1+ds1-1) ...
#7 35.37 Selecting previously unselected package python3-traitlets.
#7 35.37 Preparing to unpack .../257-python3-traitlets_5.5.0-2_all.deb ...
#7 35.37 Unpacking python3-traitlets (5.5.0-2) ...
#7 35.41 Selecting previously unselected package python3-matplotlib-inline.
#7 35.41 Preparing to unpack .../258-python3-matplotlib-inline_0.1.6-2_all.deb ...
#7 35.41 Unpacking python3-matplotlib-inline (0.1.6-2) ...
#7 35.44 Selecting previously unselected package python3-ptyprocess.
#7 35.45 Preparing to unpack .../259-python3-ptyprocess_0.7.0-5_all.deb ...
#7 35.45 Unpacking python3-ptyprocess (0.7.0-5) ...
#7 35.48 Selecting previously unselected package python3-pexpect.
#7 35.48 Preparing to unpack .../260-python3-pexpect_4.9-2_all.deb ...
#7 35.48 Unpacking python3-pexpect (4.9-2) ...
#7 35.51 Selecting previously unselected package python3-wcwidth.
#7 35.52 Preparing to unpack .../261-python3-wcwidth_0.2.5+dfsg1-1.1ubuntu1_all.deb ...
#7 35.52 Unpacking python3-wcwidth (0.2.5+dfsg1-1.1ubuntu1) ...
#7 35.55 Selecting previously unselected package python3-prompt-toolkit.
#7 35.55 Preparing to unpack .../262-python3-prompt-toolkit_3.0.43-1_all.deb ...
#7 35.56 Unpacking python3-prompt-toolkit (3.0.43-1) ...
#7 35.60 Selecting previously unselected package python3-six.
#7 35.61 Preparing to unpack .../263-python3-six_1.16.0-4_all.deb ...
#7 35.61 Unpacking python3-six (1.16.0-4) ...
#7 35.64 Selecting previously unselected package python3-asttokens.
#7 35.64 Preparing to unpack .../264-python3-asttokens_2.4.1-1_all.deb ...
#7 35.64 Unpacking python3-asttokens (2.4.1-1) ...
#7 35.67 Selecting previously unselected package python3-executing.
#7 35.67 Preparing to unpack .../265-python3-executing_2.0.1-0.1_all.deb ...
#7 35.68 Unpacking python3-executing (2.0.1-0.1) ...
#7 35.70 Selecting previously unselected package python3-pure-eval.
#7 35.70 Preparing to unpack .../266-python3-pure-eval_0.2.2-1_all.deb ...
#7 35.70 Unpacking python3-pure-eval (0.2.2-1) ...
#7 35.73 Selecting previously unselected package python3-stack-data.
#7 35.73 Preparing to unpack .../267-python3-stack-data_0.6.3-1_all.deb ...
#7 35.73 Unpacking python3-stack-data (0.6.3-1) ...
#7 35.76 Selecting previously unselected package python3-setuptools.
#7 35.76 Preparing to unpack .../268-python3-setuptools_68.1.2-2ubuntu1.2_all.deb ...
#7 35.77 Unpacking python3-setuptools (68.1.2-2ubuntu1.2) ...
#7 35.81 Selecting previously unselected package python3-ipython.
#7 35.81 Preparing to unpack .../269-python3-ipython_8.20.0-1_all.deb ...
#7 35.82 Unpacking python3-ipython (8.20.0-1) ...
#7 35.87 Selecting previously unselected package ipython3.
#7 35.87 Preparing to unpack .../270-ipython3_8.20.0-1_all.deb ...
#7 35.88 Unpacking ipython3 (8.20.0-1) ...
#7 35.90 Selecting previously unselected package isympy-common.
#7 35.90 Preparing to unpack .../271-isympy-common_1.12-7_all.deb ...
#7 35.90 Unpacking isympy-common (1.12-7) ...
#7 35.93 Selecting previously unselected package python3-mpmath.
#7 35.93 Preparing to unpack .../272-python3-mpmath_1.2.1-3_all.deb ...
#7 35.93 Unpacking python3-mpmath (1.2.1-3) ...
#7 35.98 Selecting previously unselected package python3-sympy.
#7 35.98 Preparing to unpack .../273-python3-sympy_1.12-7_all.deb ...
#7 35.98 Unpacking python3-sympy (1.12-7) ...
#7 36.19 Selecting previously unselected package isympy3.
#7 36.19 Preparing to unpack .../274-isympy3_1.12-7_all.deb ...
#7 36.20 Unpacking isympy3 (1.12-7) ...
#7 36.23 Selecting previously unselected package javascript-common.
#7 36.23 Preparing to unpack .../275-javascript-common_11+nmu1_all.deb ...
#7 36.24 Unpacking javascript-common (11+nmu1) ...
#7 36.27 Selecting previously unselected package libonig5:amd64.
#7 36.27 Preparing to unpack .../276-libonig5_6.9.9-1build1_amd64.deb ...
#7 36.27 Unpacking libonig5:amd64 (6.9.9-1build1) ...
#7 36.30 Selecting previously unselected package libjq1:amd64.
#7 36.31 Preparing to unpack .../277-libjq1_1.7.1-3ubuntu0.24.04.2_amd64.deb ...
#7 36.31 Unpacking libjq1:amd64 (1.7.1-3ubuntu0.24.04.2) ...
#7 36.34 Selecting previously unselected package jq.
#7 36.34 Preparing to unpack .../278-jq_1.7.1-3ubuntu0.24.04.2_amd64.deb ...
#7 36.34 Unpacking jq (1.7.1-3ubuntu0.24.04.2) ...
#7 36.37 Selecting previously unselected package libaio1t64:amd64.
#7 36.37 Preparing to unpack .../279-libaio1t64_0.3.113-6build1.1_amd64.deb ...
#7 36.38 Unpacking libaio1t64:amd64 (0.3.113-6build1.1) ...
#7 36.41 Selecting previously unselected package libaom3:amd64.
#7 36.41 Preparing to unpack .../280-libaom3_3.8.2-2ubuntu0.1_amd64.deb ...
#7 36.41 Unpacking libaom3:amd64 (3.8.2-2ubuntu0.1) ...
#7 36.70 Selecting previously unselected package libatk1.0-0t64:amd64.
#7 36.70 Preparing to unpack .../281-libatk1.0-0t64_2.52.0-1build1_amd64.deb ...
#7 36.70 Unpacking libatk1.0-0t64:amd64 (2.52.0-1build1) ...
#7 36.73 Selecting previously unselected package libatk-bridge2.0-0t64:amd64.
#7 36.73 Preparing to unpack .../282-libatk-bridge2.0-0t64_2.52.0-1build1_amd64.deb ...
#7 36.73 Unpacking libatk-bridge2.0-0t64:amd64 (2.52.0-1build1) ...
#7 36.75 Selecting previously unselected package libavahi-common-data:amd64.
#7 36.76 Preparing to unpack .../283-libavahi-common-data_0.8-13ubuntu6.2_amd64.deb ...
#7 36.76 Unpacking libavahi-common-data:amd64 (0.8-13ubuntu6.2) ...
#7 36.79 Selecting previously unselected package libavahi-common3:amd64.
#7 36.79 Preparing to unpack .../284-libavahi-common3_0.8-13ubuntu6.2_amd64.deb ...
#7 36.79 Unpacking libavahi-common3:amd64 (0.8-13ubuntu6.2) ...
#7 36.82 Selecting previously unselected package libavahi-client3:amd64.
#7 36.82 Preparing to unpack .../285-libavahi-client3_0.8-13ubuntu6.2_amd64.deb ...
#7 36.82 Unpacking libavahi-client3:amd64 (0.8-13ubuntu6.2) ...
#7 36.85 Selecting previously unselected package libblas3:amd64.
#7 36.86 Preparing to unpack .../286-libblas3_3.12.0-3build1.1_amd64.deb ...
#7 36.86 Unpacking libblas3:amd64 (3.12.0-3build1.1) ...
#7 36.89 Selecting previously unselected package libboost-iostreams1.83.0:amd64.
#7 36.89 Preparing to unpack .../287-libboost-iostreams1.83.0_1.83.0-2.1ubuntu3.2_amd64.deb ...
#7 36.89 Unpacking libboost-iostreams1.83.0:amd64 (1.83.0-2.1ubuntu3.2) ...
#7 36.92 Selecting previously unselected package libboost-thread1.83.0:amd64.
#7 36.93 Preparing to unpack .../288-libboost-thread1.83.0_1.83.0-2.1ubuntu3.2_amd64.deb ...
#7 36.93 Unpacking libboost-thread1.83.0:amd64 (1.83.0-2.1ubuntu3.2) ...
#7 36.96 Selecting previously unselected package zlib1g-dev:amd64.
#7 36.96 Preparing to unpack .../289-zlib1g-dev_1%3a1.3.dfsg-3.1ubuntu2.1_amd64.deb ...
#7 36.96 Unpacking zlib1g-dev:amd64 (1:1.3.dfsg-3.1ubuntu2.1) ...
#7 36.99 Selecting previously unselected package libzstd-dev:amd64.
#7 36.99 Preparing to unpack .../290-libzstd-dev_1.5.5+dfsg2-2build1.1_amd64.deb ...
#7 36.99 Unpacking libzstd-dev:amd64 (1.5.5+dfsg2-2build1.1) ...
#7 37.02 Selecting previously unselected package libelf-dev:amd64.
#7 37.03 Preparing to unpack .../291-libelf-dev_0.190-1.1ubuntu0.1_amd64.deb ...
#7 37.03 Unpacking libelf-dev:amd64 (0.190-1.1ubuntu0.1) ...
#7 37.06 Selecting previously unselected package libbpf-dev:amd64.
#7 37.06 Preparing to unpack .../292-libbpf-dev_1%3a1.3.0-2build2_amd64.deb ...
#7 37.06 Unpacking libbpf-dev:amd64 (1:1.3.0-2build2) ...
#7 37.09 Selecting previously unselected package libbrlapi0.8:amd64.
#7 37.09 Preparing to unpack .../293-libbrlapi0.8_6.6-4ubuntu5_amd64.deb ...
#7 37.10 Unpacking libbrlapi0.8:amd64 (6.6-4ubuntu5) ...
#7 37.12 Selecting previously unselected package libheif-plugin-aomdec:amd64.
#7 37.12 Preparing to unpack .../294-libheif-plugin-aomdec_1.17.6-1ubuntu4.4_amd64.deb ...
#7 37.12 Unpacking libheif-plugin-aomdec:amd64 (1.17.6-1ubuntu4.4) ...
#7 37.14 Selecting previously unselected package libheif1:amd64.
#7 37.15 Preparing to unpack .../295-libheif1_1.17.6-1ubuntu4.4_amd64.deb ...
#7 37.15 Unpacking libheif1:amd64 (1.17.6-1ubuntu4.4) ...
#7 37.18 Selecting previously unselected package libxpm4:amd64.
#7 37.18 Preparing to unpack .../296-libxpm4_1%3a3.5.17-1build2_amd64.deb ...
#7 37.18 Unpacking libxpm4:amd64 (1:3.5.17-1build2) ...
#7 37.21 Selecting previously unselected package libgd3:amd64.
#7 37.21 Preparing to unpack .../297-libgd3_2.3.3-9ubuntu5_amd64.deb ...
#7 37.21 Unpacking libgd3:amd64 (2.3.3-9ubuntu5) ...
#7 37.24 Selecting previously unselected package libc-devtools.
#7 37.24 Preparing to unpack .../298-libc-devtools_2.39-0ubuntu8.7_amd64.deb ...
#7 37.24 Unpacking libc-devtools (2.39-0ubuntu8.7) ...
#7 37.27 Selecting previously unselected package libnspr4:amd64.
#7 37.27 Preparing to unpack .../299-libnspr4_2%3a4.35-1.1build1_amd64.deb ...
#7 37.27 Unpacking libnspr4:amd64 (2:4.35-1.1build1) ...
#7 37.30 Selecting previously unselected package libnss3:amd64.
#7 37.30 Preparing to unpack .../300-libnss3_2%3a3.98-1ubuntu0.2_amd64.deb ...
#7 37.31 Unpacking libnss3:amd64 (2:3.98-1ubuntu0.2) ...
#7 37.34 Selecting previously unselected package libpcsclite1:amd64.
#7 37.34 Preparing to unpack .../301-libpcsclite1_2.0.3-1build1_amd64.deb ...
#7 37.35 Unpacking libpcsclite1:amd64 (2.0.3-1build1) ...
#7 37.37 Selecting previously unselected package libcacard0:amd64.
#7 37.37 Preparing to unpack .../302-libcacard0_1%3a2.8.0-3build4_amd64.deb ...
#7 37.38 Unpacking libcacard0:amd64 (1:2.8.0-3build4) ...
#7 37.40 Selecting previously unselected package libcap-dev:amd64.
#7 37.40 Preparing to unpack .../303-libcap-dev_1%3a2.66-5ubuntu2.4_amd64.deb ...
#7 37.40 Unpacking libcap-dev:amd64 (1:2.66-5ubuntu2.4) ...
#7 37.44 Selecting previously unselected package liblcms2-2:amd64.
#7 37.45 Preparing to unpack .../304-liblcms2-2_2.14-2ubuntu0.1_amd64.deb ...
#7 37.45 Unpacking liblcms2-2:amd64 (2.14-2ubuntu0.1) ...
#7 37.48 Selecting previously unselected package libcolord2:amd64.
#7 37.48 Preparing to unpack .../305-libcolord2_1.4.7-1build2_amd64.deb ...
#7 37.48 Unpacking libcolord2:amd64 (1.4.7-1build2) ...
#7 37.51 Selecting previously unselected package libcups2t64:amd64.
#7 37.52 Preparing to unpack .../306-libcups2t64_2.4.7-1.2ubuntu7.14_amd64.deb ...
#7 37.52 Unpacking libcups2t64:amd64 (2.4.7-1.2ubuntu7.14) ...
#7 37.55 Selecting previously unselected package libdaxctl1:amd64.
#7 37.55 Preparing to unpack .../307-libdaxctl1_77-2ubuntu2_amd64.deb ...
#7 37.56 Unpacking libdaxctl1:amd64 (77-2ubuntu2) ...
#7 37.58 Selecting previously unselected package libwayland-client0:amd64.
#7 37.59 Preparing to unpack .../308-libwayland-client0_1.22.0-2.1build1_amd64.deb ...
#7 37.59 Unpacking libwayland-client0:amd64 (1.22.0-2.1build1) ...
#7 37.62 Selecting previously unselected package libdecor-0-0:amd64.
#7 37.62 Preparing to unpack .../309-libdecor-0-0_0.2.2-1build2_amd64.deb ...
#7 37.62 Unpacking libdecor-0-0:amd64 (0.2.2-1build2) ...
#7 37.65 Selecting previously unselected package libepoxy0:amd64.
#7 37.66 Preparing to unpack .../310-libepoxy0_1.5.10-1build1_amd64.deb ...
#7 37.66 Unpacking libepoxy0:amd64 (1.5.10-1build1) ...
#7 37.69 Selecting previously unselected package libwayland-cursor0:amd64.
#7 37.69 Preparing to unpack .../311-libwayland-cursor0_1.22.0-2.1build1_amd64.deb ...
#7 37.69 Unpacking libwayland-cursor0:amd64 (1.22.0-2.1build1) ...
#7 37.71 Selecting previously unselected package libwayland-egl1:amd64.
#7 37.72 Preparing to unpack .../312-libwayland-egl1_1.22.0-2.1build1_amd64.deb ...
#7 37.72 Unpacking libwayland-egl1:amd64 (1.22.0-2.1build1) ...
#7 37.75 Selecting previously unselected package libxcomposite1:amd64.
#7 37.75 Preparing to unpack .../313-libxcomposite1_1%3a0.4.5-1build3_amd64.deb ...
#7 37.75 Unpacking libxcomposite1:amd64 (1:0.4.5-1build3) ...
#7 37.77 Selecting previously unselected package libxcursor1:amd64.
#7 37.77 Preparing to unpack .../314-libxcursor1_1%3a1.2.1-1build1_amd64.deb ...
#7 37.78 Unpacking libxcursor1:amd64 (1:1.2.1-1build1) ...
#7 37.80 Selecting previously unselected package libxinerama1:amd64.
#7 37.80 Preparing to unpack .../315-libxinerama1_2%3a1.1.4-3build1_amd64.deb ...
#7 37.81 Unpacking libxinerama1:amd64 (2:1.1.4-3build1) ...
#7 37.83 Selecting previously unselected package libxrandr2:amd64.
#7 37.84 Preparing to unpack .../316-libxrandr2_2%3a1.5.2-2build1_amd64.deb ...
#7 37.84 Unpacking libxrandr2:amd64 (2:1.5.2-2build1) ...
#7 37.87 Selecting previously unselected package libgtk-3-common.
#7 37.87 Preparing to unpack .../317-libgtk-3-common_3.24.41-4ubuntu1.3_all.deb ...
#7 37.87 Unpacking libgtk-3-common (3.24.41-4ubuntu1.3) ...
#7 37.92 Selecting previously unselected package libgtk-3-0t64:amd64.
#7 37.92 Preparing to unpack .../318-libgtk-3-0t64_3.24.41-4ubuntu1.3_amd64.deb ...
#7 37.93 Unpacking libgtk-3-0t64:amd64 (3.24.41-4ubuntu1.3) ...
#7 37.99 Selecting previously unselected package libdecor-0-plugin-1-gtk:amd64.
#7 37.99 Preparing to unpack .../319-libdecor-0-plugin-1-gtk_0.2.2-1build2_amd64.deb ...
#7 37.99 Unpacking libdecor-0-plugin-1-gtk:amd64 (0.2.2-1build2) ...
#7 38.02 Selecting previously unselected package libdrm-amdgpu1:amd64.
#7 38.02 Preparing to unpack .../320-libdrm-amdgpu1_2.4.125-1ubuntu0.1~24.04.2_amd64.deb ...
#7 38.03 Unpacking libdrm-amdgpu1:amd64 (2.4.125-1ubuntu0.1~24.04.2) ...
#7 38.06 Selecting previously unselected package libpciaccess0:amd64.
#7 38.06 Preparing to unpack .../321-libpciaccess0_0.17-3ubuntu0.24.04.2_amd64.deb ...
#7 38.06 Unpacking libpciaccess0:amd64 (0.17-3ubuntu0.24.04.2) ...
#7 38.09 Selecting previously unselected package libdrm-intel1:amd64.
#7 38.10 Preparing to unpack .../322-libdrm-intel1_2.4.125-1ubuntu0.1~24.04.2_amd64.deb ...
#7 38.10 Unpacking libdrm-intel1:amd64 (2.4.125-1ubuntu0.1~24.04.2) ...
#7 38.13 Selecting previously unselected package libfl2:amd64.
#7 38.13 Preparing to unpack .../323-libfl2_2.6.4-8.2build1_amd64.deb ...
#7 38.14 Unpacking libfl2:amd64 (2.6.4-8.2build1) ...
#7 38.16 Selecting previously unselected package libfl-dev:amd64.
#7 38.16 Preparing to unpack .../324-libfl-dev_2.6.4-8.2build1_amd64.deb ...
#7 38.17 Unpacking libfl-dev:amd64 (2.6.4-8.2build1) ...
#7 38.20 Selecting previously unselected package libllvm20:amd64.
#7 38.20 Preparing to unpack .../325-libllvm20_1%3a20.1.2-0ubuntu1~24.04.3_amd64.deb ...
#7 38.20 Unpacking libllvm20:amd64 (1:20.1.2-0ubuntu1~24.04.3) ...
#7 38.54 Selecting previously unselected package libxcb-dri3-0:amd64.
#7 38.54 Preparing to unpack .../326-libxcb-dri3-0_1.15-1ubuntu2_amd64.deb ...
#7 38.55 Unpacking libxcb-dri3-0:amd64 (1.15-1ubuntu2) ...
#7 38.57 Selecting previously unselected package libxcb-present0:amd64.
#7 38.57 Preparing to unpack .../327-libxcb-present0_1.15-1ubuntu2_amd64.deb ...
#7 38.58 Unpacking libxcb-present0:amd64 (1.15-1ubuntu2) ...
#7 38.60 Selecting previously unselected package libxcb-randr0:amd64.
#7 38.61 Preparing to unpack .../328-libxcb-randr0_1.15-1ubuntu2_amd64.deb ...
#7 38.61 Unpacking libxcb-randr0:amd64 (1.15-1ubuntu2) ...
#7 38.63 Selecting previously unselected package libxcb-sync1:amd64.
#7 38.63 Preparing to unpack .../329-libxcb-sync1_1.15-1ubuntu2_amd64.deb ...
#7 38.64 Unpacking libxcb-sync1:amd64 (1.15-1ubuntu2) ...
#7 38.66 Selecting previously unselected package libxcb-xfixes0:amd64.
#7 38.66 Preparing to unpack .../330-libxcb-xfixes0_1.15-1ubuntu2_amd64.deb ...
#7 38.66 Unpacking libxcb-xfixes0:amd64 (1.15-1ubuntu2) ...
#7 38.69 Selecting previously unselected package libxshmfence1:amd64.
#7 38.69 Preparing to unpack .../331-libxshmfence1_1.3-1build5_amd64.deb ...
#7 38.69 Unpacking libxshmfence1:amd64 (1.3-1build5) ...
#7 38.72 Selecting previously unselected package mesa-libgallium:amd64.
#7 38.72 Preparing to unpack .../332-mesa-libgallium_25.2.8-0ubuntu0.24.04.2_amd64.deb ...
#7 38.73 Unpacking mesa-libgallium:amd64 (25.2.8-0ubuntu0.24.04.2) ...
#7 38.85 Selecting previously unselected package libgbm1:amd64.
#7 38.85 Preparing to unpack .../333-libgbm1_25.2.8-0ubuntu0.24.04.2_amd64.deb ...
#7 38.86 Unpacking libgbm1:amd64 (25.2.8-0ubuntu0.24.04.2) ...
#7 38.88 Selecting previously unselected package libgdk-pixbuf2.0-bin.
#7 38.88 Preparing to unpack .../334-libgdk-pixbuf2.0-bin_2.42.10+dfsg-3ubuntu3.3_amd64.deb ...
#7 38.88 Unpacking libgdk-pixbuf2.0-bin (2.42.10+dfsg-3ubuntu3.3) ...
#7 38.93 Selecting previously unselected package libgfortran5:amd64.
#7 38.93 Preparing to unpack .../335-libgfortran5_14.2.0-4ubuntu2~24.04.1_amd64.deb ...
#7 38.94 Unpacking libgfortran5:amd64 (14.2.0-4ubuntu2~24.04.1) ...
#7 38.97 Selecting previously unselected package libvulkan1:amd64.
#7 38.97 Preparing to unpack .../336-libvulkan1_1.3.275.0-1build1_amd64.deb ...
#7 38.98 Unpacking libvulkan1:amd64 (1.3.275.0-1build1) ...
#7 39.01 Selecting previously unselected package libgl1-mesa-dri:amd64.
#7 39.01 Preparing to unpack .../337-libgl1-mesa-dri_25.2.8-0ubuntu0.24.04.2_amd64.deb ...
#7 39.02 Unpacking libgl1-mesa-dri:amd64 (25.2.8-0ubuntu0.24.04.2) ...
#7 39.05 Selecting previously unselected package libxcb-glx0:amd64.
#7 39.05 Preparing to unpack .../338-libxcb-glx0_1.15-1ubuntu2_amd64.deb ...
#7 39.06 Unpacking libxcb-glx0:amd64 (1.15-1ubuntu2) ...
#7 39.08 Selecting previously unselected package libxxf86vm1:amd64.
#7 39.09 Preparing to unpack .../339-libxxf86vm1_1%3a1.1.4-1build4_amd64.deb ...
#7 39.09 Unpacking libxxf86vm1:amd64 (1:1.1.4-1build4) ...
#7 39.12 Selecting previously unselected package libglx-mesa0:amd64.
#7 39.13 Preparing to unpack .../340-libglx-mesa0_25.2.8-0ubuntu0.24.04.2_amd64.deb ...
#7 39.13 Unpacking libglx-mesa0:amd64 (25.2.8-0ubuntu0.24.04.2) ...
#7 39.15 Selecting previously unselected package libgtk-3-bin.
#7 39.16 Preparing to unpack .../341-libgtk-3-bin_3.24.41-4ubuntu1.3_amd64.deb ...
#7 39.16 Unpacking libgtk-3-bin (3.24.41-4ubuntu1.3) ...
#7 39.19 Selecting previously unselected package libheif-plugin-aomenc:amd64.
#7 39.19 Preparing to unpack .../342-libheif-plugin-aomenc_1.17.6-1ubuntu4.4_amd64.deb ...
#7 39.19 Unpacking libheif-plugin-aomenc:amd64 (1.17.6-1ubuntu4.4) ...
#7 39.22 Selecting previously unselected package libimagequant0:amd64.
#7 39.22 Preparing to unpack .../343-libimagequant0_2.18.0-1build1_amd64.deb ...
#7 39.23 Unpacking libimagequant0:amd64 (2.18.0-1build1) ...
#7 39.25 Selecting previously unselected package librdmacm1t64:amd64.
#7 39.26 Preparing to unpack .../344-librdmacm1t64_50.0-2ubuntu0.2_amd64.deb ...
#7 39.26 Unpacking librdmacm1t64:amd64 (50.0-2ubuntu0.2) ...
#7 39.29 Selecting previously unselected package libiscsi7:amd64.
#7 39.29 Preparing to unpack .../345-libiscsi7_1.19.0-3build4_amd64.deb ...
#7 39.29 Unpacking libiscsi7:amd64 (1.19.0-3build4) ...
#7 39.32 Selecting previously unselected package libsamplerate0:amd64.
#7 39.33 Preparing to unpack .../346-libsamplerate0_0.2.2-4build1_amd64.deb ...
#7 39.33 Unpacking libsamplerate0:amd64 (0.2.2-4build1) ...
#7 39.36 Selecting previously unselected package libjack-jackd2-0:amd64.
#7 39.36 Preparing to unpack .../347-libjack-jackd2-0_1.9.21~dfsg-3ubuntu3_amd64.deb ...
#7 39.37 Unpacking libjack-jackd2-0:amd64 (1.9.21~dfsg-3ubuntu3) ...
#7 39.40 Selecting previously unselected package libjs-jquery.
#7 39.40 Preparing to unpack .../348-libjs-jquery_3.6.1+dfsg+~3.5.14-1_all.deb ...
#7 39.41 Unpacking libjs-jquery (3.6.1+dfsg+~3.5.14-1) ...
#7 39.43 Selecting previously unselected package libjs-jquery-ui.
#7 39.43 Preparing to unpack .../349-libjs-jquery-ui_1.13.2+dfsg-1_all.deb ...
#7 39.44 Unpacking libjs-jquery-ui (1.13.2+dfsg-1) ...
#7 39.50 Selecting previously unselected package liblapack3:amd64.
#7 39.50 Preparing to unpack .../350-liblapack3_3.12.0-3build1.1_amd64.deb ...
#7 39.50 Unpacking liblapack3:amd64 (3.12.0-3build1.1) ...
#7 39.55 Selecting previously unselected package liblbfgsb0:amd64.
#7 39.55 Preparing to unpack .../351-liblbfgsb0_3.0+dfsg.4-1build1_amd64.deb ...
#7 39.56 Unpacking liblbfgsb0:amd64 (3.0+dfsg.4-1build1) ...
#7 39.58 Selecting previously unselected package libldap-common.
#7 39.58 Preparing to unpack .../352-libldap-common_2.6.10+dfsg-0ubuntu0.24.04.1_all.deb ...
#7 39.59 Unpacking libldap-common (2.6.10+dfsg-0ubuntu0.24.04.1) ...
#7 39.61 Selecting previously unselected package libndctl6:amd64.
#7 39.61 Preparing to unpack .../353-libndctl6_77-2ubuntu2_amd64.deb ...
#7 39.62 Unpacking libndctl6:amd64 (77-2ubuntu2) ...
#7 39.65 Selecting previously unselected package libnfs14:amd64.
#7 39.65 Preparing to unpack .../354-libnfs14_5.0.2-1ubuntu0.24.04.1_amd64.deb ...
#7 39.65 Unpacking libnfs14:amd64 (5.0.2-1ubuntu0.24.04.1) ...
#7 39.68 Selecting previously unselected package libwebrtc-audio-processing1:amd64.
#7 39.68 Preparing to unpack .../355-libwebrtc-audio-processing1_0.3.1-0ubuntu6_amd64.deb ...
#7 39.69 Unpacking libwebrtc-audio-processing1:amd64 (0.3.1-0ubuntu6) ...
#7 39.71 Selecting previously unselected package libspa-0.2-modules:amd64.
#7 39.71 Preparing to unpack .../356-libspa-0.2-modules_1.0.5-1ubuntu3.2_amd64.deb ...
#7 39.72 Unpacking libspa-0.2-modules:amd64 (1.0.5-1ubuntu3.2) ...
#7 39.75 Selecting previously unselected package libpipewire-0.3-0t64:amd64.
#7 39.76 Preparing to unpack .../357-libpipewire-0.3-0t64_1.0.5-1ubuntu3.2_amd64.deb ...
#7 39.76 Unpacking libpipewire-0.3-0t64:amd64 (1.0.5-1ubuntu3.2) ...
#7 39.78 Selecting previously unselected package libpipewire-0.3-common.
#7 39.79 Preparing to unpack .../358-libpipewire-0.3-common_1.0.5-1ubuntu3.2_all.deb ...
#7 39.79 Unpacking libpipewire-0.3-common (1.0.5-1ubuntu3.2) ...
#7 39.82 Selecting previously unselected package libpkgconf3:amd64.
#7 39.82 Preparing to unpack .../359-libpkgconf3_1.8.1-2build1_amd64.deb ...
#7 39.83 Unpacking libpkgconf3:amd64 (1.8.1-2build1) ...
#7 39.85 Selecting previously unselected package libpmem1:amd64.
#7 39.86 Preparing to unpack .../360-libpmem1_1.13.1-1.1ubuntu2_amd64.deb ...
#7 39.86 Unpacking libpmem1:amd64 (1.13.1-1.1ubuntu2) ...
#7 39.88 Selecting previously unselected package libpmemobj1:amd64.
#7 39.89 Preparing to unpack .../361-libpmemobj1_1.13.1-1.1ubuntu2_amd64.deb ...
#7 39.89 Unpacking libpmemobj1:amd64 (1.13.1-1.1ubuntu2) ...
#7 39.91 Selecting previously unselected package libqhull-r8.0:amd64.
#7 39.92 Preparing to unpack .../362-libqhull-r8.0_2020.2-6build1_amd64.deb ...
#7 39.92 Unpacking libqhull-r8.0:amd64 (2020.2-6build1) ...
#7 39.96 Selecting previously unselected package librados2.
#7 39.96 Preparing to unpack .../363-librados2_19.2.3-0ubuntu0.24.04.3_amd64.deb ...
#7 39.96 Unpacking librados2 (19.2.3-0ubuntu0.24.04.3) ...
#7 40.03 Selecting previously unselected package libraqm0:amd64.
#7 40.03 Preparing to unpack .../364-libraqm0_0.10.1-1build1_amd64.deb ...
#7 40.04 Unpacking libraqm0:amd64 (0.10.1-1build1) ...
#7 40.07 Selecting previously unselected package librbd1.
#7 40.08 Preparing to unpack .../365-librbd1_19.2.3-0ubuntu0.24.04.3_amd64.deb ...
#7 40.08 Unpacking librbd1 (19.2.3-0ubuntu0.24.04.3) ...
#7 40.14 Selecting previously unselected package librsvg2-2:amd64.
#7 40.14 Preparing to unpack .../366-librsvg2-2_2.58.0+dfsg-1build1_amd64.deb ...
#7 40.14 Unpacking librsvg2-2:amd64 (2.58.0+dfsg-1build1) ...
#7 40.19 Selecting previously unselected package librsvg2-common:amd64.
#7 40.19 Preparing to unpack .../367-librsvg2-common_2.58.0+dfsg-1build1_amd64.deb ...
#7 40.19 Unpacking librsvg2-common:amd64 (2.58.0+dfsg-1build1) ...
#7 40.22 Selecting previously unselected package libsasl2-modules:amd64.
#7 40.23 Preparing to unpack .../368-libsasl2-modules_2.1.28+dfsg1-5ubuntu3.1_amd64.deb ...
#7 40.23 Unpacking libsasl2-modules:amd64 (2.1.28+dfsg1-5ubuntu3.1) ...
#7 40.26 Selecting previously unselected package libsdl2-2.0-0:amd64.
#7 40.27 Preparing to unpack .../369-libsdl2-2.0-0_2.30.0+dfsg-1ubuntu3.1_amd64.deb ...
#7 40.27 Unpacking libsdl2-2.0-0:amd64 (2.30.0+dfsg-1ubuntu3.1) ...
#7 40.31 Selecting previously unselected package libslirp0:amd64.
#7 40.31 Preparing to unpack .../370-libslirp0_4.7.0-1ubuntu3_amd64.deb ...
#7 40.31 Unpacking libslirp0:amd64 (4.7.0-1ubuntu3) ...
#7 40.34 Selecting previously unselected package libspice-server1:amd64.
#7 40.35 Preparing to unpack .../371-libspice-server1_0.15.1-1build2_amd64.deb ...
#7 40.35 Unpacking libspice-server1:amd64 (0.15.1-1build2) ...
#7 40.38 Selecting previously unselected package libssl-dev:amd64.
#7 40.38 Preparing to unpack .../372-libssl-dev_3.0.13-0ubuntu3.11_amd64.deb ...
#7 40.38 Unpacking libssl-dev:amd64 (3.0.13-0ubuntu3.11) ...
#7 40.45 Selecting previously unselected package liburing2:amd64.
#7 40.45 Preparing to unpack .../373-liburing2_2.5-1build1_amd64.deb ...
#7 40.46 Unpacking liburing2:amd64 (2.5-1build1) ...
#7 40.50 Selecting previously unselected package libusbredirparser1t64:amd64.
#7 40.51 Preparing to unpack .../374-libusbredirparser1t64_0.13.0-2.1build1_amd64.deb ...
#7 40.51 Unpacking libusbredirparser1t64:amd64 (0.13.0-2.1build1) ...
#7 40.53 Selecting previously unselected package libvirglrenderer1:amd64.
#7 40.54 Preparing to unpack .../375-libvirglrenderer1_1.0.0-1ubuntu2_amd64.deb ...
#7 40.54 Unpacking libvirglrenderer1:amd64 (1.0.0-1ubuntu2) ...
#7 40.56 Selecting previously unselected package libvte-2.91-common.
#7 40.57 Preparing to unpack .../376-libvte-2.91-common_0.76.0-1ubuntu0.1_amd64.deb ...
#7 40.57 Unpacking libvte-2.91-common (0.76.0-1ubuntu0.1) ...
#7 40.60 Selecting previously unselected package libvte-2.91-0:amd64.
#7 40.60 Preparing to unpack .../377-libvte-2.91-0_0.76.0-1ubuntu0.1_amd64.deb ...
#7 40.60 Unpacking libvte-2.91-0:amd64 (0.76.0-1ubuntu0.1) ...
#7 40.63 Selecting previously unselected package libwebpdemux2:amd64.
#7 40.63 Preparing to unpack .../378-libwebpdemux2_1.3.2-0.4build3_amd64.deb ...
#7 40.64 Unpacking libwebpdemux2:amd64 (1.3.2-0.4build3) ...
#7 40.66 Selecting previously unselected package libwebpmux3:amd64.
#7 40.67 Preparing to unpack .../379-libwebpmux3_1.3.2-0.4build3_amd64.deb ...
#7 40.67 Unpacking libwebpmux3:amd64 (1.3.2-0.4build3) ...
#7 40.70 Selecting previously unselected package libxslt1.1:amd64.
#7 40.70 Preparing to unpack .../380-libxslt1.1_1.1.39-0exp1ubuntu0.24.04.3_amd64.deb ...
#7 40.70 Unpacking libxslt1.1:amd64 (1.1.39-0exp1ubuntu0.24.04.3) ...
#7 40.74 Selecting previously unselected package linux-headers-6.8.0-134.
#7 40.74 Preparing to unpack .../381-linux-headers-6.8.0-134_6.8.0-134.134_all.deb ...
#7 40.74 Unpacking linux-headers-6.8.0-134 (6.8.0-134.134) ...
#7 43.16 Selecting previously unselected package linux-headers-6.8.0-134-generic.
#7 43.17 Preparing to unpack .../382-linux-headers-6.8.0-134-generic_6.8.0-134.134_amd64.deb ...
#7 43.24 Unpacking linux-headers-6.8.0-134-generic (6.8.0-134.134) ...
#7 44.45 Selecting previously unselected package linux-headers-generic.
#7 44.46 Preparing to unpack .../383-linux-headers-generic_6.8.0-134.134_amd64.deb ...
#7 44.49 Unpacking linux-headers-generic (6.8.0-134.134) ...
#7 44.72 Selecting previously unselected package make.
#7 44.73 Preparing to unpack .../384-make_4.3-4.1build2_amd64.deb ...
#7 44.78 Unpacking make (4.3-4.1build2) ...
#7 45.03 Selecting previously unselected package manpages-dev.
#7 45.03 Preparing to unpack .../385-manpages-dev_6.7-2_all.deb ...
#7 45.06 Unpacking manpages-dev (6.7-2) ...
#7 45.37 Selecting previously unselected package mesa-vulkan-drivers:amd64.
#7 45.37 Preparing to unpack .../386-mesa-vulkan-drivers_25.2.8-0ubuntu0.24.04.2_amd64.deb ...
#7 45.41 Unpacking mesa-vulkan-drivers:amd64 (25.2.8-0ubuntu0.24.04.2) ...
#7 45.88 Selecting previously unselected package patch.
#7 45.88 Preparing to unpack .../387-patch_2.7.6-7build3_amd64.deb ...
#7 45.92 Unpacking patch (2.7.6-7build3) ...
#7 46.17 Selecting previously unselected package pkgconf-bin.
#7 46.17 Preparing to unpack .../388-pkgconf-bin_1.8.1-2build1_amd64.deb ...
#7 46.51 Unpacking pkgconf-bin (1.8.1-2build1) ...
#7 47.35 Selecting previously unselected package pkgconf:amd64.
#7 47.35 Preparing to unpack .../389-pkgconf_1.8.1-2build1_amd64.deb ...
#7 47.41 Unpacking pkgconf:amd64 (1.8.1-2build1) ...
#7 47.71 Selecting previously unselected package pkg-config:amd64.
#7 47.72 Preparing to unpack .../390-pkg-config_1.8.1-2build1_amd64.deb ...
#7 47.76 Unpacking pkg-config:amd64 (1.8.1-2build1) ...
#7 48.07 Selecting previously unselected package python-matplotlib-data.
#7 48.07 Preparing to unpack .../391-python-matplotlib-data_3.6.3-1ubuntu5_all.deb ...
#7 48.10 Unpacking python-matplotlib-data (3.6.3-1ubuntu5) ...
#7 48.40 Selecting previously unselected package python3-appdirs.
#7 48.41 Preparing to unpack .../392-python3-appdirs_1.4.4-4_all.deb ...
#7 48.46 Unpacking python3-appdirs (1.4.4-4) ...
#7 48.85 Selecting previously unselected package python3-argcomplete.
#7 48.85 Preparing to unpack .../393-python3-argcomplete_3.1.4-1ubuntu0.1_all.deb ...
#7 48.93 Unpacking python3-argcomplete (3.1.4-1ubuntu0.1) ...
#7 49.19 Selecting previously unselected package python3-attr.
#7 49.19 Preparing to unpack .../394-python3-attr_23.2.0-2_all.deb ...
#7 49.25 Unpacking python3-attr (23.2.0-2) ...
#7 49.49 Selecting previously unselected package python3-brotli.
#7 49.49 Preparing to unpack .../395-python3-brotli_1.1.0-2build2_amd64.deb ...
#7 49.53 Unpacking python3-brotli (1.1.0-2build2) ...
#7 49.78 Selecting previously unselected package python3-soupsieve.
#7 49.78 Preparing to unpack .../396-python3-soupsieve_2.5-1_all.deb ...
#7 49.84 Unpacking python3-soupsieve (2.5-1) ...
#7 50.14 Selecting previously unselected package python3-bs4.
#7 50.15 Preparing to unpack .../397-python3-bs4_4.12.3-1_all.deb ...
#7 50.20 Unpacking python3-bs4 (4.12.3-1) ...
#7 50.49 Selecting previously unselected package python3-certifi.
#7 50.49 Preparing to unpack .../398-python3-certifi_2023.11.17-1_all.deb ...
#7 50.55 Unpacking python3-certifi (2023.11.17-1) ...
#7 50.86 Selecting previously unselected package python3-chardet.
#7 50.86 Preparing to unpack .../399-python3-chardet_5.2.0+dfsg-1_all.deb ...
#7 50.92 Unpacking python3-chardet (5.2.0+dfsg-1) ...
#7 51.25 Selecting previously unselected package python3-numpy.
#7 51.25 Preparing to unpack .../400-python3-numpy_1%3a1.26.4+ds-6ubuntu1_amd64.deb ...
#7 51.31 Unpacking python3-numpy (1:1.26.4+ds-6ubuntu1) ...
#7 51.73 Selecting previously unselected package python3-contourpy.
#7 51.74 Preparing to unpack .../401-python3-contourpy_1.0.7-2build1_amd64.deb ...
#7 51.78 Unpacking python3-contourpy (1.0.7-2build1) ...
#7 52.10 Selecting previously unselected package python3-cryptography.
#7 52.11 Preparing to unpack .../402-python3-cryptography_41.0.7-4ubuntu0.4_amd64.deb ...
#7 52.16 Unpacking python3-cryptography (41.0.7-4ubuntu0.4) ...
#7 54.69 Selecting previously unselected package python3-cycler.
#7 54.70 Preparing to unpack .../403-python3-cycler_0.11.0-2_all.deb ...
#7 55.24 Unpacking python3-cycler (0.11.0-2) ...
#7 57.81 Selecting previously unselected package python3-dateutil.
#7 57.81 Preparing to unpack .../404-python3-dateutil_2.8.2-3ubuntu1_all.deb ...
#7 57.94 Unpacking python3-dateutil (2.8.2-3ubuntu1) ...
#7 59.90 Selecting previously unselected package python3-scipy.
#7 59.90 Preparing to unpack .../405-python3-scipy_1.11.4-6build1_amd64.deb ...
#7 59.97 Unpacking python3-scipy (1.11.4-6build1) ...
#7 60.47 Selecting previously unselected package python3-ufolib2.
#7 60.48 Preparing to unpack .../406-python3-ufolib2_0.16.0+dfsg1-1_all.deb ...
#7 60.48 Unpacking python3-ufolib2 (0.16.0+dfsg1-1) ...
#7 60.51 Selecting previously unselected package python3-tz.
#7 60.51 Preparing to unpack .../407-python3-tz_2024.1-2_all.deb ...
#7 60.52 Unpacking python3-tz (2024.1-2) ...
#7 60.55 Selecting previously unselected package python3-fs.
#7 60.55 Preparing to unpack .../408-python3-fs_2.4.16-3_all.deb ...
#7 60.55 Unpacking python3-fs (2.4.16-3) ...
#7 60.59 Selecting previously unselected package python3-lxml:amd64.
#7 60.59 Preparing to unpack .../409-python3-lxml_5.2.1-1_amd64.deb ...
#7 60.60 Unpacking python3-lxml:amd64 (5.2.1-1) ...
#7 60.64 Selecting previously unselected package python3-lz4.
#7 60.64 Preparing to unpack .../410-python3-lz4_4.0.2+dfsg-1build4_amd64.deb ...
#7 60.65 Unpacking python3-lz4 (4.0.2+dfsg-1build4) ...
#7 60.68 Selecting previously unselected package python3-unicodedata2.
#7 60.68 Preparing to unpack .../411-python3-unicodedata2_15.1.0+ds-1build1_amd64.deb ...
#7 60.69 Unpacking python3-unicodedata2 (15.1.0+ds-1build1) ...
#7 60.71 Selecting previously unselected package unicode-data.
#7 60.72 Preparing to unpack .../412-unicode-data_15.1.0-1_all.deb ...
#7 60.72 Unpacking unicode-data (15.1.0-1) ...
#7 60.83 Selecting previously unselected package python3-fonttools.
#7 60.84 Preparing to unpack .../413-python3-fonttools_4.46.0-1build2_amd64.deb ...
#7 60.84 Unpacking python3-fonttools (4.46.0-1build2) ...
#7 60.92 Selecting previously unselected package python3-webencodings.
#7 60.92 Preparing to unpack .../414-python3-webencodings_0.5.1-5_all.deb ...
#7 60.92 Unpacking python3-webencodings (0.5.1-5) ...
#7 60.95 Selecting previously unselected package python3-html5lib.
#7 60.96 Preparing to unpack .../415-python3-html5lib_1.1-6_all.deb ...
#7 60.96 Unpacking python3-html5lib (1.1-6) ...
#7 60.99 Selecting previously unselected package python3-idna.
#7 60.99 Preparing to unpack .../416-python3-idna_3.6-2ubuntu0.1_all.deb ...
#7 61.00 Unpacking python3-idna (3.6-2ubuntu0.1) ...
#7 61.03 Selecting previously unselected package python3-kiwisolver.
#7 61.04 Preparing to unpack .../417-python3-kiwisolver_1.4.4-2build1_amd64.deb ...
#7 61.04 Unpacking python3-kiwisolver (1.4.4-2build1) ...
#7 61.07 Selecting previously unselected package libopenjp2-7:amd64.
#7 61.07 Preparing to unpack .../418-libopenjp2-7_2.5.0-2ubuntu0.5_amd64.deb ...
#7 61.09 Unpacking libopenjp2-7:amd64 (2.5.0-2ubuntu0.5) ...
#7 61.12 Selecting previously unselected package python3-pil:amd64.
#7 61.12 Preparing to unpack .../419-python3-pil_10.2.0-1ubuntu1.2_amd64.deb ...
#7 61.13 Unpacking python3-pil:amd64 (10.2.0-1ubuntu1.2) ...
#7 61.17 Selecting previously unselected package python3-tk:amd64.
#7 61.18 Preparing to unpack .../420-python3-tk_3.12.3-0ubuntu1_amd64.deb ...
#7 61.18 Unpacking python3-tk:amd64 (3.12.3-0ubuntu1) ...
#7 61.21 Selecting previously unselected package python3-pil.imagetk:amd64.
#7 61.21 Preparing to unpack .../421-python3-pil.imagetk_10.2.0-1ubuntu1.2_amd64.deb ...
#7 61.21 Unpacking python3-pil.imagetk:amd64 (10.2.0-1ubuntu1.2) ...
#7 61.24 Selecting previously unselected package python3-pyparsing.
#7 61.25 Preparing to unpack .../422-python3-pyparsing_3.1.1-1_all.deb ...
#7 61.25 Unpacking python3-pyparsing (3.1.1-1) ...
#7 61.28 Selecting previously unselected package python3-packaging.
#7 61.28 Preparing to unpack .../423-python3-packaging_24.0-1_all.deb ...
#7 61.28 Unpacking python3-packaging (24.0-1) ...
#7 61.31 Selecting previously unselected package python3-matplotlib.
#7 61.31 Preparing to unpack .../424-python3-matplotlib_3.6.3-1ubuntu5_amd64.deb ...
#7 61.32 Unpacking python3-matplotlib (3.6.3-1ubuntu5) ...
#7 61.42 Selecting previously unselected package python3-olefile.
#7 61.42 Preparing to unpack .../425-python3-olefile_0.46-3_all.deb ...
#7 61.43 Unpacking python3-olefile (0.46-3) ...
#7 61.46 Selecting previously unselected package python3-psutil.
#7 61.46 Preparing to unpack .../426-python3-psutil_5.9.8-2build2_amd64.deb ...
#7 61.46 Unpacking python3-psutil (5.9.8-2build2) ...
#7 61.50 Selecting previously unselected package python3-pyroute2.
#7 61.50 Preparing to unpack .../427-python3-pyroute2_0.7.11-0ubuntu2_all.deb ...
#7 61.51 Unpacking python3-pyroute2 (0.7.11-0ubuntu2) ...
#7 61.56 Selecting previously unselected package python3-urllib3.
#7 61.57 Preparing to unpack .../428-python3-urllib3_2.0.7-1ubuntu0.7_all.deb ...
#7 61.57 Unpacking python3-urllib3 (2.0.7-1ubuntu0.7) ...
#7 61.60 Selecting previously unselected package python3-requests.
#7 61.61 Preparing to unpack .../429-python3-requests_2.31.0+dfsg-1ubuntu1.1_all.deb ...
#7 61.61 Unpacking python3-requests (2.31.0+dfsg-1ubuntu1.1) ...
#7 61.64 Selecting previously unselected package python3-scapy.
#7 61.64 Preparing to unpack .../430-python3-scapy_2.5.0+dfsg-2ubuntu1_all.deb ...
#7 61.64 Unpacking python3-scapy (2.5.0+dfsg-2ubuntu1) ...
#7 61.73 Selecting previously unselected package libfdt1:amd64.
#7 61.73 Preparing to unpack .../431-libfdt1_1.7.0-2build1_amd64.deb ...
#7 61.73 Unpacking libfdt1:amd64 (1.7.0-2build1) ...
#7 61.77 Selecting previously unselected package qemu-system-common.
#7 61.78 Preparing to unpack .../432-qemu-system-common_1%3a8.2.2+ds-0ubuntu1.17_amd64.deb ...
#7 61.78 Unpacking qemu-system-common (1:8.2.2+ds-0ubuntu1.17) ...
#7 61.83 Selecting previously unselected package qemu-system-data.
#7 61.84 Preparing to unpack .../433-qemu-system-data_1%3a8.2.2+ds-0ubuntu1.17_all.deb ...
#7 61.84 Unpacking qemu-system-data (1:8.2.2+ds-0ubuntu1.17) ...
#7 61.89 Selecting previously unselected package seabios.
#7 61.90 Preparing to unpack .../434-seabios_1.16.3-2_all.deb ...
#7 61.90 Unpacking seabios (1.16.3-2) ...
#7 61.93 Selecting previously unselected package qemu-system-x86.
#7 61.94 Preparing to unpack .../435-qemu-system-x86_1%3a8.2.2+ds-0ubuntu1.17_amd64.deb ...
#7 61.95 Unpacking qemu-system-x86 (1:8.2.2+ds-0ubuntu1.17) ...
#7 62.19 Selecting previously unselected package qemu-utils.
#7 62.19 Preparing to unpack .../436-qemu-utils_1%3a8.2.2+ds-0ubuntu1.17_amd64.deb ...
#7 62.20 Unpacking qemu-utils (1:8.2.2+ds-0ubuntu1.17) ...
#7 62.26 Selecting previously unselected package qemu-block-extra.
#7 62.26 Preparing to unpack .../437-qemu-block-extra_1%3a8.2.2+ds-0ubuntu1.17_amd64.deb ...
#7 62.26 Unpacking qemu-block-extra (1:8.2.2+ds-0ubuntu1.17) ...
#7 62.29 Selecting previously unselected package qemu-system-modules-opengl.
#7 62.29 Preparing to unpack .../438-qemu-system-modules-opengl_1%3a8.2.2+ds-0ubuntu1.17_amd64.deb ...
#7 62.30 Unpacking qemu-system-modules-opengl (1:8.2.2+ds-0ubuntu1.17) ...
#7 62.33 Selecting previously unselected package libglvnd0:amd64.
#7 62.33 Preparing to unpack .../439-libglvnd0_1.7.0-1build1_amd64.deb ...
#7 62.34 Unpacking libglvnd0:amd64 (1.7.0-1build1) ...
#7 62.37 Selecting previously unselected package libglx0:amd64.
#7 62.38 Preparing to unpack .../440-libglx0_1.7.0-1build1_amd64.deb ...
#7 62.38 Unpacking libglx0:amd64 (1.7.0-1build1) ...
#7 62.41 Selecting previously unselected package libgl1:amd64.
#7 62.42 Preparing to unpack .../441-libgl1_1.7.0-1build1_amd64.deb ...
#7 62.42 Unpacking libgl1:amd64 (1.7.0-1build1) ...
#7 62.44 Selecting previously unselected package qemu-system-gui.
#7 62.45 Preparing to unpack .../442-qemu-system-gui_1%3a8.2.2+ds-0ubuntu1.17_amd64.deb ...
#7 62.45 Unpacking qemu-system-gui (1:8.2.2+ds-0ubuntu1.17) ...
#7 62.48 Selecting previously unselected package qemu-system-modules-spice.
#7 62.48 Preparing to unpack .../443-qemu-system-modules-spice_1%3a8.2.2+ds-0ubuntu1.17_amd64.deb ...
#7 62.49 Unpacking qemu-system-modules-spice (1:8.2.2+ds-0ubuntu1.17) ...
#7 62.52 Selecting previously unselected package virtme-ng.
#7 62.52 Preparing to unpack .../444-virtme-ng_1.22-1_all.deb ...
#7 62.53 Unpacking virtme-ng (1.22-1) ...
#7 62.56 Selecting previously unselected package libmnl-dev:amd64.
#7 62.56 Preparing to unpack .../445-libmnl-dev_1.0.5-2build1_amd64.deb ...
#7 62.56 Unpacking libmnl-dev:amd64 (1.0.5-2build1) ...
#7 62.60 Selecting previously unselected package musl:amd64.
#7 62.60 Preparing to unpack .../446-musl_1.2.4-2_amd64.deb ...
#7 62.60 Unpacking musl:amd64 (1.2.4-2) ...
#7 62.63 Selecting previously unselected package musl-dev:amd64.
#7 62.64 Preparing to unpack .../447-musl-dev_1.2.4-2_amd64.deb ...
#7 62.64 Unpacking musl-dev:amd64 (1.2.4-2) ...
#7 62.69 Selecting previously unselected package ovmf.
#7 62.70 Preparing to unpack .../448-ovmf_2024.02-2ubuntu0.8_all.deb ...
#7 62.70 Unpacking ovmf (2024.02-2ubuntu0.8) ...
#7 62.76 Selecting previously unselected package python3-cssselect.
#7 62.76 Preparing to unpack .../449-python3-cssselect_1.2.0-2_all.deb ...
#7 62.77 Unpacking python3-cssselect (1.2.0-2) ...
#7 62.82 Setting up libpipewire-0.3-common (1.0.5-1ubuntu3.2) ...
#7 62.83 Setting up media-types (10.1.0) ...
#7 62.84 Setting up javascript-common (11+nmu1) ...
#7 62.86 Setting up libgraphite2-3:amd64 (1.3.14-2ubuntu0.24.04.1) ...
#7 62.87 Setting up liblcms2-2:amd64 (2.14-2ubuntu0.1) ...
#7 62.88 Setting up libpixman-1-0:amd64 (0.42.2-1build1) ...
#7 62.89 Setting up libcdparanoia0:amd64 (3.10.2+debian-14build3) ...
#7 62.90 Setting up libsharpyuv0:amd64 (1.3.2-0.4build3) ...
#7 62.91 Setting up libaom3:amd64 (3.8.2-2ubuntu0.1) ...
#7 62.92 Setting up libpciaccess0:amd64 (0.17-3ubuntu0.24.04.2) ...
#7 62.93 Setting up systemd-sysv (255.4-1ubuntu8.16) ...
#7 62.95 Setting up libxau6:amd64 (1:1.0.9-1build6) ...
#7 62.97 Setting up libraw1394-11:amd64 (2.1.2-2build3) ...
#7 62.98 Setting up libkeyutils1:amd64 (1.6.3-3build1) ...
#7 62.98 Setting up libtag1v5-vanilla:amd64 (1.13.1-1build1) ...
#7 62.99 Setting up libgpm2:amd64 (1.20.7-11) ...
#7 63.02 Setting up libatm1t64:amd64 (1:2.5.1-5.1build1) ...
#7 63.04 Setting up libogg0:amd64 (1.3.5-3build1) ...
#7 63.06 Setting up libzstd-dev:amd64 (1.5.5+dfsg2-2build1.1) ...
#7 63.15 Setting up liblerc4:amd64 (4.0.0+ds-4ubuntu2) ...
#7 63.29 Setting up libspeex1:amd64 (1.2.1-2ubuntu2.24.04.1) ...
#7 63.61 Setting up libgdbm6t64:amd64 (1.23-5.1build1) ...
#7 63.90 Setting up hicolor-icon-theme (0.17-2) ...
#7 64.14 Setting up libtwolame0:amd64 (0.4.0-2build3) ...
#7 64.27 Setting up libvte-2.91-common (0.76.0-1ubuntu0.1) ...
#7 64.50 Setting up libdatrie1:amd64 (0.2.13-3build1) ...
#7 64.63 Setting up libgdbm-compat4t64:amd64 (1.23-5.1build1) ...
#7 64.77 Setting up xdg-user-dirs (0.18-1build1) ...
#7 65.07 Setting up libmagic-mgc (1:5.45-3build1) ...
#7 65.19 Setting up libvisual-0.4-0:amd64 (0.4.2-2build1) ...
#7 65.34 Setting up libcbor0.10:amd64 (0.10.2-1.2ubuntu2) ...
#7 65.46 Setting up manpages (6.7-2) ...
#7 65.62 Setting up libglvnd0:amd64 (1.7.0-1build1) ...
#7 65.75 Setting up fonts-lyx (2.4.0~RC3-1build4) ...
#7 65.89 Setting up libbrotli1:amd64 (1.1.0-2build2) ...
#7 66.03 Setting up libsqlite3-0:amd64 (3.45.1-1ubuntu2.6) ...
#7 66.16 Setting up libsasl2-modules:amd64 (2.1.28+dfsg1-5ubuntu3.1) ...
#7 66.30 Setting up libgdk-pixbuf2.0-common (2.42.10+dfsg-3ubuntu3.3) ...
#7 66.43 Setting up libmagic1t64:amd64 (1:5.45-3build1) ...
#7 66.66 Setting up binutils-common:amd64 (2.42-4ubuntu2.10) ...
#7 66.84 Setting up x11-common (1:7.7+23ubuntu3) ...
#7 67.71 invoke-rc.d: could not determine current runlevel
#7 67.71 invoke-rc.d: policy-rc.d denied execution of start.
#7 67.76 Setting up libsensors-config (1:3.6.0-9build1) ...
#7 67.97 Setting up libpsl5t64:amd64 (0.21.2-1.1build1) ...
#7 68.10 Setting up msr-tools (1.3-5build1) ...
#7 68.25 Setting up libnghttp2-14:amd64 (1.59.0-1ubuntu0.3) ...
#7 68.37 Setting up libdeflate0:amd64 (1.19-1build1.1) ...
#7 68.53 Setting up less (590-2ubuntu2.1) ...
#7 68.77 Setting up libwebrtc-audio-processing1:amd64 (0.3.1-0ubuntu6) ...
#7 68.89 Setting up linux-libc-dev:amd64 (6.8.0-134.134) ...
#7 69.05 Setting up libctf-nobfd0:amd64 (2.42-4ubuntu2.10) ...
#7 69.19 Setting up libboost-thread1.83.0:amd64 (1.83.0-2.1ubuntu3.2) ...
#7 69.34 Setting up m4 (1.4.19-4build1) ...
#7 69.53 Setting up libnss-systemd:amd64 (255.4-1ubuntu8.16) ...
#7 69.67 Setting up libqhull-r8.0:amd64 (2020.2-6build1) ...
#7 69.74 Setting up xkb-data (2.41-2ubuntu1.1) ...
#7 69.90 Setting up krb5-locales (1.20.1-6ubuntu2.6) ...
#7 70.02 Setting up file (1:5.45-3build1) ...
#7 70.16 Setting up libsoup-3.0-common (3.4.4-5ubuntu0.7) ...
#7 70.31 Setting up kmod (31+20240202-2ubuntu7.2) ...
#7 70.81 sed: can't read /etc/modules: No such file or directory
#7 70.86 Setting up libmpg123-0t64:amd64 (1.32.5-1ubuntu1.1) ...
#7 71.00 Setting up libgomp1:amd64 (14.2.0-4ubuntu2~24.04.1) ...
#7 71.16 Setting up libfdt1:amd64 (1.7.0-2build1) ...
#7 71.30 Setting up libldap-common (2.6.10+dfsg-0ubuntu0.24.04.1) ...
#7 71.48 Setting up libunwind8:amd64 (1.6.2-3build1.1) ...
#7 71.62 Setting up libjbig0:amd64 (2.1-6.1ubuntu2) ...
#7 71.75 Setting up libsframe1:amd64 (2.42-4ubuntu2.10) ...
#7 71.88 Setting up libelf1t64:amd64 (0.190-1.1ubuntu0.1) ...
#7 72.05 Setting up libnfs14:amd64 (5.0.2-1ubuntu0.24.04.1) ...
#7 72.19 Setting up libjansson4:amd64 (2.14-2build2) ...
#7 72.36 Setting up liborc-0.4-0t64:amd64 (1:0.4.38-1ubuntu0.1) ...
#7 72.52 Setting up acl (2.3.2-1build1.1) ...
#7 72.76 Setting up libkrb5support0:amd64 (1.20.1-6ubuntu2.6) ...
#7 72.90 Setting up libdw1t64:amd64 (0.190-1.1ubuntu0.1) ...
#7 73.04 Setting up ovmf (2024.02-2ubuntu0.8) ...
#7 73.18 Setting up libsasl2-modules-db:amd64 (2.1.28+dfsg1-5ubuntu3.1) ...
#7 73.32 Setting up tzdata (2026a-0ubuntu0.24.04.1) ...
#7 73.45 
#7 73.45 Current default time zone: 'Etc/UTC'
#7 73.45 Local time is now:      Thu Jul  2 12:36:43 UTC 2026.
#7 73.45 Universal Time is now:  Thu Jul  2 12:36:43 UTC 2026.
#7 73.45 Run 'dpkg-reconfigure tzdata' if you wish to change it.
#7 73.45 
#7 73.59 Setting up libcap2-bin (1:2.66-5ubuntu2.4) ...
#7 73.73 Setting up unicode-data (15.1.0-1) ...
#7 73.87 Setting up libasound2-data (1.2.11-1ubuntu0.2) ...
#7 74.01 Setting up libglib2.0-0t64:amd64 (2.80.0-6ubuntu3.8) ...
#7 74.19 Setting up libblas3:amd64 (3.12.0-3build1.1) ...
#7 74.30 update-alternatives: using /usr/lib/x86_64-linux-gnu/blas/libblas.so.3 to provide /usr/lib/x86_64-linux-gnu/libblas.so.3 (libblas.so.3-x86_64-linux-gnu) in auto mode
#7 74.37 Setting up libglib2.0-data (2.80.0-6ubuntu3.8) ...
#7 74.52 Setting up libpkgconf3:amd64 (1.8.1-2build1) ...
#7 74.66 Setting up rpcsvc-proto (1.4.2-0ubuntu7) ...
#7 74.80 Setting up libasound2t64:amd64 (1.2.11-1ubuntu0.2) ...
#7 74.93 Setting up gcc-13-base:amd64 (13.3.0-6ubuntu2~24.04.1) ...
#7 75.07 Setting up libslang2:amd64 (2.3.3-3build2) ...
#7 75.22 Setting up libx11-data (2:1.8.7-1build1) ...
#7 75.35 Setting up make (4.3-4.1build2) ...
#7 75.48 Setting up libepoxy0:amd64 (1.5.10-1build1) ...
#7 75.63 Setting up libmpfr6:amd64 (4.2.1-1build1.1) ...
#7 75.78 Setting up libnspr4:amd64 (2:4.35-1.1build1) ...
#7 75.92 Setting up librtmp1:amd64 (2.4+20151223.gitfa8646d.1-2build7) ...
#7 76.18 Setting up libboost-iostreams1.83.0:amd64 (1.83.0-2.1ubuntu3.2) ...
#7 76.29 Setting up libavahi-common-data:amd64 (0.8-13ubuntu6.2) ...
#7 76.46 Setting up libncurses6:amd64 (6.4+20240113-1ubuntu2) ...
#7 76.78 Setting up libdbus-1-3:amd64 (1.14.10-4ubuntu4.1) ...
#7 77.08 Setting up libasm1t64:amd64 (0.190-1.1ubuntu0.1) ...
#7 77.23 Setting up libfribidi0:amd64 (1.0.13-3build1) ...
#7 77.35 Setting up perl-modules-5.38 (5.38.2-3.2ubuntu0.3) ...
#7 77.50 Setting up libopus0:amd64 (1.4-1build1) ...
#7 77.68 Setting up libquadmath0:amd64 (14.2.0-4ubuntu2~24.04.1) ...
#7 77.81 Setting up libimagequant0:amd64 (2.18.0-1build1) ...
#7 77.95 Setting up fonts-dejavu-mono (2.37-8) ...
#7 78.39 Setting up libssl-dev:amd64 (3.0.13-0ubuntu3.11) ...
#7 78.51 Setting up libpng16-16t64:amd64 (1.6.43-5ubuntu0.6) ...
#7 78.65 Setting up libmpc3:amd64 (1.3.1-1build1.1) ...
#7 78.77 Setting up libmnl0:amd64 (1.0.5-2build1) ...
#7 78.91 Setting up systemd-timesyncd (255.4-1ubuntu8.16) ...
#7 79.11 Creating group 'systemd-timesync' with GID 997.
#7 79.11 Creating user 'systemd-timesync' (systemd Time Synchronization) with UID 997 and GID 997.
#7 79.37 Created symlink /etc/systemd/system/dbus-org.freedesktop.timesync1.service → /usr/lib/systemd/system/systemd-timesyncd.service.
#7 79.37 Created symlink /etc/systemd/system/sysinit.target.wants/systemd-timesyncd.service → /usr/lib/systemd/system/systemd-timesyncd.service.
#7 79.47 Setting up libatomic1:amd64 (14.2.0-4ubuntu2~24.04.1) ...
#7 79.63 Setting up libvorbis0a:amd64 (1.3.7-1build3) ...
#7 79.78 Setting up patch (2.7.6-7build3) ...
#7 79.92 Setting up libtcl8.6:amd64 (8.6.14+dfsg-1build1) ...
#7 80.07 Setting up fonts-dejavu-core (2.37-8) ...
#7 80.61 Setting up libdv4t64:amd64 (1.0.0-17.1build1) ...
#7 80.74 Setting up libfl2:amd64 (2.6.4-8.2build1) ...
#7 80.87 Setting up libpcsclite1:amd64 (2.0.3-1build1) ...
#7 81.00 Setting up pkgconf-bin (1.8.1-2build1) ...
#7 81.26 Setting up gir1.2-glib-2.0:amd64 (2.80.0-6ubuntu3.8) ...
#7 81.40 Setting up libsensors5:amd64 (1:3.6.0-9build1) ...
#7 81.53 Setting up libk5crypto3:amd64 (1.20.1-6ubuntu2.6) ...
#7 81.67 Setting up libjpeg-turbo8:amd64 (2.1.5-2ubuntu2) ...
#7 81.80 Setting up libfuse3-3:amd64 (3.14.0-5build1) ...
#7 81.94 Setting up libdaxctl1:amd64 (77-2ubuntu2) ...
#7 82.09 Setting up libxtables12:amd64 (1.8.10-3ubuntu2) ...
#7 82.23 Setting up qemu-system-data (1:8.2.2+ds-0ubuntu1.17) ...
#7 82.38 Setting up libsasl2-2:amd64 (2.1.28+dfsg1-5ubuntu3.1) ...
#7 82.54 Setting up libgfortran5:amd64 (14.2.0-4ubuntu2~24.04.1) ...
#7 82.73 Setting up libvulkan1:amd64 (1.3.275.0-1build1) ...
#7 82.85 Setting up seabios (1.16.3-2) ...
#7 83.02 Setting up libwebp7:amd64 (1.3.2-0.4build3) ...
#7 83.14 Setting up libubsan1:amd64 (14.2.0-4ubuntu2~24.04.1) ...
#7 83.28 Setting up libicu74:amd64 (74.2-1ubuntu3.1) ...
#7 83.40 Setting up libnuma1:amd64 (2.0.18-1ubuntu0.24.04.1) ...
#7 83.54 Setting up libvpx9:amd64 (1.14.0-1ubuntu2.3) ...
#7 83.69 Setting up libslirp0:amd64 (4.7.0-1ubuntu3) ...
#7 83.83 Setting up libaio1t64:amd64 (0.3.113-6build1.1) ...
#7 83.98 Setting up alsa-topology-conf (1.2.5.1-2) ...
#7 84.12 Setting up libtag1v5:amd64 (1.13.1-1build1) ...
#7 84.25 Setting up cpu-checker (0.7-1.3build2) ...
#7 84.39 Setting up dmsetup (2:1.02.185-3ubuntu3.2) ...
#7 84.57 Setting up musl:amd64 (1.2.4-2) ...
#7 84.80 Setting up libduktape207:amd64 (2.7.0+tests-0ubuntu3) ...
#7 84.93 Setting up libasyncns0:amd64 (0.8-6build4) ...
#7 85.07 Setting up libxshmfence1:amd64 (1.3-1build5) ...
#7 85.22 Setting up libhwasan0:amd64 (14.2.0-4ubuntu2~24.04.1) ...
#7 85.37 Setting up at-spi2-common (2.52.0-1build1) ...
#7 85.51 Setting up libcrypt-dev:amd64 (1:4.4.36-4build1) ...
#7 85.64 Setting up libwavpack1:amd64 (5.6.0-1build1) ...
#7 85.78 Setting up libusbredirparser1t64:amd64 (0.13.0-2.1build1) ...
#7 86.02 Setting up dbus-session-bus-common (1.14.10-4ubuntu4.1) ...
#7 86.44 Setting up ipxe-qemu (1.21.1+git-20220113.fbbdc3926-0ubuntu2) ...
#7 86.59 Setting up libasan8:amd64 (14.2.0-4ubuntu2~24.04.1) ...
#7 86.73 Setting up libnl-3-200:amd64 (3.7.0-0.3build1.1) ...
#7 86.96 Setting up bison (2:3.8.2+dfsg-1build2) ...
#7 87.04 update-alternatives: using /usr/bin/bison.yacc to provide /usr/bin/yacc (yacc) in auto mode
#7 87.04 update-alternatives: warning: skip creation of /usr/share/man/man1/yacc.1.gz because associated file /usr/share/man/man1/bison.yacc.1.gz (of link group yacc) doesn't exist
#7 87.13 Setting up libndctl6:amd64 (77-2ubuntu2) ...
#7 87.27 Setting up libopenjp2-7:amd64 (2.5.0-2ubuntu0.5) ...
#7 87.43 Setting up git-man (1:2.43.0-1ubuntu7.3) ...
#7 87.58 Setting up libthai-data (0.1.29-2build1) ...
#7 87.74 Setting up libgirepository-1.0-1:amd64 (1.80.1-1) ...
#7 87.88 Setting up ipxe-qemu-256k-compat-efi-roms (1.0.0+git-20150424.a25a16d-0ubuntu5) ...
#7 88.02 Setting up netbase (6.4) ...
#7 88.36 Setting up linux-headers-6.8.0-134 (6.8.0-134.134) ...
#7 88.50 Setting up libkrb5-3:amd64 (1.20.1-6ubuntu2.6) ...
#7 88.64 Setting up libflac12t64:amd64 (1.4.3+ds-2.1ubuntu2) ...
#7 88.84 Setting up libbrlapi0.8:amd64 (6.6-4ubuntu5) ...
#7 88.99 Setting up libwayland-egl1:amd64 (1.22.0-2.1build1) ...
#7 89.19 Setting up libusb-1.0-0:amd64 (2:1.0.27-1) ...
#7 89.30 Setting up libperl5.38t64:amd64 (5.38.2-3.2ubuntu0.3) ...
#7 89.32 Setting up libtsan2:amd64 (14.2.0-4ubuntu2~24.04.1) ...
#7 89.33 Setting up libjs-jquery (3.6.1+dfsg+~3.5.14-1) ...
#7 89.34 Setting up glib-networking-common (2.80.0-1build1) ...
#7 89.36 Setting up libbinutils:amd64 (2.42-4ubuntu2.10) ...
#7 89.38 Setting up liburing2:amd64 (2.5-1build1) ...
#7 89.40 Setting up dbus-system-bus-common (1.14.10-4ubuntu4.1) ...
#7 90.13 Setting up libfido2-1:amd64 (1.14.0-1build3) ...
#7 90.41 Setting up libisl23:amd64 (0.26-3build1.1) ...
#7 90.59 Setting up libc-dev-bin (2.39-0ubuntu8.7) ...
#7 90.75 Setting up libsamplerate0:amd64 (0.2.2-4build1) ...
#7 90.89 Setting up libpmem1:amd64 (1.13.1-1.1ubuntu2) ...
#7 91.02 Setting up python-matplotlib-data (3.6.3-1ubuntu5) ...
#7 91.22 Setting up openssl (3.0.13-0ubuntu3.11) ...
#7 92.60 Setting up libwebpmux3:amd64 (1.3.2-0.4build3) ...
#7 93.79 Setting up libbsd0:amd64 (0.12.1-1build1.1) ...
#7 93.92 Setting up libcap-dev:amd64 (1:2.66-5ubuntu2.4) ...
#7 94.04 Setting up libdrm-common (2.4.125-1ubuntu0.1~24.04.2) ...
#7 94.17 Setting up libpam-cap:amd64 (1:2.66-5ubuntu2.4) ...
#7 94.56 Setting up iputils-ping (3:20240117-1ubuntu0.1) ...
#7 94.70 Setting up readline-common (8.2-4build1) ...
#7 94.83 Setting up publicsuffix (20231001.0357-0.1) ...
#7 94.97 Setting up libxml2:amd64 (2.9.14+dfsg-1.3ubuntu3.8) ...
#7 95.11 Setting up libcc1-0:amd64 (14.2.0-4ubuntu2~24.04.1) ...
#7 95.25 Setting up libldap2:amd64 (2.6.10+dfsg-0ubuntu0.24.04.1) ...
#7 95.38 Setting up iso-codes (4.16.0-1) ...
#7 95.52 Setting up dbus-bin (1.14.10-4ubuntu4.1) ...
#7 95.66 Setting up libonig5:amd64 (6.9.9-1build1) ...
#7 95.81 Setting up liblocale-gettext-perl (1.07-6ubuntu5) ...
#7 95.96 Setting up libgudev-1.0-0:amd64 (1:238-5ubuntu1) ...
#7 96.14 Setting up libbpf1:amd64 (1:1.3.0-2build2) ...
#7 96.29 Setting up liblsan0:amd64 (14.2.0-4ubuntu2~24.04.1) ...
#7 96.36 Setting up libgstreamer1.0-0:amd64 (1.24.2-1ubuntu0.1) ...
#7 96.45 Setcap worked! gst-ptp-helper is not suid!
#7 96.51 Setting up libmp3lame0:amd64 (3.100-6build1) ...
#7 96.65 Setting up libitm1:amd64 (14.2.0-4ubuntu2~24.04.1) ...
#7 96.79 Setting up libvorbisenc2:amd64 (1.3.7-1build3) ...
#7 96.90 Setting up libpopt0:amd64 (1.19+dfsg-1build1) ...
#7 97.04 Setting up ethtool (1:6.7-1build1) ...
#7 97.27 Setting up libiec61883-0:amd64 (1.2.0-6build1) ...
#7 97.40 Setting up libxkbcommon0:amd64 (1.6.0-1build1) ...
#7 97.54 Setting up libwayland-client0:amd64 (1.22.0-2.1build1) ...
#7 97.68 Setting up libctf0:amd64 (2.42-4ubuntu2.10) ...
#7 97.83 Setting up libjpeg8:amd64 (8c-2ubuntu11) ...
#7 97.97 Setting up libavc1394-0:amd64 (0.5.4-5build3) ...
#7 98.09 Setting up elfutils (0.190-1.1ubuntu0.1) ...
#7 98.24 Setting up manpages-dev (6.7-2) ...
#7 98.38 Setting up session-migration (0.3.9build1) ...
#7 98.55 Created symlink /etc/systemd/user/graphical-session-pre.target.wants/session-migration.service → /usr/lib/systemd/user/session-migration.service.
#7 98.62 Setting up libxdmcp6:amd64 (1:1.1.3-0ubuntu6) ...
#7 98.76 Setting up flex (2.6.4-8.2build1) ...
#7 98.91 Setting up liblapack3:amd64 (3.12.0-3build1.1) ...
#7 99.06 update-alternatives: using /usr/lib/x86_64-linux-gnu/lapack/liblapack.so.3 to provide /usr/lib/x86_64-linux-gnu/liblapack.so.3 (liblapack.so.3-x86_64-linux-gnu) in auto mode
#7 99.13 Setting up libxcb1:amd64 (1.15-1ubuntu2) ...
#7 99.27 Setting up libxcb-xfixes0:amd64 (1.15-1ubuntu2) ...
#7 99.42 Setting up libatk1.0-0t64:amd64 (2.52.0-1build1) ...
#7 99.56 Setting up libcaca0:amd64 (0.99.beta20-4ubuntu0.2) ...
#7 99.70 Setting up libv4lconvert0t64:amd64 (1.26.1-4build3) ...
#7 99.83 Setting up alsa-ucm-conf (1.2.10-1ubuntu5.11) ...
#7 99.99 Setting up libxcb-render0:amd64 (1.15-1ubuntu2) ...
#7 100.1 Setting up cpp-13-x86-64-linux-gnu (13.3.0-6ubuntu2~24.04.1) ...
#7 100.3 Setting up libjq1:amd64 (1.7.1-3ubuntu0.24.04.2) ...
#7 100.4 Setting up fontconfig-config (2.15.0-1.1ubuntu2) ...
#7 100.7 Setting up iproute2 (6.1.0-1ubuntu6.4) ...
#7 101.6 Setting up libxcb-glx0:amd64 (1.15-1ubuntu2) ...
#7 101.8 Setting up libwebpdemux2:amd64 (1.3.2-0.4build3) ...
#7 101.9 Setting up libedit2:amd64 (3.1-20230828-1build1) ...
#7 102.0 Setting up libavahi-common3:amd64 (0.8-13ubuntu6.2) ...
#7 102.2 Setting up libnss3:amd64 (2:3.98-1ubuntu0.2) ...
#7 102.4 Setting up libxcb-shm0:amd64 (1.15-1ubuntu2) ...
#7 102.5 Setting up dbus-daemon (1.14.10-4ubuntu4.1) ...
#7 102.7 Setting up libcacard0:amd64 (1:2.8.0-3build4) ...
#7 102.9 Setting up libcolord2:amd64 (1.4.7-1build2) ...
#7 102.9 Setting up libfl-dev:amd64 (2.6.4-8.2build1) ...
#7 102.9 Setting up pkgconf:amd64 (1.8.1-2build1) ...
#7 102.9 Setting up libnl-route-3-200:amd64 (3.7.0-0.3build1.1) ...
#7 102.9 Setting up libxcb-present0:amd64 (1.15-1ubuntu2) ...
#7 102.9 Setting up libdconf1:amd64 (0.40.0-4ubuntu0.1) ...
#7 103.0 Setting up libthai0:amd64 (0.1.29-2build1) ...
#7 103.0 Setting up ca-certificates (20260601~24.04.1) ...
#7 103.2 Updating certificates in /etc/ssl/certs...
#7 103.5 121 added, 0 removed; done.
#7 103.6 Setting up perl (5.38.2-3.2ubuntu0.3) ...
#7 103.6 Setting up libgprofng0:amd64 (2.42-4ubuntu2.10) ...
#7 103.6 Setting up libjs-jquery-ui (1.13.2+dfsg-1) ...
#7 103.6 Setting up libfreetype6:amd64 (2.13.2+dfsg-1ubuntu0.1) ...
#7 103.7 Setting up libspa-0.2-modules:amd64 (1.0.5-1ubuntu3.2) ...
#7 103.7 Setting up libxcb-sync1:amd64 (1.15-1ubuntu2) ...
#7 103.7 Setting up gir1.2-girepository-2.0:amd64 (1.80.1-1) ...
#7 103.7 Setting up libmnl-dev:amd64 (1.0.5-2build1) ...
#7 103.8 Setting up dbus (1.14.10-4ubuntu4.1) ...
#7 104.2 Setting up shared-mime-info (2.4-4) ...
#7 117.7 Setting up linux-headers-6.8.0-134-generic (6.8.0-134.134) ...
#7 117.7 Setting up libpmemobj1:amd64 (1.13.1-1.1ubuntu2) ...
#7 117.8 Setting up libgssapi-krb5-2:amd64 (1.20.1-6ubuntu2.6) ...
#7 117.8 Setting up libllvm20:amd64 (1:20.1.2-0ubuntu1~24.04.3) ...
#7 117.8 Setting up pkg-config:amd64 (1.8.1-2build1) ...
#7 117.8 Setting up libssh-4:amd64 (0.10.6-2ubuntu0.4) ...
#7 117.8 Setting up libreadline8t64:amd64 (8.2-4build1) ...
#7 117.8 Setting up libv4l-0t64:amd64 (1.26.1-4build3) ...
#7 117.8 Setting up libjack-jackd2-0:amd64 (1.9.21~dfsg-3ubuntu3) ...
#7 117.8 Setting up libdrm2:amd64 (2.4.125-1ubuntu0.1~24.04.2) ...
#7 117.8 Setting up libgcc-13-dev:amd64 (13.3.0-6ubuntu2~24.04.1) ...
#7 117.8 Setting up libtiff6:amd64 (4.5.1+git230720-4ubuntu2.5) ...
#7 117.8 Setting up libwayland-cursor0:amd64 (1.22.0-2.1build1) ...
#7 117.9 Setting up libxcb-randr0:amd64 (1.15-1ubuntu2) ...
#7 117.9 Setting up jq (1.7.1-3ubuntu0.24.04.2) ...
#7 117.9 Setting up libxslt1.1:amd64 (1.1.39-0exp1ubuntu0.24.04.3) ...
#7 117.9 Setting up libpam-systemd:amd64 (255.4-1ubuntu8.16) ...
#7 118.0 Setting up libdecor-0-0:amd64 (0.2.2-1build2) ...
#7 118.0 Setting up libc6-dev:amd64 (2.39-0ubuntu8.7) ...
#7 118.0 Setting up libx11-6:amd64 (2:1.8.7-1build1) ...
#7 118.0 Setting up libharfbuzz0b:amd64 (8.3.0-2build2) ...
#7 118.0 Setting up libgdk-pixbuf-2.0-0:amd64 (2.42.10+dfsg-3ubuntu3.3) ...
#7 118.0 Setting up libfontconfig1:amd64 (2.15.0-1.1ubuntu2) ...
#7 118.0 Setting up libsndfile1:amd64 (1.2.2-1ubuntu5.24.04.1) ...
#7 118.0 Setting up qemu-utils (1:8.2.2+ds-0ubuntu1.17) ...
#7 118.0 Setting up keyboard-configuration (1.226ubuntu1) ...
#7 118.4 Your console font configuration will be updated the next time your system
#7 118.4 boots. If you want to update it now, run 'setupcon' from a virtual console.
#7 118.4 Setting up libxcomposite1:amd64 (1:0.4.5-1build3) ...
#7 118.4 Setting up libpipewire-0.3-0t64:amd64 (1.0.5-1ubuntu3.2) ...
#7 118.4 Setting up libavahi-client3:amd64 (0.8-13ubuntu6.2) ...
#7 118.4 Setting up libxmuu1:amd64 (2:1.1.3-3build2) ...
#7 118.4 Setting up rsync (3.2.7-1ubuntu1.5) ...
#7 118.5 invoke-rc.d: could not determine current runlevel
#7 118.5 invoke-rc.d: policy-rc.d denied execution of start.
#7 118.5 Setting up libstdc++-13-dev:amd64 (13.3.0-6ubuntu2~24.04.1) ...
#7 118.5 Setting up liblbfgsb0:amd64 (3.0+dfsg.4-1build1) ...
#7 118.5 Setting up libaa1:amd64 (1.4p5-51.1) ...
#7 118.5 Setting up systemd-resolved (255.4-1ubuntu8.16) ...
#7 118.5 Converting /etc/resolv.conf to a symlink to /run/systemd/resolve/stub-resolv.conf...
#7 118.5 mv: cannot move '/etc/resolv.conf' to '/etc/.resolv.conf.systemd-resolved.bak': Device or resource busy
#7 118.5 Cannot take a backup of /etc/resolv.conf.
#7 118.5 ln: failed to create symbolic link '/etc/resolv.conf': Device or resource busy
#7 118.5 Cannot install symlink from /etc/resolv.conf to ../run/systemd/resolve/stub-resolv.conf
#7 118.5 Creating group 'systemd-resolve' with GID 996.
#7 118.5 Creating user 'systemd-resolve' (systemd Resolver) with UID 996 and GID 996.
#7 118.6 Created symlink /etc/systemd/system/dbus-org.freedesktop.resolve1.service → /usr/lib/systemd/system/systemd-resolved.service.
#7 118.6 Created symlink /etc/systemd/system/sysinit.target.wants/systemd-resolved.service → /usr/lib/systemd/system/systemd-resolved.service.
#7 118.6 Setting up binutils-x86-64-linux-gnu (2.42-4ubuntu2.10) ...
#7 118.6 Setting up libdrm-amdgpu1:amd64 (2.4.125-1ubuntu0.1~24.04.2) ...
#7 118.6 Setting up cpp-x86-64-linux-gnu (4:13.2.0-7ubuntu1) ...
#7 118.7 Setting up libxcb-dri3-0:amd64 (1.15-1ubuntu2) ...
#7 118.7 Setting up gtk-update-icon-cache (3.24.41-4ubuntu1.3) ...
#7 118.7 Setting up libx11-xcb1:amd64 (2:1.8.7-1build1) ...
#7 118.7 Setting up libibverbs1:amd64 (50.0-2ubuntu0.2) ...
#7 118.7 Setting up fontconfig (2.15.0-1.1ubuntu2) ...
#7 118.7 Regenerating fonts cache... done.
#7 120.8 Setting up libxdamage1:amd64 (1:1.1.6-1build1) ...
#7 120.8 Setting up qemu-system-common (1:8.2.2+ds-0ubuntu1.17) ...
#7 120.9 Created symlink /etc/systemd/system/multi-user.target.wants/qemu-kvm.service → /usr/lib/systemd/system/qemu-kvm.service.
#7 120.9 Setting up libpython3.12-stdlib:amd64 (3.12.3-1ubuntu0.13) ...
#7 120.9 Setting up libxpm4:amd64 (1:3.5.17-1build2) ...
#7 120.9 Setting up cpp-13 (13.3.0-6ubuntu2~24.04.1) ...
#7 120.9 Setting up libxrender1:amd64 (1:0.9.10-1.1build1) ...
#7 120.9 Setting up ibverbs-providers:amd64 (50.0-2ubuntu0.2) ...
#7 121.0 Setting up libpulse0:amd64 (1:16.1+dfsg1-2ubuntu10.1) ...
#7 121.0 Setting up openssh-client (1:9.6p1-3ubuntu13.16) ...
#7 121.0 Setting up gcc-13-x86-64-linux-gnu (13.3.0-6ubuntu2~24.04.1) ...
#7 121.1 Setting up python3.12 (3.12.3-1ubuntu0.13) ...
#7 121.6 Setting up libpango-1.0-0:amd64 (1.52.1+ds-1build1) ...
#7 121.6 Setting up libdrm-intel1:amd64 (2.4.125-1ubuntu0.1~24.04.2) ...
#7 121.6 Setting up libcurl3t64-gnutls:amd64 (8.5.0-2ubuntu10.10) ...
#7 121.6 Setting up libxext6:amd64 (2:1.3.4-1build2) ...
#7 121.6 Setting up bc (1.07.1-3ubuntu4) ...
#7 121.6 Setting up libgstreamer-plugins-base1.0-0:amd64 (1.24.2-1ubuntu0.4) ...
#7 121.6 Setting up linux-headers-generic (6.8.0-134.134) ...
#7 121.6 Setting up binutils (2.42-4ubuntu2.10) ...
#7 121.6 Setting up libcairo2:amd64 (1.18.0-3build1) ...
#7 121.7 Setting up libxxf86vm1:amd64 (1:1.1.4-1build4) ...
#7 121.7 Setting up liberror-perl (0.17029-2) ...
#7 121.7 Setting up dbus-user-session (1.14.10-4ubuntu4.1) ...
#7 121.7 Setting up libgstreamer-plugins-good1.0-0:amd64 (1.24.2-1ubuntu1.4) ...
#7 121.7 Setting up libxfixes3:amd64 (1:6.0.0-2build1) ...
#7 121.7 Setting up libraqm0:amd64 (0.10.1-1build1) ...
#7 121.7 Setting up libxinerama1:amd64 (2:1.1.4-3build1) ...
#7 121.7 Setting up libxv1:amd64 (2:1.0.11-1.1build1) ...
#7 121.7 Setting up gcc-13 (13.3.0-6ubuntu2~24.04.1) ...
#7 121.7 Setting up libxrandr2:amd64 (2:1.5.2-2build1) ...
#7 121.8 Setting up git (1:2.43.0-1ubuntu7.3) ...
#7 121.8 Setting up zlib1g-dev:amd64 (1:1.3.dfsg-3.1ubuntu2.1) ...
#7 121.8 Setting up xauth (1:1.1.2-1build1) ...
#7 121.8 Setting up libgdk-pixbuf2.0-bin (2.42.10+dfsg-3ubuntu3.3) ...
#7 121.8 Setting up cpp (4:13.2.0-7ubuntu1) ...
#7 121.8 Setting up libtheora0:amd64 (1.1.1+dfsg.1-16.1build3) ...
#7 121.8 Setting up librdmacm1t64:amd64 (50.0-2ubuntu0.2) ...
#7 121.8 Setting up libpcap0.8t64:amd64 (1.10.4-4.1ubuntu3) ...
#7 121.8 Setting up libcairo-gobject2:amd64 (1.18.0-3build1) ...
#7 121.8 Setting up libxss1:amd64 (1:1.2.3-1build3) ...
#7 121.8 Setting up libpangoft2-1.0-0:amd64 (1.52.1+ds-1build1) ...
#7 121.9 Setting up libiscsi7:amd64 (1.19.0-3build4) ...
#7 121.9 Setting up libcups2t64:amd64 (2.4.7-1.2ubuntu7.14) ...
#7 121.9 Setting up libpangocairo-1.0-0:amd64 (1.52.1+ds-1build1) ...
#7 121.9 Setting up libpython3-stdlib:amd64 (3.12.3-0ubuntu2.1) ...
#7 121.9 Setting up mesa-vulkan-drivers:amd64 (25.2.8-0ubuntu0.24.04.2) ...
#7 121.9 Setting up mesa-libgallium:amd64 (25.2.8-0ubuntu0.24.04.2) ...
#7 121.9 Setting up librados2 (19.2.3-0ubuntu0.24.04.3) ...
#7 121.9 Setting up libxft2:amd64 (2.3.6-1build1) ...
#7 121.9 Setting up libproxy1v5:amd64 (0.5.4-4build1) ...
#7 121.9 Setting up g++-13-x86-64-linux-gnu (13.3.0-6ubuntu2~24.04.1) ...
#7 121.9 Setting up libxi6:amd64 (2:1.8.1-1build1) ...
#7 121.9 Setting up gcc-x86-64-linux-gnu (4:13.2.0-7ubuntu1) ...
#7 122.0 Setting up libgbm1:amd64 (25.2.8-0ubuntu0.24.04.2) ...
#7 122.0 Setting up libxtst6:amd64 (2:1.2.3-1.1build1) ...
#7 122.0 Setting up libtk8.6:amd64 (8.6.14-1build1) ...
#7 122.0 Setting up libxcursor1:amd64 (1:1.2.1-1build1) ...
#7 122.0 Setting up libspice-server1:amd64 (0.15.1-1build2) ...
#7 122.0 Setting up libgl1-mesa-dri:amd64 (25.2.8-0ubuntu0.24.04.2) ...
#7 122.0 Setting up qemu-system-x86 (1:8.2.2+ds-0ubuntu1.17) ...
#7 122.0 Setting up dconf-service (0.40.0-4ubuntu0.1) ...
#7 122.0 Setting up python3 (3.12.3-0ubuntu2.1) ...
#7 122.1 Setting up python3-webencodings (0.5.1-5) ...
#7 122.2 Setting up python3-psutil (5.9.8-2build2) ...
#7 122.3 Setting up python3-tz (2024.1-2) ...
#7 122.4 Setting up gcc (4:13.2.0-7ubuntu1) ...
#7 122.4 Setting up librsvg2-2:amd64 (2.58.0+dfsg-1build1) ...
#7 122.4 Setting up python3-six (1.16.0-4) ...
#7 122.5 Setting up python3-pil:amd64 (10.2.0-1ubuntu1.2) ...
#7 122.7 Setting up python3-decorator (5.1.1-5) ...
#7 122.8 Setting up musl-dev:amd64 (1.2.4-2) ...
#7 122.8 Setting up python3-packaging (24.0-1) ...
#7 122.9 Setting up gstreamer1.0-plugins-base:amd64 (1.24.2-1ubuntu0.4) ...
#7 122.9 Setting up python3-wcwidth (0.2.5+dfsg1-1.1ubuntu1) ...
#7 123.0 Setting up python3-pyparsing (3.1.1-1) ...
#7 123.1 Setting up libvirglrenderer1:amd64 (1.0.0-1ubuntu2) ...
#7 123.1 Setting up python3-certifi (2023.11.17-1) ...
#7 123.1 Setting up python3-typeshed (0.0~git20231111.6764465-3) ...
#7 123.2 Setting up python3-brotli (1.1.0-2build2) ...
#7 123.2 Setting up libatspi2.0-0t64:amd64 (2.52.0-1build1) ...
#7 123.2 Setting up python3-gi (3.48.2-1) ...
#7 123.3 Setting up python3-cycler (0.11.0-2) ...
#7 123.4 Setting up python3-kiwisolver (1.4.4-2build1) ...
#7 123.5 Setting up libshout3:amd64 (2.4.6-1build2) ...
#7 123.5 Setting up python3-idna (3.6-2ubuntu0.1) ...
#7 123.6 Setting up libelf-dev:amd64 (0.190-1.1ubuntu0.1) ...
#7 123.6 Setting up librbd1 (19.2.3-0ubuntu0.24.04.3) ...
#7 123.6 Setting up librsvg2-common:amd64 (2.58.0+dfsg-1build1) ...
#7 123.6 Setting up python3-html5lib (1.1-6) ...
#7 123.8 Setting up python3-urllib3 (2.0.7-1ubuntu0.7) ...
#7 123.9 Setting up python3-scapy (2.5.0+dfsg-2ubuntu1) ...
#7 124.6 Setting up python3-lxml:amd64 (5.2.1-1) ...
#7 124.7 Setting up python3-traitlets (5.5.0-2) ...
#7 124.8 Setting up g++-x86-64-linux-gnu (4:13.2.0-7ubuntu1) ...
#7 124.8 Setting up python3-dateutil (2.8.2-3ubuntu1) ...
#7 124.9 Setting up python3-mpmath (1.2.1-3) ...
#7 125.2 Setting up python3-argcomplete (3.1.4-1ubuntu0.1) ...
#7 125.3 Setting up libsdl2-2.0-0:amd64 (2.30.0+dfsg-1ubuntu3.1) ...
#7 125.3 Setting up python3-cssselect (1.2.0-2) ...
#7 125.3 Setting up python3-appdirs (1.4.4-4) ...
#7 125.4 Setting up python3-soupsieve (2.5-1) ...
#7 125.5 Setting up qemu-block-extra (1:8.2.2+ds-0ubuntu1.17) ...
#7 125.6 Created symlink /etc/systemd/system/multi-user.target.wants/run-qemu.mount → /usr/lib/systemd/system/run-qemu.mount.
#7 125.6 Setting up python3-cffi-backend:amd64 (1.16.0-2build1) ...
#7 125.6 Setting up python3-ptyprocess (0.7.0-5) ...
#7 125.7 Setting up python3-pkg-resources (68.1.2-2ubuntu1.2) ...
#7 125.8 Setting up python3-prompt-toolkit (3.0.43-1) ...
#7 126.1 Setting up python3-pyroute2 (0.7.11-0ubuntu2) ...
#7 126.3 Setting up libatk-bridge2.0-0t64:amd64 (2.52.0-1build1) ...
#7 126.3 Setting up python3-sympy (1.12-7) ...
#7 129.4 Setting up glib-networking-services (2.80.0-1build1) ...
#7 129.4 Setting up python3-attr (23.2.0-2) ...
#7 129.5 Setting up g++-13 (13.3.0-6ubuntu2~24.04.1) ...
#7 129.5 Setting up python3-pure-eval (0.2.2-1) ...
#7 129.6 Setting up python3-dbus (1.3.2-5build3) ...
#7 129.7 Setting up tk8.6-blt2.5 (2.5.3+dfsg-7build1) ...
#7 129.7 Setting up libglx-mesa0:amd64 (25.2.8-0ubuntu0.24.04.2) ...
#7 129.7 Setting up gstreamer1.0-x:amd64 (1.24.2-1ubuntu0.4) ...
#7 129.7 Setting up qemu-system-modules-opengl (1:8.2.2+ds-0ubuntu1.17) ...
#7 129.7 Setting up python3-setuptools (68.1.2-2ubuntu1.2) ...
#7 130.0 Setting up libbpf-dev:amd64 (1:1.3.0-2build2) ...
#7 130.0 Setting up libglx0:amd64 (1.7.0-1build1) ...
#7 130.0 Setting up dconf-gsettings-backend:amd64 (0.40.0-4ubuntu0.1) ...
#7 130.0 Setting up python3-parso (0.8.3-1) ...
#7 130.1 Setting up python3-lz4 (4.0.2+dfsg-1build4) ...
#7 130.2 Setting up python3-asttokens (2.4.1-1) ...
#7 130.3 Setting up python3-unicodedata2 (15.1.0+ds-1build1) ...
#7 130.3 Setting up python3-olefile (0.46-3) ...
#7 130.4 Setting up blt (2.5.3+dfsg-7build1) ...
#7 130.4 Setting up isympy-common (1.12-7) ...
#7 130.4 Setting up python3-tk:amd64 (3.12.3-0ubuntu1) ...
#7 130.5 Setting up python3-bs4 (4.12.3-1) ...
#7 130.6 Setting up python3-matplotlib-inline (0.1.6-2) ...
#7 130.6 Setting up python3-fs (2.4.16-3) ...
#7 130.8 Setting up python3-pygments (2.17.2+dfsg-1) ...
#7 131.2 Setting up python3-chardet (5.2.0+dfsg-1) ...
#7 131.5 Setting up libgl1:amd64 (1.7.0-1build1) ...
#7 131.5 Setting up python3-pil.imagetk:amd64 (10.2.0-1ubuntu1.2) ...
#7 131.5 Setting up python3-executing (2.0.1-0.1) ...
#7 131.6 Setting up python3-pexpect (4.9-2) ...
#7 131.7 Setting up python3-cryptography (41.0.7-4ubuntu0.4) ...
#7 131.9 Setting up isympy3 (1.12-7) ...
#7 131.9 Setting up python3-requests (2.31.0+dfsg-1ubuntu1.1) ...
#7 132.0 Setting up python3-numpy (1:1.26.4+ds-6ubuntu1) ...
#7 133.0 Setting up g++ (4:13.2.0-7ubuntu1) ...
#7 133.0 update-alternatives: using /usr/bin/g++ to provide /usr/bin/c++ (c++) in auto mode
#7 133.0 update-alternatives: warning: skip creation of /usr/share/man/man1/c++.1.gz because associated file /usr/share/man/man1/g++.1.gz (of link group c++) doesn't exist
#7 133.0 Setting up qemu-system-modules-spice (1:8.2.2+ds-0ubuntu1.17) ...
#7 133.0 Setting up python3-contourpy (1.0.7-2build1) ...
#7 133.1 Setting up virtme-ng (1.22-1) ...
#7 133.2 Setting up python3-stack-data (0.6.3-1) ...
#7 133.3 Setting up libgtk-3-common (3.24.41-4ubuntu1.3) ...
#7 133.3 Setting up networkd-dispatcher (2.2.4-1) ...
#7 133.3 Created symlink /etc/systemd/system/multi-user.target.wants/networkd-dispatcher.service → /usr/lib/systemd/system/networkd-dispatcher.service.
#7 133.4 Setting up gsettings-desktop-schemas (46.1-0ubuntu1) ...
#7 133.4 Setting up python3-scipy (1.11.4-6build1) ...
#7 135.0 Setting up python3-jedi (0.19.1+ds1-1) ...
#7 135.1 Setting up python3-ipython (8.20.0-1) ...
#7 135.5 Setting up at-spi2-core (2.52.0-1build1) ...
#7 135.5 Setting up ipython3 (8.20.0-1) ...
#7 135.5 Setting up glib-networking:amd64 (2.80.0-1build1) ...
#7 135.5 Setting up libsoup-3.0-0:amd64 (3.4.4-5ubuntu0.7) ...
#7 135.5 Setting up gstreamer1.0-plugins-good:amd64 (1.24.2-1ubuntu1.4) ...
#7 135.6 Setting up python3-fonttools (4.46.0-1build2) ...
#7 136.0 Setting up adwaita-icon-theme (46.0-1) ...
#7 136.1 update-alternatives: using /usr/share/icons/Adwaita/cursor.theme to provide /usr/share/icons/default/index.theme (x-cursor-theme) in auto mode
#7 136.1 Setting up libgtk-3-0t64:amd64 (3.24.41-4ubuntu1.3) ...
#7 136.1 Setting up python3-ufolib2 (0.16.0+dfsg1-1) ...
#7 136.2 Setting up kbd (2.6.4-2ubuntu2) ...
#7 136.2 Setting up console-setup-linux (1.226ubuntu1) ...
#7 136.3 update-alternatives: using /etc/console-setup/vtrgb to provide /etc/vtrgb (vtrgb) in auto mode
#7 136.4 Created symlink /etc/systemd/system/sysinit.target.wants/keyboard-setup.service → /usr/lib/systemd/system/keyboard-setup.service.
#7 136.4 Created symlink /etc/systemd/system/multi-user.target.wants/console-setup.service → /usr/lib/systemd/system/console-setup.service.
#7 136.7 Created symlink /etc/systemd/system/sysinit.target.wants/setvtrgb.service → /usr/lib/systemd/system/setvtrgb.service.
#7 136.7 Setting up libdecor-0-plugin-1-gtk:amd64 (0.2.2-1build2) ...
#7 136.7 Setting up libheif-plugin-aomdec:amd64 (1.17.6-1ubuntu4.4) ...
#7 136.7 Setting up console-setup (1.226ubuntu1) ...
#7 137.0 Setting up python3-matplotlib (3.6.3-1ubuntu5) ...
#7 137.7 Setting up libheif1:amd64 (1.17.6-1ubuntu4.4) ...
#7 137.7 Setting up libgtk-3-bin (3.24.41-4ubuntu1.3) ...
#7 137.7 Setting up libvte-2.91-0:amd64 (0.76.0-1ubuntu0.1) ...
#7 137.8 Setting up humanity-icon-theme (0.6.16) ...
#7 137.9 Setting up libgd3:amd64 (2.3.3-9ubuntu5) ...
#7 138.0 Setting up libc-devtools (2.39-0ubuntu8.7) ...
#7 138.0 Setting up qemu-system-gui (1:8.2.2+ds-0ubuntu1.17) ...
#7 138.0 Setting up libheif-plugin-aomenc:amd64 (1.17.6-1ubuntu4.4) ...
#7 138.0 Setting up ubuntu-mono (24.04-0ubuntu1) ...
#7 138.0 Processing triggers for libc-bin (2.39-0ubuntu8.7) ...
#7 138.1 Processing triggers for ca-certificates (20260601~24.04.1) ...
#7 138.1 Updating certificates in /etc/ssl/certs...
#7 138.3 0 added, 0 removed; done.
#7 138.3 Running hooks in /etc/ca-certificates/update.d...
#7 138.3 done.
#7 138.3 Processing triggers for libgdk-pixbuf-2.0-0:amd64 (2.42.10+dfsg-3ubuntu3.3) ...
#7 DONE 139.4s

#8 [ 4/20] RUN echo true > debug-mode
#8 DONE 0.2s

#9 [ 5/20] RUN addgroup --gid 1001 hostuser || true
#9 0.182 info: Adding group `hostuser' (GID 1001) ...
#9 DONE 0.2s

#10 [ 6/20] RUN adduser --uid 1001 --ingroup hostuser --no-create-home --shell /bin/sh hostuser || true
#10 0.187 info: Adding user `hostuser' ...
#10 0.189 info: Adding new user `hostuser' (1001) with group `hostuser (1001)' ...
#10 0.232 info: Not creating home directory `/home/hostuser'.
#10 0.236 New password: Password change has been aborted.
#10 0.236 passwd: Authentication token manipulation error
#10 0.236 passwd: password unchanged
#10 0.236 Use of uninitialized value $answer in chop at /usr/sbin/adduser line 847.
#10 0.236 Use of uninitialized value $answer in pattern match (m//) at /usr/sbin/adduser line 848.
#10 0.236 Use of uninitialized value $answer in pattern match (m//) at /usr/sbin/adduser line 849.
#10 0.236 Try again? [y/N] Changing the user information for hostuser
#10 0.238 Enter the new value, or press ENTER for the default
#10 0.238 	Full Name []: 	Room Number []: 	Work Phone []: 	Home Phone []: 	Other []: Use of uninitialized value $answer in chop at /usr/sbin/adduser line 877.
#10 0.244 Use of uninitialized value $answer in pattern match (m//) at /usr/sbin/adduser line 878.
#10 0.244 Use of uninitialized value $answer in pattern match (m//) at /usr/sbin/adduser line 879.
#10 0.244 Is the information correct? [Y/n] info: Adding new user `hostuser' to supplemental / extra groups `users' ...
#10 0.245 info: Adding user `hostuser' to group `users' ...
#10 DONE 0.3s

#11 [ 7/20] RUN mkdir -p /tmp/kernel-patches &&     mkdir -p /tmp/iproute2-patches
#11 DONE 0.2s

#12 [ 8/20] COPY tdc.config /tmp
#12 DONE 0.0s

#13 [ 9/20] COPY tdc-debug.config /tmp
#13 DONE 0.0s

#14 [10/20] COPY kernel-patches /tmp/kernel-patches/
#14 DONE 0.0s

#15 [11/20] COPY iproute2-patches /tmp/iproute2-patches/
#15 DONE 0.0s

#16 [12/20] COPY configs /tmp/configs/
#16 DONE 0.0s

#17 [13/20] RUN git config --global user.email foo@bar.com
#17 DONE 0.2s

#18 [14/20] RUN git config --global user.name foo@bar.com
#18 DONE 0.2s

#19 [15/20] RUN git clone --ipv4 https://kernel.googlesource.com/pub/scm/network/iproute2/iproute2-next/ /nipa-data/iproute2
#19 0.157 Cloning into '/nipa-data/iproute2'...
#19 DONE 1.7s

#20 [16/20] RUN if [ "$(find /tmp/iproute2-patches/ -name *.patch)" ]; then  	cd /nipa-data/iproute2; 	git apply /tmp/iproute2-patches/*.patch;     fi
#20 DONE 0.2s

#21 [17/20] RUN cd /nipa-data/iproute2/ &&     ./configure --libdir /usr/lib/x86_64-linux-gnu &&     make V=1
#21 0.164 TC schedulers
#21 0.166 
#21 0.168 lib directory: /usr/lib/x86_64-linux-gnu
#21 0.168 libc has setns: yes
#21 0.194 libc has name_to_handle_at: yes
#21 0.216 SELinux support: no
#21 0.217 libtirpc support: no
#21 0.218 libbpf support: yes
#21 0.279 	libbpf version 1.3.0
#21 0.279 ELF support: yes
#21 0.281 libmnl support: yes
#21 0.309 Berkeley DB: no
#21 0.318 need for strlcpy: no
#21 0.340 libcap support: yes
#21 0.342 color output: never
#21 0.344 
#21 0.344 lib
#21 0.344 make[1]: Entering directory '/nipa-data/iproute2/lib'
#21 0.344 gcc -Wall -Wstrict-prototypes  -Wmissing-prototypes -Wmissing-declarations -Wold-style-definition -Wformat=2 -O2 -pipe -I../include -I../include/uapi -DRESOLVE_HOSTNAMES -DLIBDIR=\"/usr/lib/x86_64-linux-gnu\" -DCONF_USR_DIR=\"/usr/share/iproute2\" -DCONF_ETC_DIR=\"/etc/iproute2\" -DNETNS_RUN_DIR=\"/var/run/netns\" -DNETNS_ETC_DIR=\"/etc/netns\" -DARPDDIR=\"/var/lib/arpd\" -DCONF_COLOR=COLOR_OPT_NEVER -D_GNU_SOURCE -D_FILE_OFFSET_BITS=64 -D_LARGEFILE_SOURCE -D_LARGEFILE64_SOURCE -DHAVE_SETNS -DHAVE_HANDLE_AT -DHAVE_LIBBPF  -DLIBBPF_VERSION=\"1.3.0\" -DLIBBPF_DYNAMIC -DHAVE_LIBBPF_SECTION_NAME  -DHAVE_ELF  -DHAVE_LIBMNL  -DHAVE_LIBCAP  -DHAVE_SETNS -DHAVE_HANDLE_AT -DHAVE_LIBBPF  -DLIBBPF_VERSION=\"1.3.0\" -DLIBBPF_DYNAMIC -DHAVE_LIBBPF_SECTION_NAME  -DHAVE_ELF  -DHAVE_LIBMNL  -DHAVE_LIBCAP  -fPIC   -c -o libgenl.o libgenl.c
#21 0.385 gcc -Wall -Wstrict-prototypes  -Wmissing-prototypes -Wmissing-declarations -Wold-style-definition -Wformat=2 -O2 -pipe -I../include -I../include/uapi -DRESOLVE_HOSTNAMES -DLIBDIR=\"/usr/lib/x86_64-linux-gnu\" -DCONF_USR_DIR=\"/usr/share/iproute2\" -DCONF_ETC_DIR=\"/etc/iproute2\" -DNETNS_RUN_DIR=\"/var/run/netns\" -DNETNS_ETC_DIR=\"/etc/netns\" -DARPDDIR=\"/var/lib/arpd\" -DCONF_COLOR=COLOR_OPT_NEVER -D_GNU_SOURCE -D_FILE_OFFSET_BITS=64 -D_LARGEFILE_SOURCE -D_LARGEFILE64_SOURCE -DHAVE_SETNS -DHAVE_HANDLE_AT -DHAVE_LIBBPF  -DLIBBPF_VERSION=\"1.3.0\" -DLIBBPF_DYNAMIC -DHAVE_LIBBPF_SECTION_NAME  -DHAVE_ELF  -DHAVE_LIBMNL  -DHAVE_LIBCAP  -DHAVE_SETNS -DHAVE_HANDLE_AT -DHAVE_LIBBPF  -DLIBBPF_VERSION=\"1.3.0\" -DLIBBPF_DYNAMIC -DHAVE_LIBBPF_SECTION_NAME  -DHAVE_ELF  -DHAVE_LIBMNL  -DHAVE_LIBCAP  -fPIC   -c -o libnetlink.o libnetlink.c
#21 0.576 gcc -Wall -Wstrict-prototypes  -Wmissing-prototypes -Wmissing-declarations -Wold-style-definition -Wformat=2 -O2 -pipe -I../include -I../include/uapi -DRESOLVE_HOSTNAMES -DLIBDIR=\"/usr/lib/x86_64-linux-gnu\" -DCONF_USR_DIR=\"/usr/share/iproute2\" -DCONF_ETC_DIR=\"/etc/iproute2\" -DNETNS_RUN_DIR=\"/var/run/netns\" -DNETNS_ETC_DIR=\"/etc/netns\" -DARPDDIR=\"/var/lib/arpd\" -DCONF_COLOR=COLOR_OPT_NEVER -D_GNU_SOURCE -D_FILE_OFFSET_BITS=64 -D_LARGEFILE_SOURCE -D_LARGEFILE64_SOURCE -DHAVE_SETNS -DHAVE_HANDLE_AT -DHAVE_LIBBPF  -DLIBBPF_VERSION=\"1.3.0\" -DLIBBPF_DYNAMIC -DHAVE_LIBBPF_SECTION_NAME  -DHAVE_ELF  -DHAVE_LIBMNL  -DHAVE_LIBCAP  -DHAVE_SETNS -DHAVE_HANDLE_AT -DHAVE_LIBBPF  -DLIBBPF_VERSION=\"1.3.0\" -DLIBBPF_DYNAMIC -DHAVE_LIBBPF_SECTION_NAME  -DHAVE_ELF  -DHAVE_LIBMNL  -DHAVE_LIBCAP  -fPIC   -c -o mnl_utils.o mnl_utils.c
#21 0.638 gcc -Wall -Wstrict-prototypes  -Wmissing-prototypes -Wmissing-declarations -Wold-style-definition -Wformat=2 -O2 -pipe -I../include -I../include/uapi -DRESOLVE_HOSTNAMES -DLIBDIR=\"/usr/lib/x86_64-linux-gnu\" -DCONF_USR_DIR=\"/usr/share/iproute2\" -DCONF_ETC_DIR=\"/etc/iproute2\" -DNETNS_RUN_DIR=\"/var/run/netns\" -DNETNS_ETC_DIR=\"/etc/netns\" -DARPDDIR=\"/var/lib/arpd\" -DCONF_COLOR=COLOR_OPT_NEVER -D_GNU_SOURCE -D_FILE_OFFSET_BITS=64 -D_LARGEFILE_SOURCE -D_LARGEFILE64_SOURCE -DHAVE_SETNS -DHAVE_HANDLE_AT -DHAVE_LIBBPF  -DLIBBPF_VERSION=\"1.3.0\" -DLIBBPF_DYNAMIC -DHAVE_LIBBPF_SECTION_NAME  -DHAVE_ELF  -DHAVE_LIBMNL  -DHAVE_LIBCAP  -DHAVE_SETNS -DHAVE_HANDLE_AT -DHAVE_LIBBPF  -DLIBBPF_VERSION=\"1.3.0\" -DLIBBPF_DYNAMIC -DHAVE_LIBBPF_SECTION_NAME  -DHAVE_ELF  -DHAVE_LIBMNL  -DHAVE_LIBCAP  -fPIC   -c -o mnlg.o mnlg.c
#21 0.676 ar rcs libnetlink.a libgenl.o libnetlink.o mnl_utils.o mnlg.o
#21 0.678 gcc -Wall -Wstrict-prototypes  -Wmissing-prototypes -Wmissing-declarations -Wold-style-definition -Wformat=2 -O2 -pipe -I../include -I../include/uapi -DRESOLVE_HOSTNAMES -DLIBDIR=\"/usr/lib/x86_64-linux-gnu\" -DCONF_USR_DIR=\"/usr/share/iproute2\" -DCONF_ETC_DIR=\"/etc/iproute2\" -DNETNS_RUN_DIR=\"/var/run/netns\" -DNETNS_ETC_DIR=\"/etc/netns\" -DARPDDIR=\"/var/lib/arpd\" -DCONF_COLOR=COLOR_OPT_NEVER -D_GNU_SOURCE -D_FILE_OFFSET_BITS=64 -D_LARGEFILE_SOURCE -D_LARGEFILE64_SOURCE -DHAVE_SETNS -DHAVE_HANDLE_AT -DHAVE_LIBBPF  -DLIBBPF_VERSION=\"1.3.0\" -DLIBBPF_DYNAMIC -DHAVE_LIBBPF_SECTION_NAME  -DHAVE_ELF  -DHAVE_LIBMNL  -DHAVE_LIBCAP  -DHAVE_SETNS -DHAVE_HANDLE_AT -DHAVE_LIBBPF  -DLIBBPF_VERSION=\"1.3.0\" -DLIBBPF_DYNAMIC -DHAVE_LIBBPF_SECTION_NAME  -DHAVE_ELF  -DHAVE_LIBMNL  -DHAVE_LIBCAP  -fPIC   -c -o utils.o utils.c
#21 0.945 gcc -Wall -Wstrict-prototypes  -Wmissing-prototypes -Wmissing-declarations -Wold-style-definition -Wformat=2 -O2 -pipe -I../include -I../include/uapi -DRESOLVE_HOSTNAMES -DLIBDIR=\"/usr/lib/x86_64-linux-gnu\" -DCONF_USR_DIR=\"/usr/share/iproute2\" -DCONF_ETC_DIR=\"/etc/iproute2\" -DNETNS_RUN_DIR=\"/var/run/netns\" -DNETNS_ETC_DIR=\"/etc/netns\" -DARPDDIR=\"/var/lib/arpd\" -DCONF_COLOR=COLOR_OPT_NEVER -D_GNU_SOURCE -D_FILE_OFFSET_BITS=64 -D_LARGEFILE_SOURCE -D_LARGEFILE64_SOURCE -DHAVE_SETNS -DHAVE_HANDLE_AT -DHAVE_LIBBPF  -DLIBBPF_VERSION=\"1.3.0\" -DLIBBPF_DYNAMIC -DHAVE_LIBBPF_SECTION_NAME  -DHAVE_ELF  -DHAVE_LIBMNL  -DHAVE_LIBCAP  -DHAVE_SETNS -DHAVE_HANDLE_AT -DHAVE_LIBBPF  -DLIBBPF_VERSION=\"1.3.0\" -DLIBBPF_DYNAMIC -DHAVE_LIBBPF_SECTION_NAME  -DHAVE_ELF  -DHAVE_LIBMNL  -DHAVE_LIBCAP  -fPIC   -c -o utils_math.o utils_math.c
#21 1.002 gcc -Wall -Wstrict-prototypes  -Wmissing-prototypes -Wmissing-declarations -Wold-style-definition -Wformat=2 -O2 -pipe -I../include -I../include/uapi -DRESOLVE_HOSTNAMES -DLIBDIR=\"/usr/lib/x86_64-linux-gnu\" -DCONF_USR_DIR=\"/usr/share/iproute2\" -DCONF_ETC_DIR=\"/etc/iproute2\" -DNETNS_RUN_DIR=\"/var/run/netns\" -DNETNS_ETC_DIR=\"/etc/netns\" -DARPDDIR=\"/var/lib/arpd\" -DCONF_COLOR=COLOR_OPT_NEVER -D_GNU_SOURCE -D_FILE_OFFSET_BITS=64 -D_LARGEFILE_SOURCE -D_LARGEFILE64_SOURCE -DHAVE_SETNS -DHAVE_HANDLE_AT -DHAVE_LIBBPF  -DLIBBPF_VERSION=\"1.3.0\" -DLIBBPF_DYNAMIC -DHAVE_LIBBPF_SECTION_NAME  -DHAVE_ELF  -DHAVE_LIBMNL  -DHAVE_LIBCAP  -DHAVE_SETNS -DHAVE_HANDLE_AT -DHAVE_LIBBPF  -DLIBBPF_VERSION=\"1.3.0\" -DLIBBPF_DYNAMIC -DHAVE_LIBBPF_SECTION_NAME  -DHAVE_ELF  -DHAVE_LIBMNL  -DHAVE_LIBCAP  -fPIC   -c -o rt_names.o rt_names.c
#21 1.123 gcc -Wall -Wstrict-prototypes  -Wmissing-prototypes -Wmissing-declarations -Wold-style-definition -Wformat=2 -O2 -pipe -I../include -I../include/uapi -DRESOLVE_HOSTNAMES -DLIBDIR=\"/usr/lib/x86_64-linux-gnu\" -DCONF_USR_DIR=\"/usr/share/iproute2\" -DCONF_ETC_DIR=\"/etc/iproute2\" -DNETNS_RUN_DIR=\"/var/run/netns\" -DNETNS_ETC_DIR=\"/etc/netns\" -DARPDDIR=\"/var/lib/arpd\" -DCONF_COLOR=COLOR_OPT_NEVER -D_GNU_SOURCE -D_FILE_OFFSET_BITS=64 -D_LARGEFILE_SOURCE -D_LARGEFILE64_SOURCE -DHAVE_SETNS -DHAVE_HANDLE_AT -DHAVE_LIBBPF  -DLIBBPF_VERSION=\"1.3.0\" -DLIBBPF_DYNAMIC -DHAVE_LIBBPF_SECTION_NAME  -DHAVE_ELF  -DHAVE_LIBMNL  -DHAVE_LIBCAP  -DHAVE_SETNS -DHAVE_HANDLE_AT -DHAVE_LIBBPF  -DLIBBPF_VERSION=\"1.3.0\" -DLIBBPF_DYNAMIC -DHAVE_LIBBPF_SECTION_NAME  -DHAVE_ELF  -DHAVE_LIBMNL  -DHAVE_LIBCAP  -fPIC   -c -o ll_map.o ll_map.c
#21 1.191 gcc -Wall -Wstrict-prototypes  -Wmissing-prototypes -Wmissing-declarations -Wold-style-definition -Wformat=2 -O2 -pipe -I../include -I../include/uapi -DRESOLVE_HOSTNAMES -DLIBDIR=\"/usr/lib/x86_64-linux-gnu\" -DCONF_USR_DIR=\"/usr/share/iproute2\" -DCONF_ETC_DIR=\"/etc/iproute2\" -DNETNS_RUN_DIR=\"/var/run/netns\" -DNETNS_ETC_DIR=\"/etc/netns\" -DARPDDIR=\"/var/lib/arpd\" -DCONF_COLOR=COLOR_OPT_NEVER -D_GNU_SOURCE -D_FILE_OFFSET_BITS=64 -D_LARGEFILE_SOURCE -D_LARGEFILE64_SOURCE -DHAVE_SETNS -DHAVE_HANDLE_AT -DHAVE_LIBBPF  -DLIBBPF_VERSION=\"1.3.0\" -DLIBBPF_DYNAMIC -DHAVE_LIBBPF_SECTION_NAME  -DHAVE_ELF  -DHAVE_LIBMNL  -DHAVE_LIBCAP  -DHAVE_SETNS -DHAVE_HANDLE_AT -DHAVE_LIBBPF  -DLIBBPF_VERSION=\"1.3.0\" -DLIBBPF_DYNAMIC -DHAVE_LIBBPF_SECTION_NAME  -DHAVE_ELF  -DHAVE_LIBMNL  -DHAVE_LIBCAP  -fPIC   -c -o ll_types.o ll_types.c
#21 1.223 gcc -Wall -Wstrict-prototypes  -Wmissing-prototypes -Wmissing-declarations -Wold-style-definition -Wformat=2 -O2 -pipe -I../include -I../include/uapi -DRESOLVE_HOSTNAMES -DLIBDIR=\"/usr/lib/x86_64-linux-gnu\" -DCONF_USR_DIR=\"/usr/share/iproute2\" -DCONF_ETC_DIR=\"/etc/iproute2\" -DNETNS_RUN_DIR=\"/var/run/netns\" -DNETNS_ETC_DIR=\"/etc/netns\" -DARPDDIR=\"/var/lib/arpd\" -DCONF_COLOR=COLOR_OPT_NEVER -D_GNU_SOURCE -D_FILE_OFFSET_BITS=64 -D_LARGEFILE_SOURCE -D_LARGEFILE64_SOURCE -DHAVE_SETNS -DHAVE_HANDLE_AT -DHAVE_LIBBPF  -DLIBBPF_VERSION=\"1.3.0\" -DLIBBPF_DYNAMIC -DHAVE_LIBBPF_SECTION_NAME  -DHAVE_ELF  -DHAVE_LIBMNL  -DHAVE_LIBCAP  -DHAVE_SETNS -DHAVE_HANDLE_AT -DHAVE_LIBBPF  -DLIBBPF_VERSION=\"1.3.0\" -DLIBBPF_DYNAMIC -DHAVE_LIBBPF_SECTION_NAME  -DHAVE_ELF  -DHAVE_LIBMNL  -DHAVE_LIBCAP  -fPIC   -c -o ll_proto.o ll_proto.c
#21 1.253 gcc -Wall -Wstrict-prototypes  -Wmissing-prototypes -Wmissing-declarations -Wold-style-definition -Wformat=2 -O2 -pipe -I../include -I../include/uapi -DRESOLVE_HOSTNAMES -DLIBDIR=\"/usr/lib/x86_64-linux-gnu\" -DCONF_USR_DIR=\"/usr/share/iproute2\" -DCONF_ETC_DIR=\"/etc/iproute2\" -DNETNS_RUN_DIR=\"/var/run/netns\" -DNETNS_ETC_DIR=\"/etc/netns\" -DARPDDIR=\"/var/lib/arpd\" -DCONF_COLOR=COLOR_OPT_NEVER -D_GNU_SOURCE -D_FILE_OFFSET_BITS=64 -D_LARGEFILE_SOURCE -D_LARGEFILE64_SOURCE -DHAVE_SETNS -DHAVE_HANDLE_AT -DHAVE_LIBBPF  -DLIBBPF_VERSION=\"1.3.0\" -DLIBBPF_DYNAMIC -DHAVE_LIBBPF_SECTION_NAME  -DHAVE_ELF  -DHAVE_LIBMNL  -DHAVE_LIBCAP  -DHAVE_SETNS -DHAVE_HANDLE_AT -DHAVE_LIBBPF  -DLIBBPF_VERSION=\"1.3.0\" -DLIBBPF_DYNAMIC -DHAVE_LIBBPF_SECTION_NAME  -DHAVE_ELF  -DHAVE_LIBMNL  -DHAVE_LIBCAP  -fPIC   -c -o ll_addr.o ll_addr.c
#21 1.293 gcc -Wall -Wstrict-prototypes  -Wmissing-prototypes -Wmissing-declarations -Wold-style-definition -Wformat=2 -O2 -pipe -I../include -I../include/uapi -DRESOLVE_HOSTNAMES -DLIBDIR=\"/usr/lib/x86_64-linux-gnu\" -DCONF_USR_DIR=\"/usr/share/iproute2\" -DCONF_ETC_DIR=\"/etc/iproute2\" -DNETNS_RUN_DIR=\"/var/run/netns\" -DNETNS_ETC_DIR=\"/etc/netns\" -DARPDDIR=\"/var/lib/arpd\" -DCONF_COLOR=COLOR_OPT_NEVER -D_GNU_SOURCE -D_FILE_OFFSET_BITS=64 -D_LARGEFILE_SOURCE -D_LARGEFILE64_SOURCE -DHAVE_SETNS -DHAVE_HANDLE_AT -DHAVE_LIBBPF  -DLIBBPF_VERSION=\"1.3.0\" -DLIBBPF_DYNAMIC -DHAVE_LIBBPF_SECTION_NAME  -DHAVE_ELF  -DHAVE_LIBMNL  -DHAVE_LIBCAP  -DHAVE_SETNS -DHAVE_HANDLE_AT -DHAVE_LIBBPF  -DLIBBPF_VERSION=\"1.3.0\" -DLIBBPF_DYNAMIC -DHAVE_LIBBPF_SECTION_NAME  -DHAVE_ELF  -DHAVE_LIBMNL  -DHAVE_LIBCAP  -fPIC   -c -o inet_proto.o inet_proto.c
#21 1.326 gcc -Wall -Wstrict-prototypes  -Wmissing-prototypes -Wmissing-declarations -Wold-style-definition -Wformat=2 -O2 -pipe -I../include -I../include/uapi -DRESOLVE_HOSTNAMES -DLIBDIR=\"/usr/lib/x86_64-linux-gnu\" -DCONF_USR_DIR=\"/usr/share/iproute2\" -DCONF_ETC_DIR=\"/etc/iproute2\" -DNETNS_RUN_DIR=\"/var/run/netns\" -DNETNS_ETC_DIR=\"/etc/netns\" -DARPDDIR=\"/var/lib/arpd\" -DCONF_COLOR=COLOR_OPT_NEVER -D_GNU_SOURCE -D_FILE_OFFSET_BITS=64 -D_LARGEFILE_SOURCE -D_LARGEFILE64_SOURCE -DHAVE_SETNS -DHAVE_HANDLE_AT -DHAVE_LIBBPF  -DLIBBPF_VERSION=\"1.3.0\" -DLIBBPF_DYNAMIC -DHAVE_LIBBPF_SECTION_NAME  -DHAVE_ELF  -DHAVE_LIBMNL  -DHAVE_LIBCAP  -DHAVE_SETNS -DHAVE_HANDLE_AT -DHAVE_LIBBPF  -DLIBBPF_VERSION=\"1.3.0\" -DLIBBPF_DYNAMIC -DHAVE_LIBBPF_SECTION_NAME  -DHAVE_ELF  -DHAVE_LIBMNL  -DHAVE_LIBCAP  -fPIC   -c -o namespace.o namespace.c
#21 1.382 gcc -Wall -Wstrict-prototypes  -Wmissing-prototypes -Wmissing-declarations -Wold-style-definition -Wformat=2 -O2 -pipe -I../include -I../include/uapi -DRESOLVE_HOSTNAMES -DLIBDIR=\"/usr/lib/x86_64-linux-gnu\" -DCONF_USR_DIR=\"/usr/share/iproute2\" -DCONF_ETC_DIR=\"/etc/iproute2\" -DNETNS_RUN_DIR=\"/var/run/netns\" -DNETNS_ETC_DIR=\"/etc/netns\" -DARPDDIR=\"/var/lib/arpd\" -DCONF_COLOR=COLOR_OPT_NEVER -D_GNU_SOURCE -D_FILE_OFFSET_BITS=64 -D_LARGEFILE_SOURCE -D_LARGEFILE64_SOURCE -DHAVE_SETNS -DHAVE_HANDLE_AT -DHAVE_LIBBPF  -DLIBBPF_VERSION=\"1.3.0\" -DLIBBPF_DYNAMIC -DHAVE_LIBBPF_SECTION_NAME  -DHAVE_ELF  -DHAVE_LIBMNL  -DHAVE_LIBCAP  -DHAVE_SETNS -DHAVE_HANDLE_AT -DHAVE_LIBBPF  -DLIBBPF_VERSION=\"1.3.0\" -DLIBBPF_DYNAMIC -DHAVE_LIBBPF_SECTION_NAME  -DHAVE_ELF  -DHAVE_LIBMNL  -DHAVE_LIBCAP  -fPIC   -c -o json_writer.o json_writer.c
#21 1.430 gcc -Wall -Wstrict-prototypes  -Wmissing-prototypes -Wmissing-declarations -Wold-style-definition -Wformat=2 -O2 -pipe -I../include -I../include/uapi -DRESOLVE_HOSTNAMES -DLIBDIR=\"/usr/lib/x86_64-linux-gnu\" -DCONF_USR_DIR=\"/usr/share/iproute2\" -DCONF_ETC_DIR=\"/etc/iproute2\" -DNETNS_RUN_DIR=\"/var/run/netns\" -DNETNS_ETC_DIR=\"/etc/netns\" -DARPDDIR=\"/var/lib/arpd\" -DCONF_COLOR=COLOR_OPT_NEVER -D_GNU_SOURCE -D_FILE_OFFSET_BITS=64 -D_LARGEFILE_SOURCE -D_LARGEFILE64_SOURCE -DHAVE_SETNS -DHAVE_HANDLE_AT -DHAVE_LIBBPF  -DLIBBPF_VERSION=\"1.3.0\" -DLIBBPF_DYNAMIC -DHAVE_LIBBPF_SECTION_NAME  -DHAVE_ELF  -DHAVE_LIBMNL  -DHAVE_LIBCAP  -DHAVE_SETNS -DHAVE_HANDLE_AT -DHAVE_LIBBPF  -DLIBBPF_VERSION=\"1.3.0\" -DLIBBPF_DYNAMIC -DHAVE_LIBBPF_SECTION_NAME  -DHAVE_ELF  -DHAVE_LIBMNL  -DHAVE_LIBCAP  -fPIC   -c -o json_print.o json_print.c
#21 1.515 gcc -Wall -Wstrict-prototypes  -Wmissing-prototypes -Wmissing-declarations -Wold-style-definition -Wformat=2 -O2 -pipe -I../include -I../include/uapi -DRESOLVE_HOSTNAMES -DLIBDIR=\"/usr/lib/x86_64-linux-gnu\" -DCONF_USR_DIR=\"/usr/share/iproute2\" -DCONF_ETC_DIR=\"/etc/iproute2\" -DNETNS_RUN_DIR=\"/var/run/netns\" -DNETNS_ETC_DIR=\"/etc/netns\" -DARPDDIR=\"/var/lib/arpd\" -DCONF_COLOR=COLOR_OPT_NEVER -D_GNU_SOURCE -D_FILE_OFFSET_BITS=64 -D_LARGEFILE_SOURCE -D_LARGEFILE64_SOURCE -DHAVE_SETNS -DHAVE_HANDLE_AT -DHAVE_LIBBPF  -DLIBBPF_VERSION=\"1.3.0\" -DLIBBPF_DYNAMIC -DHAVE_LIBBPF_SECTION_NAME  -DHAVE_ELF  -DHAVE_LIBMNL  -DHAVE_LIBCAP  -DHAVE_SETNS -DHAVE_HANDLE_AT -DHAVE_LIBBPF  -DLIBBPF_VERSION=\"1.3.0\" -DLIBBPF_DYNAMIC -DHAVE_LIBBPF_SECTION_NAME  -DHAVE_ELF  -DHAVE_LIBMNL  -DHAVE_LIBCAP  -fPIC   -c -o json_print_math.o json_print_math.c
#21 1.558 gcc -Wall -Wstrict-prototypes  -Wmissing-prototypes -Wmissing-declarations -Wold-style-definition -Wformat=2 -O2 -pipe -I../include -I../include/uapi -DRESOLVE_HOSTNAMES -DLIBDIR=\"/usr/lib/x86_64-linux-gnu\" -DCONF_USR_DIR=\"/usr/share/iproute2\" -DCONF_ETC_DIR=\"/etc/iproute2\" -DNETNS_RUN_DIR=\"/var/run/netns\" -DNETNS_ETC_DIR=\"/etc/netns\" -DARPDDIR=\"/var/lib/arpd\" -DCONF_COLOR=COLOR_OPT_NEVER -D_GNU_SOURCE -D_FILE_OFFSET_BITS=64 -D_LARGEFILE_SOURCE -D_LARGEFILE64_SOURCE -DHAVE_SETNS -DHAVE_HANDLE_AT -DHAVE_LIBBPF  -DLIBBPF_VERSION=\"1.3.0\" -DLIBBPF_DYNAMIC -DHAVE_LIBBPF_SECTION_NAME  -DHAVE_ELF  -DHAVE_LIBMNL  -DHAVE_LIBCAP  -DHAVE_SETNS -DHAVE_HANDLE_AT -DHAVE_LIBBPF  -DLIBBPF_VERSION=\"1.3.0\" -DLIBBPF_DYNAMIC -DHAVE_LIBBPF_SECTION_NAME  -DHAVE_ELF  -DHAVE_LIBMNL  -DHAVE_LIBCAP  -fPIC   -c -o names.o names.c
#21 1.604 gcc -Wall -Wstrict-prototypes  -Wmissing-prototypes -Wmissing-declarations -Wold-style-definition -Wformat=2 -O2 -pipe -I../include -I../include/uapi -DRESOLVE_HOSTNAMES -DLIBDIR=\"/usr/lib/x86_64-linux-gnu\" -DCONF_USR_DIR=\"/usr/share/iproute2\" -DCONF_ETC_DIR=\"/etc/iproute2\" -DNETNS_RUN_DIR=\"/var/run/netns\" -DNETNS_ETC_DIR=\"/etc/netns\" -DARPDDIR=\"/var/lib/arpd\" -DCONF_COLOR=COLOR_OPT_NEVER -D_GNU_SOURCE -D_FILE_OFFSET_BITS=64 -D_LARGEFILE_SOURCE -D_LARGEFILE64_SOURCE -DHAVE_SETNS -DHAVE_HANDLE_AT -DHAVE_LIBBPF  -DLIBBPF_VERSION=\"1.3.0\" -DLIBBPF_DYNAMIC -DHAVE_LIBBPF_SECTION_NAME  -DHAVE_ELF  -DHAVE_LIBMNL  -DHAVE_LIBCAP  -DHAVE_SETNS -DHAVE_HANDLE_AT -DHAVE_LIBBPF  -DLIBBPF_VERSION=\"1.3.0\" -DLIBBPF_DYNAMIC -DHAVE_LIBBPF_SECTION_NAME  -DHAVE_ELF  -DHAVE_LIBMNL  -DHAVE_LIBCAP  -fPIC   -c -o color.o color.c
#21 1.646 gcc -Wall -Wstrict-prototypes  -Wmissing-prototypes -Wmissing-declarations -Wold-style-definition -Wformat=2 -O2 -pipe -I../include -I../include/uapi -DRESOLVE_HOSTNAMES -DLIBDIR=\"/usr/lib/x86_64-linux-gnu\" -DCONF_USR_DIR=\"/usr/share/iproute2\" -DCONF_ETC_DIR=\"/etc/iproute2\" -DNETNS_RUN_DIR=\"/var/run/netns\" -DNETNS_ETC_DIR=\"/etc/netns\" -DARPDDIR=\"/var/lib/arpd\" -DCONF_COLOR=COLOR_OPT_NEVER -D_GNU_SOURCE -D_FILE_OFFSET_BITS=64 -D_LARGEFILE_SOURCE -D_LARGEFILE64_SOURCE -DHAVE_SETNS -DHAVE_HANDLE_AT -DHAVE_LIBBPF  -DLIBBPF_VERSION=\"1.3.0\" -DLIBBPF_DYNAMIC -DHAVE_LIBBPF_SECTION_NAME  -DHAVE_ELF  -DHAVE_LIBMNL  -DHAVE_LIBCAP  -DHAVE_SETNS -DHAVE_HANDLE_AT -DHAVE_LIBBPF  -DLIBBPF_VERSION=\"1.3.0\" -DLIBBPF_DYNAMIC -DHAVE_LIBBPF_SECTION_NAME  -DHAVE_ELF  -DHAVE_LIBMNL  -DHAVE_LIBCAP  -fPIC   -c -o bpf_legacy.o bpf_legacy.c
#21 1.917 gcc -Wall -Wstrict-prototypes  -Wmissing-prototypes -Wmissing-declarations -Wold-style-definition -Wformat=2 -O2 -pipe -I../include -I../include/uapi -DRESOLVE_HOSTNAMES -DLIBDIR=\"/usr/lib/x86_64-linux-gnu\" -DCONF_USR_DIR=\"/usr/share/iproute2\" -DCONF_ETC_DIR=\"/etc/iproute2\" -DNETNS_RUN_DIR=\"/var/run/netns\" -DNETNS_ETC_DIR=\"/etc/netns\" -DARPDDIR=\"/var/lib/arpd\" -DCONF_COLOR=COLOR_OPT_NEVER -D_GNU_SOURCE -D_FILE_OFFSET_BITS=64 -D_LARGEFILE_SOURCE -D_LARGEFILE64_SOURCE -DHAVE_SETNS -DHAVE_HANDLE_AT -DHAVE_LIBBPF  -DLIBBPF_VERSION=\"1.3.0\" -DLIBBPF_DYNAMIC -DHAVE_LIBBPF_SECTION_NAME  -DHAVE_ELF  -DHAVE_LIBMNL  -DHAVE_LIBCAP  -DHAVE_SETNS -DHAVE_HANDLE_AT -DHAVE_LIBBPF  -DLIBBPF_VERSION=\"1.3.0\" -DLIBBPF_DYNAMIC -DHAVE_LIBBPF_SECTION_NAME  -DHAVE_ELF  -DHAVE_LIBMNL  -DHAVE_LIBCAP  -fPIC   -c -o bpf_glue.o bpf_glue.c
#21 1.958 gcc -Wall -Wstrict-prototypes  -Wmissing-prototypes -Wmissing-declarations -Wold-style-definition -Wformat=2 -O2 -pipe -I../include -I../include/uapi -DRESOLVE_HOSTNAMES -DLIBDIR=\"/usr/lib/x86_64-linux-gnu\" -DCONF_USR_DIR=\"/usr/share/iproute2\" -DCONF_ETC_DIR=\"/etc/iproute2\" -DNETNS_RUN_DIR=\"/var/run/netns\" -DNETNS_ETC_DIR=\"/etc/netns\" -DARPDDIR=\"/var/lib/arpd\" -DCONF_COLOR=COLOR_OPT_NEVER -D_GNU_SOURCE -D_FILE_OFFSET_BITS=64 -D_LARGEFILE_SOURCE -D_LARGEFILE64_SOURCE -DHAVE_SETNS -DHAVE_HANDLE_AT -DHAVE_LIBBPF  -DLIBBPF_VERSION=\"1.3.0\" -DLIBBPF_DYNAMIC -DHAVE_LIBBPF_SECTION_NAME  -DHAVE_ELF  -DHAVE_LIBMNL  -DHAVE_LIBCAP  -DHAVE_SETNS -DHAVE_HANDLE_AT -DHAVE_LIBBPF  -DLIBBPF_VERSION=\"1.3.0\" -DLIBBPF_DYNAMIC -DHAVE_LIBBPF_SECTION_NAME  -DHAVE_ELF  -DHAVE_LIBMNL  -DHAVE_LIBCAP  -fPIC   -c -o exec.o exec.c
#21 1.992 gcc -Wall -Wstrict-prototypes  -Wmissing-prototypes -Wmissing-declarations -Wold-style-definition -Wformat=2 -O2 -pipe -I../include -I../include/uapi -DRESOLVE_HOSTNAMES -DLIBDIR=\"/usr/lib/x86_64-linux-gnu\" -DCONF_USR_DIR=\"/usr/share/iproute2\" -DCONF_ETC_DIR=\"/etc/iproute2\" -DNETNS_RUN_DIR=\"/var/run/netns\" -DNETNS_ETC_DIR=\"/etc/netns\" -DARPDDIR=\"/var/lib/arpd\" -DCONF_COLOR=COLOR_OPT_NEVER -D_GNU_SOURCE -D_FILE_OFFSET_BITS=64 -D_LARGEFILE_SOURCE -D_LARGEFILE64_SOURCE -DHAVE_SETNS -DHAVE_HANDLE_AT -DHAVE_LIBBPF  -DLIBBPF_VERSION=\"1.3.0\" -DLIBBPF_DYNAMIC -DHAVE_LIBBPF_SECTION_NAME  -DHAVE_ELF  -DHAVE_LIBMNL  -DHAVE_LIBCAP  -DHAVE_SETNS -DHAVE_HANDLE_AT -DHAVE_LIBBPF  -DLIBBPF_VERSION=\"1.3.0\" -DLIBBPF_DYNAMIC -DHAVE_LIBBPF_SECTION_NAME  -DHAVE_ELF  -DHAVE_LIBMNL  -DHAVE_LIBCAP  -fPIC   -c -o fs.o fs.c
#21 2.052 gcc -Wall -Wstrict-prototypes  -Wmissing-prototypes -Wmissing-declarations -Wold-style-definition -Wformat=2 -O2 -pipe -I../include -I../include/uapi -DRESOLVE_HOSTNAMES -DLIBDIR=\"/usr/lib/x86_64-linux-gnu\" -DCONF_USR_DIR=\"/usr/share/iproute2\" -DCONF_ETC_DIR=\"/etc/iproute2\" -DNETNS_RUN_DIR=\"/var/run/netns\" -DNETNS_ETC_DIR=\"/etc/netns\" -DARPDDIR=\"/var/lib/arpd\" -DCONF_COLOR=COLOR_OPT_NEVER -D_GNU_SOURCE -D_FILE_OFFSET_BITS=64 -D_LARGEFILE_SOURCE -D_LARGEFILE64_SOURCE -DHAVE_SETNS -DHAVE_HANDLE_AT -DHAVE_LIBBPF  -DLIBBPF_VERSION=\"1.3.0\" -DLIBBPF_DYNAMIC -DHAVE_LIBBPF_SECTION_NAME  -DHAVE_ELF  -DHAVE_LIBMNL  -DHAVE_LIBCAP  -DHAVE_SETNS -DHAVE_HANDLE_AT -DHAVE_LIBBPF  -DLIBBPF_VERSION=\"1.3.0\" -DLIBBPF_DYNAMIC -DHAVE_LIBBPF_SECTION_NAME  -DHAVE_ELF  -DHAVE_LIBMNL  -DHAVE_LIBCAP  -fPIC   -c -o cg_map.o cg_map.c
#21 2.088 gcc -Wall -Wstrict-prototypes  -Wmissing-prototypes -Wmissing-declarations -Wold-style-definition -Wformat=2 -O2 -pipe -I../include -I../include/uapi -DRESOLVE_HOSTNAMES -DLIBDIR=\"/usr/lib/x86_64-linux-gnu\" -DCONF_USR_DIR=\"/usr/share/iproute2\" -DCONF_ETC_DIR=\"/etc/iproute2\" -DNETNS_RUN_DIR=\"/var/run/netns\" -DNETNS_ETC_DIR=\"/etc/netns\" -DARPDDIR=\"/var/lib/arpd\" -DCONF_COLOR=COLOR_OPT_NEVER -D_GNU_SOURCE -D_FILE_OFFSET_BITS=64 -D_LARGEFILE_SOURCE -D_LARGEFILE64_SOURCE -DHAVE_SETNS -DHAVE_HANDLE_AT -DHAVE_LIBBPF  -DLIBBPF_VERSION=\"1.3.0\" -DLIBBPF_DYNAMIC -DHAVE_LIBBPF_SECTION_NAME  -DHAVE_ELF  -DHAVE_LIBMNL  -DHAVE_LIBCAP  -DHAVE_SETNS -DHAVE_HANDLE_AT -DHAVE_LIBBPF  -DLIBBPF_VERSION=\"1.3.0\" -DLIBBPF_DYNAMIC -DHAVE_LIBBPF_SECTION_NAME  -DHAVE_ELF  -DHAVE_LIBMNL  -DHAVE_LIBCAP  -fPIC   -c -o ppp_proto.o ppp_proto.c
#21 2.116 gcc -Wall -Wstrict-prototypes  -Wmissing-prototypes -Wmissing-declarations -Wold-style-definition -Wformat=2 -O2 -pipe -I../include -I../include/uapi -DRESOLVE_HOSTNAMES -DLIBDIR=\"/usr/lib/x86_64-linux-gnu\" -DCONF_USR_DIR=\"/usr/share/iproute2\" -DCONF_ETC_DIR=\"/etc/iproute2\" -DNETNS_RUN_DIR=\"/var/run/netns\" -DNETNS_ETC_DIR=\"/etc/netns\" -DARPDDIR=\"/var/lib/arpd\" -DCONF_COLOR=COLOR_OPT_NEVER -D_GNU_SOURCE -D_FILE_OFFSET_BITS=64 -D_LARGEFILE_SOURCE -D_LARGEFILE64_SOURCE -DHAVE_SETNS -DHAVE_HANDLE_AT -DHAVE_LIBBPF  -DLIBBPF_VERSION=\"1.3.0\" -DLIBBPF_DYNAMIC -DHAVE_LIBBPF_SECTION_NAME  -DHAVE_ELF  -DHAVE_LIBMNL  -DHAVE_LIBCAP  -DHAVE_SETNS -DHAVE_HANDLE_AT -DHAVE_LIBBPF  -DLIBBPF_VERSION=\"1.3.0\" -DLIBBPF_DYNAMIC -DHAVE_LIBBPF_SECTION_NAME  -DHAVE_ELF  -DHAVE_LIBMNL  -DHAVE_LIBCAP  -fPIC   -c -o bridge.o bridge.c
#21 2.155 gcc -Wall -Wstrict-prototypes  -Wmissing-prototypes -Wmissing-declarations -Wold-style-definition -Wformat=2 -O2 -pipe -I../include -I../include/uapi -DRESOLVE_HOSTNAMES -DLIBDIR=\"/usr/lib/x86_64-linux-gnu\" -DCONF_USR_DIR=\"/usr/share/iproute2\" -DCONF_ETC_DIR=\"/etc/iproute2\" -DNETNS_RUN_DIR=\"/var/run/netns\" -DNETNS_ETC_DIR=\"/etc/netns\" -DARPDDIR=\"/var/lib/arpd\" -DCONF_COLOR=COLOR_OPT_NEVER -D_GNU_SOURCE -D_FILE_OFFSET_BITS=64 -D_LARGEFILE_SOURCE -D_LARGEFILE64_SOURCE -DHAVE_SETNS -DHAVE_HANDLE_AT -DHAVE_LIBBPF  -DLIBBPF_VERSION=\"1.3.0\" -DLIBBPF_DYNAMIC -DHAVE_LIBBPF_SECTION_NAME  -DHAVE_ELF  -DHAVE_LIBMNL  -DHAVE_LIBCAP  -DHAVE_SETNS -DHAVE_HANDLE_AT -DHAVE_LIBBPF  -DLIBBPF_VERSION=\"1.3.0\" -DLIBBPF_DYNAMIC -DHAVE_LIBBPF_SECTION_NAME  -DHAVE_ELF  -DHAVE_LIBMNL  -DHAVE_LIBCAP  -fPIC   -c -o sha1.o sha1.c
#21 2.258 gcc -Wall -Wstrict-prototypes  -Wmissing-prototypes -Wmissing-declarations -Wold-style-definition -Wformat=2 -O2 -pipe -I../include -I../include/uapi -DRESOLVE_HOSTNAMES -DLIBDIR=\"/usr/lib/x86_64-linux-gnu\" -DCONF_USR_DIR=\"/usr/share/iproute2\" -DCONF_ETC_DIR=\"/etc/iproute2\" -DNETNS_RUN_DIR=\"/var/run/netns\" -DNETNS_ETC_DIR=\"/etc/netns\" -DARPDDIR=\"/var/lib/arpd\" -DCONF_COLOR=COLOR_OPT_NEVER -D_GNU_SOURCE -D_FILE_OFFSET_BITS=64 -D_LARGEFILE_SOURCE -D_LARGEFILE64_SOURCE -DHAVE_SETNS -DHAVE_HANDLE_AT -DHAVE_LIBBPF  -DLIBBPF_VERSION=\"1.3.0\" -DLIBBPF_DYNAMIC -DHAVE_LIBBPF_SECTION_NAME  -DHAVE_ELF  -DHAVE_LIBMNL  -DHAVE_LIBCAP  -DHAVE_SETNS -DHAVE_HANDLE_AT -DHAVE_LIBBPF  -DLIBBPF_VERSION=\"1.3.0\" -DLIBBPF_DYNAMIC -DHAVE_LIBBPF_SECTION_NAME  -DHAVE_ELF  -DHAVE_LIBMNL  -DHAVE_LIBCAP  -fPIC   -c -o escape.o escape.c
#21 2.291 gcc -Wall -Wstrict-prototypes  -Wmissing-prototypes -Wmissing-declarations -Wold-style-definition -Wformat=2 -O2 -pipe -I../include -I../include/uapi -DRESOLVE_HOSTNAMES -DLIBDIR=\"/usr/lib/x86_64-linux-gnu\" -DCONF_USR_DIR=\"/usr/share/iproute2\" -DCONF_ETC_DIR=\"/etc/iproute2\" -DNETNS_RUN_DIR=\"/var/run/netns\" -DNETNS_ETC_DIR=\"/etc/netns\" -DARPDDIR=\"/var/lib/arpd\" -DCONF_COLOR=COLOR_OPT_NEVER -D_GNU_SOURCE -D_FILE_OFFSET_BITS=64 -D_LARGEFILE_SOURCE -D_LARGEFILE64_SOURCE -DHAVE_SETNS -DHAVE_HANDLE_AT -DHAVE_LIBBPF  -DLIBBPF_VERSION=\"1.3.0\" -DLIBBPF_DYNAMIC -DHAVE_LIBBPF_SECTION_NAME  -DHAVE_ELF  -DHAVE_LIBMNL  -DHAVE_LIBCAP  -DHAVE_SETNS -DHAVE_HANDLE_AT -DHAVE_LIBBPF  -DLIBBPF_VERSION=\"1.3.0\" -DLIBBPF_DYNAMIC -DHAVE_LIBBPF_SECTION_NAME  -DHAVE_ELF  -DHAVE_LIBMNL  -DHAVE_LIBCAP  -fPIC   -c -o bpf_libbpf.o bpf_libbpf.c
#21 2.353 gcc -Wall -Wstrict-prototypes  -Wmissing-prototypes -Wmissing-declarations -Wold-style-definition -Wformat=2 -O2 -pipe -I../include -I../include/uapi -DRESOLVE_HOSTNAMES -DLIBDIR=\"/usr/lib/x86_64-linux-gnu\" -DCONF_USR_DIR=\"/usr/share/iproute2\" -DCONF_ETC_DIR=\"/etc/iproute2\" -DNETNS_RUN_DIR=\"/var/run/netns\" -DNETNS_ETC_DIR=\"/etc/netns\" -DARPDDIR=\"/var/lib/arpd\" -DCONF_COLOR=COLOR_OPT_NEVER -D_GNU_SOURCE -D_FILE_OFFSET_BITS=64 -D_LARGEFILE_SOURCE -D_LARGEFILE64_SOURCE -DHAVE_SETNS -DHAVE_HANDLE_AT -DHAVE_LIBBPF  -DLIBBPF_VERSION=\"1.3.0\" -DLIBBPF_DYNAMIC -DHAVE_LIBBPF_SECTION_NAME  -DHAVE_ELF  -DHAVE_LIBMNL  -DHAVE_LIBCAP  -DHAVE_SETNS -DHAVE_HANDLE_AT -DHAVE_LIBBPF  -DLIBBPF_VERSION=\"1.3.0\" -DLIBBPF_DYNAMIC -DHAVE_LIBBPF_SECTION_NAME  -DHAVE_ELF  -DHAVE_LIBMNL  -DHAVE_LIBCAP  -fPIC   -c -o selinux.o selinux.c
#21 2.369 gcc -Wall -Wstrict-prototypes  -Wmissing-prototypes -Wmissing-declarations -Wold-style-definition -Wformat=2 -O2 -pipe -I../include -I../include/uapi -DRESOLVE_HOSTNAMES -DLIBDIR=\"/usr/lib/x86_64-linux-gnu\" -DCONF_USR_DIR=\"/usr/share/iproute2\" -DCONF_ETC_DIR=\"/etc/iproute2\" -DNETNS_RUN_DIR=\"/var/run/netns\" -DNETNS_ETC_DIR=\"/etc/netns\" -DARPDDIR=\"/var/lib/arpd\" -DCONF_COLOR=COLOR_OPT_NEVER -D_GNU_SOURCE -D_FILE_OFFSET_BITS=64 -D_LARGEFILE_SOURCE -D_LARGEFILE64_SOURCE -DHAVE_SETNS -DHAVE_HANDLE_AT -DHAVE_LIBBPF  -DLIBBPF_VERSION=\"1.3.0\" -DLIBBPF_DYNAMIC -DHAVE_LIBBPF_SECTION_NAME  -DHAVE_ELF  -DHAVE_LIBMNL  -DHAVE_LIBCAP  -DHAVE_SETNS -DHAVE_HANDLE_AT -DHAVE_LIBBPF  -DLIBBPF_VERSION=\"1.3.0\" -DLIBBPF_DYNAMIC -DHAVE_LIBBPF_SECTION_NAME  -DHAVE_ELF  -DHAVE_LIBMNL  -DHAVE_LIBCAP  -fPIC   -c -o mpls_ntop.o mpls_ntop.c
#21 2.401 gcc -Wall -Wstrict-prototypes  -Wmissing-prototypes -Wmissing-declarations -Wold-style-definition -Wformat=2 -O2 -pipe -I../include -I../include/uapi -DRESOLVE_HOSTNAMES -DLIBDIR=\"/usr/lib/x86_64-linux-gnu\" -DCONF_USR_DIR=\"/usr/share/iproute2\" -DCONF_ETC_DIR=\"/etc/iproute2\" -DNETNS_RUN_DIR=\"/var/run/netns\" -DNETNS_ETC_DIR=\"/etc/netns\" -DARPDDIR=\"/var/lib/arpd\" -DCONF_COLOR=COLOR_OPT_NEVER -D_GNU_SOURCE -D_FILE_OFFSET_BITS=64 -D_LARGEFILE_SOURCE -D_LARGEFILE64_SOURCE -DHAVE_SETNS -DHAVE_HANDLE_AT -DHAVE_LIBBPF  -DLIBBPF_VERSION=\"1.3.0\" -DLIBBPF_DYNAMIC -DHAVE_LIBBPF_SECTION_NAME  -DHAVE_ELF  -DHAVE_LIBMNL  -DHAVE_LIBCAP  -DHAVE_SETNS -DHAVE_HANDLE_AT -DHAVE_LIBBPF  -DLIBBPF_VERSION=\"1.3.0\" -DLIBBPF_DYNAMIC -DHAVE_LIBBPF_SECTION_NAME  -DHAVE_ELF  -DHAVE_LIBMNL  -DHAVE_LIBCAP  -fPIC   -c -o mpls_pton.o mpls_pton.c
#21 2.436 ar rcs libutil.a utils.o utils_math.o rt_names.o ll_map.o ll_types.o ll_proto.o ll_addr.o inet_proto.o namespace.o json_writer.o json_print.o json_print_math.o names.o color.o bpf_legacy.o bpf_glue.o exec.o fs.o cg_map.o ppp_proto.o bridge.o sha1.o escape.o bpf_libbpf.o selinux.o mpls_ntop.o mpls_pton.o
#21 2.441 make[1]: Leaving directory '/nipa-data/iproute2/lib'
#21 2.441 
#21 2.441 ip
#21 2.442 make[1]: Entering directory '/nipa-data/iproute2/ip'
#21 2.442 gcc -Wall -Wstrict-prototypes  -Wmissing-prototypes -Wmissing-declarations -Wold-style-definition -Wformat=2 -O2 -pipe -I../include -I../include/uapi -DRESOLVE_HOSTNAMES -DLIBDIR=\"/usr/lib/x86_64-linux-gnu\" -DCONF_USR_DIR=\"/usr/share/iproute2\" -DCONF_ETC_DIR=\"/etc/iproute2\" -DNETNS_RUN_DIR=\"/var/run/netns\" -DNETNS_ETC_DIR=\"/etc/netns\" -DARPDDIR=\"/var/lib/arpd\" -DCONF_COLOR=COLOR_OPT_NEVER -D_GNU_SOURCE -D_FILE_OFFSET_BITS=64 -D_LARGEFILE_SOURCE -D_LARGEFILE64_SOURCE -DHAVE_SETNS -DHAVE_HANDLE_AT -DHAVE_LIBBPF  -DLIBBPF_VERSION=\"1.3.0\" -DLIBBPF_DYNAMIC -DHAVE_LIBBPF_SECTION_NAME  -DHAVE_ELF  -DHAVE_LIBMNL  -DHAVE_LIBCAP  -DHAVE_SETNS -DHAVE_HANDLE_AT -DHAVE_LIBBPF  -DLIBBPF_VERSION=\"1.3.0\" -DLIBBPF_DYNAMIC -DHAVE_LIBBPF_SECTION_NAME  -DHAVE_ELF  -DHAVE_LIBMNL  -DHAVE_LIBCAP    -c -o ip.o ip.c
#21 2.512 gcc -Wall -Wstrict-prototypes  -Wmissing-prototypes -Wmissing-declarations -Wold-style-definition -Wformat=2 -O2 -pipe -I../include -I../include/uapi -DRESOLVE_HOSTNAMES -DLIBDIR=\"/usr/lib/x86_64-linux-gnu\" -DCONF_USR_DIR=\"/usr/share/iproute2\" -DCONF_ETC_DIR=\"/etc/iproute2\" -DNETNS_RUN_DIR=\"/var/run/netns\" -DNETNS_ETC_DIR=\"/etc/netns\" -DARPDDIR=\"/var/lib/arpd\" -DCONF_COLOR=COLOR_OPT_NEVER -D_GNU_SOURCE -D_FILE_OFFSET_BITS=64 -D_LARGEFILE_SOURCE -D_LARGEFILE64_SOURCE -DHAVE_SETNS -DHAVE_HANDLE_AT -DHAVE_LIBBPF  -DLIBBPF_VERSION=\"1.3.0\" -DLIBBPF_DYNAMIC -DHAVE_LIBBPF_SECTION_NAME  -DHAVE_ELF  -DHAVE_LIBMNL  -DHAVE_LIBCAP  -DHAVE_SETNS -DHAVE_HANDLE_AT -DHAVE_LIBBPF  -DLIBBPF_VERSION=\"1.3.0\" -DLIBBPF_DYNAMIC -DHAVE_LIBBPF_SECTION_NAME  -DHAVE_ELF  -DHAVE_LIBMNL  -DHAVE_LIBCAP    -c -o ipaddress.o ipaddress.c
#21 2.841 gcc -Wall -Wstrict-prototypes  -Wmissing-prototypes -Wmissing-declarations -Wold-style-definition -Wformat=2 -O2 -pipe -I../include -I../include/uapi -DRESOLVE_HOSTNAMES -DLIBDIR=\"/usr/lib/x86_64-linux-gnu\" -DCONF_USR_DIR=\"/usr/share/iproute2\" -DCONF_ETC_DIR=\"/etc/iproute2\" -DNETNS_RUN_DIR=\"/var/run/netns\" -DNETNS_ETC_DIR=\"/etc/netns\" -DARPDDIR=\"/var/lib/arpd\" -DCONF_COLOR=COLOR_OPT_NEVER -D_GNU_SOURCE -D_FILE_OFFSET_BITS=64 -D_LARGEFILE_SOURCE -D_LARGEFILE64_SOURCE -DHAVE_SETNS -DHAVE_HANDLE_AT -DHAVE_LIBBPF  -DLIBBPF_VERSION=\"1.3.0\" -DLIBBPF_DYNAMIC -DHAVE_LIBBPF_SECTION_NAME  -DHAVE_ELF  -DHAVE_LIBMNL  -DHAVE_LIBCAP  -DHAVE_SETNS -DHAVE_HANDLE_AT -DHAVE_LIBBPF  -DLIBBPF_VERSION=\"1.3.0\" -DLIBBPF_DYNAMIC -DHAVE_LIBBPF_SECTION_NAME  -DHAVE_ELF  -DHAVE_LIBMNL  -DHAVE_LIBCAP    -c -o ipaddrlabel.o ipaddrlabel.c
#21 2.892 gcc -Wall -Wstrict-prototypes  -Wmissing-prototypes -Wmissing-declarations -Wold-style-definition -Wformat=2 -O2 -pipe -I../include -I../include/uapi -DRESOLVE_HOSTNAMES -DLIBDIR=\"/usr/lib/x86_64-linux-gnu\" -DCONF_USR_DIR=\"/usr/share/iproute2\" -DCONF_ETC_DIR=\"/etc/iproute2\" -DNETNS_RUN_DIR=\"/var/run/netns\" -DNETNS_ETC_DIR=\"/etc/netns\" -DARPDDIR=\"/var/lib/arpd\" -DCONF_COLOR=COLOR_OPT_NEVER -D_GNU_SOURCE -D_FILE_OFFSET_BITS=64 -D_LARGEFILE_SOURCE -D_LARGEFILE64_SOURCE -DHAVE_SETNS -DHAVE_HANDLE_AT -DHAVE_LIBBPF  -DLIBBPF_VERSION=\"1.3.0\" -DLIBBPF_DYNAMIC -DHAVE_LIBBPF_SECTION_NAME  -DHAVE_ELF  -DHAVE_LIBMNL  -DHAVE_LIBCAP  -DHAVE_SETNS -DHAVE_HANDLE_AT -DHAVE_LIBBPF  -DLIBBPF_VERSION=\"1.3.0\" -DLIBBPF_DYNAMIC -DHAVE_LIBBPF_SECTION_NAME  -DHAVE_ELF  -DHAVE_LIBMNL  -DHAVE_LIBCAP    -c -o iproute.o iproute.c
#21 3.262 gcc -Wall -Wstrict-prototypes  -Wmissing-prototypes -Wmissing-declarations -Wold-style-definition -Wformat=2 -O2 -pipe -I../include -I../include/uapi -DRESOLVE_HOSTNAMES -DLIBDIR=\"/usr/lib/x86_64-linux-gnu\" -DCONF_USR_DIR=\"/usr/share/iproute2\" -DCONF_ETC_DIR=\"/etc/iproute2\" -DNETNS_RUN_DIR=\"/var/run/netns\" -DNETNS_ETC_DIR=\"/etc/netns\" -DARPDDIR=\"/var/lib/arpd\" -DCONF_COLOR=COLOR_OPT_NEVER -D_GNU_SOURCE -D_FILE_OFFSET_BITS=64 -D_LARGEFILE_SOURCE -D_LARGEFILE64_SOURCE -DHAVE_SETNS -DHAVE_HANDLE_AT -DHAVE_LIBBPF  -DLIBBPF_VERSION=\"1.3.0\" -DLIBBPF_DYNAMIC -DHAVE_LIBBPF_SECTION_NAME  -DHAVE_ELF  -DHAVE_LIBMNL  -DHAVE_LIBCAP  -DHAVE_SETNS -DHAVE_HANDLE_AT -DHAVE_LIBBPF  -DLIBBPF_VERSION=\"1.3.0\" -DLIBBPF_DYNAMIC -DHAVE_LIBBPF_SECTION_NAME  -DHAVE_ELF  -DHAVE_LIBMNL  -DHAVE_LIBCAP    -c -o iprule.o iprule.c
#21 3.413 gcc -Wall -Wstrict-prototypes  -Wmissing-prototypes -Wmissing-declarations -Wold-style-definition -Wformat=2 -O2 -pipe -I../include -I../include/uapi -DRESOLVE_HOSTNAMES -DLIBDIR=\"/usr/lib/x86_64-linux-gnu\" -DCONF_USR_DIR=\"/usr/share/iproute2\" -DCONF_ETC_DIR=\"/etc/iproute2\" -DNETNS_RUN_DIR=\"/var/run/netns\" -DNETNS_ETC_DIR=\"/etc/netns\" -DARPDDIR=\"/var/lib/arpd\" -DCONF_COLOR=COLOR_OPT_NEVER -D_GNU_SOURCE -D_FILE_OFFSET_BITS=64 -D_LARGEFILE_SOURCE -D_LARGEFILE64_SOURCE -DHAVE_SETNS -DHAVE_HANDLE_AT -DHAVE_LIBBPF  -DLIBBPF_VERSION=\"1.3.0\" -DLIBBPF_DYNAMIC -DHAVE_LIBBPF_SECTION_NAME  -DHAVE_ELF  -DHAVE_LIBMNL  -DHAVE_LIBCAP  -DHAVE_SETNS -DHAVE_HANDLE_AT -DHAVE_LIBBPF  -DLIBBPF_VERSION=\"1.3.0\" -DLIBBPF_DYNAMIC -DHAVE_LIBBPF_SECTION_NAME  -DHAVE_ELF  -DHAVE_LIBMNL  -DHAVE_LIBCAP    -c -o ipnetns.o ipnetns.c
#21 3.552 gcc -Wall -Wstrict-prototypes  -Wmissing-prototypes -Wmissing-declarations -Wold-style-definition -Wformat=2 -O2 -pipe -I../include -I../include/uapi -DRESOLVE_HOSTNAMES -DLIBDIR=\"/usr/lib/x86_64-linux-gnu\" -DCONF_USR_DIR=\"/usr/share/iproute2\" -DCONF_ETC_DIR=\"/etc/iproute2\" -DNETNS_RUN_DIR=\"/var/run/netns\" -DNETNS_ETC_DIR=\"/etc/netns\" -DARPDDIR=\"/var/lib/arpd\" -DCONF_COLOR=COLOR_OPT_NEVER -D_GNU_SOURCE -D_FILE_OFFSET_BITS=64 -D_LARGEFILE_SOURCE -D_LARGEFILE64_SOURCE -DHAVE_SETNS -DHAVE_HANDLE_AT -DHAVE_LIBBPF  -DLIBBPF_VERSION=\"1.3.0\" -DLIBBPF_DYNAMIC -DHAVE_LIBBPF_SECTION_NAME  -DHAVE_ELF  -DHAVE_LIBMNL  -DHAVE_LIBCAP  -DHAVE_SETNS -DHAVE_HANDLE_AT -DHAVE_LIBBPF  -DLIBBPF_VERSION=\"1.3.0\" -DLIBBPF_DYNAMIC -DHAVE_LIBBPF_SECTION_NAME  -DHAVE_ELF  -DHAVE_LIBMNL  -DHAVE_LIBCAP    -c -o rtm_map.o rtm_map.c
#21 3.592 gcc -Wall -Wstrict-prototypes  -Wmissing-prototypes -Wmissing-declarations -Wold-style-definition -Wformat=2 -O2 -pipe -I../include -I../include/uapi -DRESOLVE_HOSTNAMES -DLIBDIR=\"/usr/lib/x86_64-linux-gnu\" -DCONF_USR_DIR=\"/usr/share/iproute2\" -DCONF_ETC_DIR=\"/etc/iproute2\" -DNETNS_RUN_DIR=\"/var/run/netns\" -DNETNS_ETC_DIR=\"/etc/netns\" -DARPDDIR=\"/var/lib/arpd\" -DCONF_COLOR=COLOR_OPT_NEVER -D_GNU_SOURCE -D_FILE_OFFSET_BITS=64 -D_LARGEFILE_SOURCE -D_LARGEFILE64_SOURCE -DHAVE_SETNS -DHAVE_HANDLE_AT -DHAVE_LIBBPF  -DLIBBPF_VERSION=\"1.3.0\" -DLIBBPF_DYNAMIC -DHAVE_LIBBPF_SECTION_NAME  -DHAVE_ELF  -DHAVE_LIBMNL  -DHAVE_LIBCAP  -DHAVE_SETNS -DHAVE_HANDLE_AT -DHAVE_LIBBPF  -DLIBBPF_VERSION=\"1.3.0\" -DLIBBPF_DYNAMIC -DHAVE_LIBBPF_SECTION_NAME  -DHAVE_ELF  -DHAVE_LIBMNL  -DHAVE_LIBCAP    -c -o iptunnel.o iptunnel.c
#21 3.709 gcc -Wall -Wstrict-prototypes  -Wmissing-prototypes -Wmissing-declarations -Wold-style-definition -Wformat=2 -O2 -pipe -I../include -I../include/uapi -DRESOLVE_HOSTNAMES -DLIBDIR=\"/usr/lib/x86_64-linux-gnu\" -DCONF_USR_DIR=\"/usr/share/iproute2\" -DCONF_ETC_DIR=\"/etc/iproute2\" -DNETNS_RUN_DIR=\"/var/run/netns\" -DNETNS_ETC_DIR=\"/etc/netns\" -DARPDDIR=\"/var/lib/arpd\" -DCONF_COLOR=COLOR_OPT_NEVER -D_GNU_SOURCE -D_FILE_OFFSET_BITS=64 -D_LARGEFILE_SOURCE -D_LARGEFILE64_SOURCE -DHAVE_SETNS -DHAVE_HANDLE_AT -DHAVE_LIBBPF  -DLIBBPF_VERSION=\"1.3.0\" -DLIBBPF_DYNAMIC -DHAVE_LIBBPF_SECTION_NAME  -DHAVE_ELF  -DHAVE_LIBMNL  -DHAVE_LIBCAP  -DHAVE_SETNS -DHAVE_HANDLE_AT -DHAVE_LIBBPF  -DLIBBPF_VERSION=\"1.3.0\" -DLIBBPF_DYNAMIC -DHAVE_LIBBPF_SECTION_NAME  -DHAVE_ELF  -DHAVE_LIBMNL  -DHAVE_LIBCAP    -c -o ip6tunnel.o ip6tunnel.c
#21 3.795 gcc -Wall -Wstrict-prototypes  -Wmissing-prototypes -Wmissing-declarations -Wold-style-definition -Wformat=2 -O2 -pipe -I../include -I../include/uapi -DRESOLVE_HOSTNAMES -DLIBDIR=\"/usr/lib/x86_64-linux-gnu\" -DCONF_USR_DIR=\"/usr/share/iproute2\" -DCONF_ETC_DIR=\"/etc/iproute2\" -DNETNS_RUN_DIR=\"/var/run/netns\" -DNETNS_ETC_DIR=\"/etc/netns\" -DARPDDIR=\"/var/lib/arpd\" -DCONF_COLOR=COLOR_OPT_NEVER -D_GNU_SOURCE -D_FILE_OFFSET_BITS=64 -D_LARGEFILE_SOURCE -D_LARGEFILE64_SOURCE -DHAVE_SETNS -DHAVE_HANDLE_AT -DHAVE_LIBBPF  -DLIBBPF_VERSION=\"1.3.0\" -DLIBBPF_DYNAMIC -DHAVE_LIBBPF_SECTION_NAME  -DHAVE_ELF  -DHAVE_LIBMNL  -DHAVE_LIBCAP  -DHAVE_SETNS -DHAVE_HANDLE_AT -DHAVE_LIBBPF  -DLIBBPF_VERSION=\"1.3.0\" -DLIBBPF_DYNAMIC -DHAVE_LIBBPF_SECTION_NAME  -DHAVE_ELF  -DHAVE_LIBMNL  -DHAVE_LIBCAP    -c -o tunnel.o tunnel.c
#21 3.866 gcc -Wall -Wstrict-prototypes  -Wmissing-prototypes -Wmissing-declarations -Wold-style-definition -Wformat=2 -O2 -pipe -I../include -I../include/uapi -DRESOLVE_HOSTNAMES -DLIBDIR=\"/usr/lib/x86_64-linux-gnu\" -DCONF_USR_DIR=\"/usr/share/iproute2\" -DCONF_ETC_DIR=\"/etc/iproute2\" -DNETNS_RUN_DIR=\"/var/run/netns\" -DNETNS_ETC_DIR=\"/etc/netns\" -DARPDDIR=\"/var/lib/arpd\" -DCONF_COLOR=COLOR_OPT_NEVER -D_GNU_SOURCE -D_FILE_OFFSET_BITS=64 -D_LARGEFILE_SOURCE -D_LARGEFILE64_SOURCE -DHAVE_SETNS -DHAVE_HANDLE_AT -DHAVE_LIBBPF  -DLIBBPF_VERSION=\"1.3.0\" -DLIBBPF_DYNAMIC -DHAVE_LIBBPF_SECTION_NAME  -DHAVE_ELF  -DHAVE_LIBMNL  -DHAVE_LIBCAP  -DHAVE_SETNS -DHAVE_HANDLE_AT -DHAVE_LIBBPF  -DLIBBPF_VERSION=\"1.3.0\" -DLIBBPF_DYNAMIC -DHAVE_LIBBPF_SECTION_NAME  -DHAVE_ELF  -DHAVE_LIBMNL  -DHAVE_LIBCAP    -c -o ipneigh.o ipneigh.c
#21 3.983 gcc -Wall -Wstrict-prototypes  -Wmissing-prototypes -Wmissing-declarations -Wold-style-definition -Wformat=2 -O2 -pipe -I../include -I../include/uapi -DRESOLVE_HOSTNAMES -DLIBDIR=\"/usr/lib/x86_64-linux-gnu\" -DCONF_USR_DIR=\"/usr/share/iproute2\" -DCONF_ETC_DIR=\"/etc/iproute2\" -DNETNS_RUN_DIR=\"/var/run/netns\" -DNETNS_ETC_DIR=\"/etc/netns\" -DARPDDIR=\"/var/lib/arpd\" -DCONF_COLOR=COLOR_OPT_NEVER -D_GNU_SOURCE -D_FILE_OFFSET_BITS=64 -D_LARGEFILE_SOURCE -D_LARGEFILE64_SOURCE -DHAVE_SETNS -DHAVE_HANDLE_AT -DHAVE_LIBBPF  -DLIBBPF_VERSION=\"1.3.0\" -DLIBBPF_DYNAMIC -DHAVE_LIBBPF_SECTION_NAME  -DHAVE_ELF  -DHAVE_LIBMNL  -DHAVE_LIBCAP  -DHAVE_SETNS -DHAVE_HANDLE_AT -DHAVE_LIBBPF  -DLIBBPF_VERSION=\"1.3.0\" -DLIBBPF_DYNAMIC -DHAVE_LIBBPF_SECTION_NAME  -DHAVE_ELF  -DHAVE_LIBMNL  -DHAVE_LIBCAP    -c -o ipntable.o ipntable.c
#21 4.097 gcc -Wall -Wstrict-prototypes  -Wmissing-prototypes -Wmissing-declarations -Wold-style-definition -Wformat=2 -O2 -pipe -I../include -I../include/uapi -DRESOLVE_HOSTNAMES -DLIBDIR=\"/usr/lib/x86_64-linux-gnu\" -DCONF_USR_DIR=\"/usr/share/iproute2\" -DCONF_ETC_DIR=\"/etc/iproute2\" -DNETNS_RUN_DIR=\"/var/run/netns\" -DNETNS_ETC_DIR=\"/etc/netns\" -DARPDDIR=\"/var/lib/arpd\" -DCONF_COLOR=COLOR_OPT_NEVER -D_GNU_SOURCE -D_FILE_OFFSET_BITS=64 -D_LARGEFILE_SOURCE -D_LARGEFILE64_SOURCE -DHAVE_SETNS -DHAVE_HANDLE_AT -DHAVE_LIBBPF  -DLIBBPF_VERSION=\"1.3.0\" -DLIBBPF_DYNAMIC -DHAVE_LIBBPF_SECTION_NAME  -DHAVE_ELF  -DHAVE_LIBMNL  -DHAVE_LIBCAP  -DHAVE_SETNS -DHAVE_HANDLE_AT -DHAVE_LIBBPF  -DLIBBPF_VERSION=\"1.3.0\" -DLIBBPF_DYNAMIC -DHAVE_LIBBPF_SECTION_NAME  -DHAVE_ELF  -DHAVE_LIBMNL  -DHAVE_LIBCAP    -c -o iplink.o iplink.c
#21 4.380 gcc -Wall -Wstrict-prototypes  -Wmissing-prototypes -Wmissing-declarations -Wold-style-definition -Wformat=2 -O2 -pipe -I../include -I../include/uapi -DRESOLVE_HOSTNAMES -DLIBDIR=\"/usr/lib/x86_64-linux-gnu\" -DCONF_USR_DIR=\"/usr/share/iproute2\" -DCONF_ETC_DIR=\"/etc/iproute2\" -DNETNS_RUN_DIR=\"/var/run/netns\" -DNETNS_ETC_DIR=\"/etc/netns\" -DARPDDIR=\"/var/lib/arpd\" -DCONF_COLOR=COLOR_OPT_NEVER -D_GNU_SOURCE -D_FILE_OFFSET_BITS=64 -D_LARGEFILE_SOURCE -D_LARGEFILE64_SOURCE -DHAVE_SETNS -DHAVE_HANDLE_AT -DHAVE_LIBBPF  -DLIBBPF_VERSION=\"1.3.0\" -DLIBBPF_DYNAMIC -DHAVE_LIBBPF_SECTION_NAME  -DHAVE_ELF  -DHAVE_LIBMNL  -DHAVE_LIBCAP  -DHAVE_SETNS -DHAVE_HANDLE_AT -DHAVE_LIBBPF  -DLIBBPF_VERSION=\"1.3.0\" -DLIBBPF_DYNAMIC -DHAVE_LIBBPF_SECTION_NAME  -DHAVE_ELF  -DHAVE_LIBMNL  -DHAVE_LIBCAP    -c -o ipmaddr.o ipmaddr.c
#21 4.454 gcc -Wall -Wstrict-prototypes  -Wmissing-prototypes -Wmissing-declarations -Wold-style-definition -Wformat=2 -O2 -pipe -I../include -I../include/uapi -DRESOLVE_HOSTNAMES -DLIBDIR=\"/usr/lib/x86_64-linux-gnu\" -DCONF_USR_DIR=\"/usr/share/iproute2\" -DCONF_ETC_DIR=\"/etc/iproute2\" -DNETNS_RUN_DIR=\"/var/run/netns\" -DNETNS_ETC_DIR=\"/etc/netns\" -DARPDDIR=\"/var/lib/arpd\" -DCONF_COLOR=COLOR_OPT_NEVER -D_GNU_SOURCE -D_FILE_OFFSET_BITS=64 -D_LARGEFILE_SOURCE -D_LARGEFILE64_SOURCE -DHAVE_SETNS -DHAVE_HANDLE_AT -DHAVE_LIBBPF  -DLIBBPF_VERSION=\"1.3.0\" -DLIBBPF_DYNAMIC -DHAVE_LIBBPF_SECTION_NAME  -DHAVE_ELF  -DHAVE_LIBMNL  -DHAVE_LIBCAP  -DHAVE_SETNS -DHAVE_HANDLE_AT -DHAVE_LIBBPF  -DLIBBPF_VERSION=\"1.3.0\" -DLIBBPF_DYNAMIC -DHAVE_LIBBPF_SECTION_NAME  -DHAVE_ELF  -DHAVE_LIBMNL  -DHAVE_LIBCAP    -c -o ipmonitor.o ipmonitor.c
#21 4.521 gcc -Wall -Wstrict-prototypes  -Wmissing-prototypes -Wmissing-declarations -Wold-style-definition -Wformat=2 -O2 -pipe -I../include -I../include/uapi -DRESOLVE_HOSTNAMES -DLIBDIR=\"/usr/lib/x86_64-linux-gnu\" -DCONF_USR_DIR=\"/usr/share/iproute2\" -DCONF_ETC_DIR=\"/etc/iproute2\" -DNETNS_RUN_DIR=\"/var/run/netns\" -DNETNS_ETC_DIR=\"/etc/netns\" -DARPDDIR=\"/var/lib/arpd\" -DCONF_COLOR=COLOR_OPT_NEVER -D_GNU_SOURCE -D_FILE_OFFSET_BITS=64 -D_LARGEFILE_SOURCE -D_LARGEFILE64_SOURCE -DHAVE_SETNS -DHAVE_HANDLE_AT -DHAVE_LIBBPF  -DLIBBPF_VERSION=\"1.3.0\" -DLIBBPF_DYNAMIC -DHAVE_LIBBPF_SECTION_NAME  -DHAVE_ELF  -DHAVE_LIBMNL  -DHAVE_LIBCAP  -DHAVE_SETNS -DHAVE_HANDLE_AT -DHAVE_LIBBPF  -DLIBBPF_VERSION=\"1.3.0\" -DLIBBPF_DYNAMIC -DHAVE_LIBBPF_SECTION_NAME  -DHAVE_ELF  -DHAVE_LIBMNL  -DHAVE_LIBCAP    -c -o ipmroute.o ipmroute.c
#21 4.583 gcc -Wall -Wstrict-prototypes  -Wmissing-prototypes -Wmissing-declarations -Wold-style-definition -Wformat=2 -O2 -pipe -I../include -I../include/uapi -DRESOLVE_HOSTNAMES -DLIBDIR=\"/usr/lib/x86_64-linux-gnu\" -DCONF_USR_DIR=\"/usr/share/iproute2\" -DCONF_ETC_DIR=\"/etc/iproute2\" -DNETNS_RUN_DIR=\"/var/run/netns\" -DNETNS_ETC_DIR=\"/etc/netns\" -DARPDDIR=\"/var/lib/arpd\" -DCONF_COLOR=COLOR_OPT_NEVER -D_GNU_SOURCE -D_FILE_OFFSET_BITS=64 -D_LARGEFILE_SOURCE -D_LARGEFILE64_SOURCE -DHAVE_SETNS -DHAVE_HANDLE_AT -DHAVE_LIBBPF  -DLIBBPF_VERSION=\"1.3.0\" -DLIBBPF_DYNAMIC -DHAVE_LIBBPF_SECTION_NAME  -DHAVE_ELF  -DHAVE_LIBMNL  -DHAVE_LIBCAP  -DHAVE_SETNS -DHAVE_HANDLE_AT -DHAVE_LIBBPF  -DLIBBPF_VERSION=\"1.3.0\" -DLIBBPF_DYNAMIC -DHAVE_LIBBPF_SECTION_NAME  -DHAVE_ELF  -DHAVE_LIBMNL  -DHAVE_LIBCAP    -c -o ipprefix.o ipprefix.c
#21 4.617 gcc -Wall -Wstrict-prototypes  -Wmissing-prototypes -Wmissing-declarations -Wold-style-definition -Wformat=2 -O2 -pipe -I../include -I../include/uapi -DRESOLVE_HOSTNAMES -DLIBDIR=\"/usr/lib/x86_64-linux-gnu\" -DCONF_USR_DIR=\"/usr/share/iproute2\" -DCONF_ETC_DIR=\"/etc/iproute2\" -DNETNS_RUN_DIR=\"/var/run/netns\" -DNETNS_ETC_DIR=\"/etc/netns\" -DARPDDIR=\"/var/lib/arpd\" -DCONF_COLOR=COLOR_OPT_NEVER -D_GNU_SOURCE -D_FILE_OFFSET_BITS=64 -D_LARGEFILE_SOURCE -D_LARGEFILE64_SOURCE -DHAVE_SETNS -DHAVE_HANDLE_AT -DHAVE_LIBBPF  -DLIBBPF_VERSION=\"1.3.0\" -DLIBBPF_DYNAMIC -DHAVE_LIBBPF_SECTION_NAME  -DHAVE_ELF  -DHAVE_LIBMNL  -DHAVE_LIBCAP  -DHAVE_SETNS -DHAVE_HANDLE_AT -DHAVE_LIBBPF  -DLIBBPF_VERSION=\"1.3.0\" -DLIBBPF_DYNAMIC -DHAVE_LIBBPF_SECTION_NAME  -DHAVE_ELF  -DHAVE_LIBMNL  -DHAVE_LIBCAP    -c -o iptuntap.o iptuntap.c
#21 4.707 gcc -Wall -Wstrict-prototypes  -Wmissing-prototypes -Wmissing-declarations -Wold-style-definition -Wformat=2 -O2 -pipe -I../include -I../include/uapi -DRESOLVE_HOSTNAMES -DLIBDIR=\"/usr/lib/x86_64-linux-gnu\" -DCONF_USR_DIR=\"/usr/share/iproute2\" -DCONF_ETC_DIR=\"/etc/iproute2\" -DNETNS_RUN_DIR=\"/var/run/netns\" -DNETNS_ETC_DIR=\"/etc/netns\" -DARPDDIR=\"/var/lib/arpd\" -DCONF_COLOR=COLOR_OPT_NEVER -D_GNU_SOURCE -D_FILE_OFFSET_BITS=64 -D_LARGEFILE_SOURCE -D_LARGEFILE64_SOURCE -DHAVE_SETNS -DHAVE_HANDLE_AT -DHAVE_LIBBPF  -DLIBBPF_VERSION=\"1.3.0\" -DLIBBPF_DYNAMIC -DHAVE_LIBBPF_SECTION_NAME  -DHAVE_ELF  -DHAVE_LIBMNL  -DHAVE_LIBCAP  -DHAVE_SETNS -DHAVE_HANDLE_AT -DHAVE_LIBBPF  -DLIBBPF_VERSION=\"1.3.0\" -DLIBBPF_DYNAMIC -DHAVE_LIBBPF_SECTION_NAME  -DHAVE_ELF  -DHAVE_LIBMNL  -DHAVE_LIBCAP    -c -o iptoken.o iptoken.c
#21 4.757 gcc -Wall -Wstrict-prototypes  -Wmissing-prototypes -Wmissing-declarations -Wold-style-definition -Wformat=2 -O2 -pipe -I../include -I../include/uapi -DRESOLVE_HOSTNAMES -DLIBDIR=\"/usr/lib/x86_64-linux-gnu\" -DCONF_USR_DIR=\"/usr/share/iproute2\" -DCONF_ETC_DIR=\"/etc/iproute2\" -DNETNS_RUN_DIR=\"/var/run/netns\" -DNETNS_ETC_DIR=\"/etc/netns\" -DARPDDIR=\"/var/lib/arpd\" -DCONF_COLOR=COLOR_OPT_NEVER -D_GNU_SOURCE -D_FILE_OFFSET_BITS=64 -D_LARGEFILE_SOURCE -D_LARGEFILE64_SOURCE -DHAVE_SETNS -DHAVE_HANDLE_AT -DHAVE_LIBBPF  -DLIBBPF_VERSION=\"1.3.0\" -DLIBBPF_DYNAMIC -DHAVE_LIBBPF_SECTION_NAME  -DHAVE_ELF  -DHAVE_LIBMNL  -DHAVE_LIBCAP  -DHAVE_SETNS -DHAVE_HANDLE_AT -DHAVE_LIBBPF  -DLIBBPF_VERSION=\"1.3.0\" -DLIBBPF_DYNAMIC -DHAVE_LIBBPF_SECTION_NAME  -DHAVE_ELF  -DHAVE_LIBMNL  -DHAVE_LIBCAP    -c -o ipxfrm.o ipxfrm.c
#21 4.969 gcc -Wall -Wstrict-prototypes  -Wmissing-prototypes -Wmissing-declarations -Wold-style-definition -Wformat=2 -O2 -pipe -I../include -I../include/uapi -DRESOLVE_HOSTNAMES -DLIBDIR=\"/usr/lib/x86_64-linux-gnu\" -DCONF_USR_DIR=\"/usr/share/iproute2\" -DCONF_ETC_DIR=\"/etc/iproute2\" -DNETNS_RUN_DIR=\"/var/run/netns\" -DNETNS_ETC_DIR=\"/etc/netns\" -DARPDDIR=\"/var/lib/arpd\" -DCONF_COLOR=COLOR_OPT_NEVER -D_GNU_SOURCE -D_FILE_OFFSET_BITS=64 -D_LARGEFILE_SOURCE -D_LARGEFILE64_SOURCE -DHAVE_SETNS -DHAVE_HANDLE_AT -DHAVE_LIBBPF  -DLIBBPF_VERSION=\"1.3.0\" -DLIBBPF_DYNAMIC -DHAVE_LIBBPF_SECTION_NAME  -DHAVE_ELF  -DHAVE_LIBMNL  -DHAVE_LIBCAP  -DHAVE_SETNS -DHAVE_HANDLE_AT -DHAVE_LIBBPF  -DLIBBPF_VERSION=\"1.3.0\" -DLIBBPF_DYNAMIC -DHAVE_LIBBPF_SECTION_NAME  -DHAVE_ELF  -DHAVE_LIBMNL  -DHAVE_LIBCAP    -c -o xfrm_state.o xfrm_state.c
#21 5.167 gcc -Wall -Wstrict-prototypes  -Wmissing-prototypes -Wmissing-declarations -Wold-style-definition -Wformat=2 -O2 -pipe -I../include -I../include/uapi -DRESOLVE_HOSTNAMES -DLIBDIR=\"/usr/lib/x86_64-linux-gnu\" -DCONF_USR_DIR=\"/usr/share/iproute2\" -DCONF_ETC_DIR=\"/etc/iproute2\" -DNETNS_RUN_DIR=\"/var/run/netns\" -DNETNS_ETC_DIR=\"/etc/netns\" -DARPDDIR=\"/var/lib/arpd\" -DCONF_COLOR=COLOR_OPT_NEVER -D_GNU_SOURCE -D_FILE_OFFSET_BITS=64 -D_LARGEFILE_SOURCE -D_LARGEFILE64_SOURCE -DHAVE_SETNS -DHAVE_HANDLE_AT -DHAVE_LIBBPF  -DLIBBPF_VERSION=\"1.3.0\" -DLIBBPF_DYNAMIC -DHAVE_LIBBPF_SECTION_NAME  -DHAVE_ELF  -DHAVE_LIBMNL  -DHAVE_LIBCAP  -DHAVE_SETNS -DHAVE_HANDLE_AT -DHAVE_LIBBPF  -DLIBBPF_VERSION=\"1.3.0\" -DLIBBPF_DYNAMIC -DHAVE_LIBBPF_SECTION_NAME  -DHAVE_ELF  -DHAVE_LIBMNL  -DHAVE_LIBCAP    -c -o xfrm_policy.o xfrm_policy.c
#21 5.339 gcc -Wall -Wstrict-prototypes  -Wmissing-prototypes -Wmissing-declarations -Wold-style-definition -Wformat=2 -O2 -pipe -I../include -I../include/uapi -DRESOLVE_HOSTNAMES -DLIBDIR=\"/usr/lib/x86_64-linux-gnu\" -DCONF_USR_DIR=\"/usr/share/iproute2\" -DCONF_ETC_DIR=\"/etc/iproute2\" -DNETNS_RUN_DIR=\"/var/run/netns\" -DNETNS_ETC_DIR=\"/etc/netns\" -DARPDDIR=\"/var/lib/arpd\" -DCONF_COLOR=COLOR_OPT_NEVER -D_GNU_SOURCE -D_FILE_OFFSET_BITS=64 -D_LARGEFILE_SOURCE -D_LARGEFILE64_SOURCE -DHAVE_SETNS -DHAVE_HANDLE_AT -DHAVE_LIBBPF  -DLIBBPF_VERSION=\"1.3.0\" -DLIBBPF_DYNAMIC -DHAVE_LIBBPF_SECTION_NAME  -DHAVE_ELF  -DHAVE_LIBMNL  -DHAVE_LIBCAP  -DHAVE_SETNS -DHAVE_HANDLE_AT -DHAVE_LIBBPF  -DLIBBPF_VERSION=\"1.3.0\" -DLIBBPF_DYNAMIC -DHAVE_LIBBPF_SECTION_NAME  -DHAVE_ELF  -DHAVE_LIBMNL  -DHAVE_LIBCAP    -c -o xfrm_monitor.o xfrm_monitor.c
#21 5.405 gcc -Wall -Wstrict-prototypes  -Wmissing-prototypes -Wmissing-declarations -Wold-style-definition -Wformat=2 -O2 -pipe -I../include -I../include/uapi -DRESOLVE_HOSTNAMES -DLIBDIR=\"/usr/lib/x86_64-linux-gnu\" -DCONF_USR_DIR=\"/usr/share/iproute2\" -DCONF_ETC_DIR=\"/etc/iproute2\" -DNETNS_RUN_DIR=\"/var/run/netns\" -DNETNS_ETC_DIR=\"/etc/netns\" -DARPDDIR=\"/var/lib/arpd\" -DCONF_COLOR=COLOR_OPT_NEVER -D_GNU_SOURCE -D_FILE_OFFSET_BITS=64 -D_LARGEFILE_SOURCE -D_LARGEFILE64_SOURCE -DHAVE_SETNS -DHAVE_HANDLE_AT -DHAVE_LIBBPF  -DLIBBPF_VERSION=\"1.3.0\" -DLIBBPF_DYNAMIC -DHAVE_LIBBPF_SECTION_NAME  -DHAVE_ELF  -DHAVE_LIBMNL  -DHAVE_LIBCAP  -DHAVE_SETNS -DHAVE_HANDLE_AT -DHAVE_LIBBPF  -DLIBBPF_VERSION=\"1.3.0\" -DLIBBPF_DYNAMIC -DHAVE_LIBBPF_SECTION_NAME  -DHAVE_ELF  -DHAVE_LIBMNL  -DHAVE_LIBCAP    -c -o iplink_dummy.o iplink_dummy.c
#21 5.437 gcc -Wall -Wstrict-prototypes  -Wmissing-prototypes -Wmissing-declarations -Wold-style-definition -Wformat=2 -O2 -pipe -I../include -I../include/uapi -DRESOLVE_HOSTNAMES -DLIBDIR=\"/usr/lib/x86_64-linux-gnu\" -DCONF_USR_DIR=\"/usr/share/iproute2\" -DCONF_ETC_DIR=\"/etc/iproute2\" -DNETNS_RUN_DIR=\"/var/run/netns\" -DNETNS_ETC_DIR=\"/etc/netns\" -DARPDDIR=\"/var/lib/arpd\" -DCONF_COLOR=COLOR_OPT_NEVER -D_GNU_SOURCE -D_FILE_OFFSET_BITS=64 -D_LARGEFILE_SOURCE -D_LARGEFILE64_SOURCE -DHAVE_SETNS -DHAVE_HANDLE_AT -DHAVE_LIBBPF  -DLIBBPF_VERSION=\"1.3.0\" -DLIBBPF_DYNAMIC -DHAVE_LIBBPF_SECTION_NAME  -DHAVE_ELF  -DHAVE_LIBMNL  -DHAVE_LIBCAP  -DHAVE_SETNS -DHAVE_HANDLE_AT -DHAVE_LIBBPF  -DLIBBPF_VERSION=\"1.3.0\" -DLIBBPF_DYNAMIC -DHAVE_LIBBPF_SECTION_NAME  -DHAVE_ELF  -DHAVE_LIBMNL  -DHAVE_LIBCAP    -c -o iplink_ifb.o iplink_ifb.c
#21 5.466 gcc -Wall -Wstrict-prototypes  -Wmissing-prototypes -Wmissing-declarations -Wold-style-definition -Wformat=2 -O2 -pipe -I../include -I../include/uapi -DRESOLVE_HOSTNAMES -DLIBDIR=\"/usr/lib/x86_64-linux-gnu\" -DCONF_USR_DIR=\"/usr/share/iproute2\" -DCONF_ETC_DIR=\"/etc/iproute2\" -DNETNS_RUN_DIR=\"/var/run/netns\" -DNETNS_ETC_DIR=\"/etc/netns\" -DARPDDIR=\"/var/lib/arpd\" -DCONF_COLOR=COLOR_OPT_NEVER -D_GNU_SOURCE -D_FILE_OFFSET_BITS=64 -D_LARGEFILE_SOURCE -D_LARGEFILE64_SOURCE -DHAVE_SETNS -DHAVE_HANDLE_AT -DHAVE_LIBBPF  -DLIBBPF_VERSION=\"1.3.0\" -DLIBBPF_DYNAMIC -DHAVE_LIBBPF_SECTION_NAME  -DHAVE_ELF  -DHAVE_LIBMNL  -DHAVE_LIBCAP  -DHAVE_SETNS -DHAVE_HANDLE_AT -DHAVE_LIBBPF  -DLIBBPF_VERSION=\"1.3.0\" -DLIBBPF_DYNAMIC -DHAVE_LIBBPF_SECTION_NAME  -DHAVE_ELF  -DHAVE_LIBMNL  -DHAVE_LIBCAP    -c -o iplink_nlmon.o iplink_nlmon.c
#21 5.492 gcc -Wall -Wstrict-prototypes  -Wmissing-prototypes -Wmissing-declarations -Wold-style-definition -Wformat=2 -O2 -pipe -I../include -I../include/uapi -DRESOLVE_HOSTNAMES -DLIBDIR=\"/usr/lib/x86_64-linux-gnu\" -DCONF_USR_DIR=\"/usr/share/iproute2\" -DCONF_ETC_DIR=\"/etc/iproute2\" -DNETNS_RUN_DIR=\"/var/run/netns\" -DNETNS_ETC_DIR=\"/etc/netns\" -DARPDDIR=\"/var/lib/arpd\" -DCONF_COLOR=COLOR_OPT_NEVER -D_GNU_SOURCE -D_FILE_OFFSET_BITS=64 -D_LARGEFILE_SOURCE -D_LARGEFILE64_SOURCE -DHAVE_SETNS -DHAVE_HANDLE_AT -DHAVE_LIBBPF  -DLIBBPF_VERSION=\"1.3.0\" -DLIBBPF_DYNAMIC -DHAVE_LIBBPF_SECTION_NAME  -DHAVE_ELF  -DHAVE_LIBMNL  -DHAVE_LIBCAP  -DHAVE_SETNS -DHAVE_HANDLE_AT -DHAVE_LIBBPF  -DLIBBPF_VERSION=\"1.3.0\" -DLIBBPF_DYNAMIC -DHAVE_LIBBPF_SECTION_NAME  -DHAVE_ELF  -DHAVE_LIBMNL  -DHAVE_LIBCAP    -c -o iplink_team.o iplink_team.c
#21 5.522 gcc -Wall -Wstrict-prototypes  -Wmissing-prototypes -Wmissing-declarations -Wold-style-definition -Wformat=2 -O2 -pipe -I../include -I../include/uapi -DRESOLVE_HOSTNAMES -DLIBDIR=\"/usr/lib/x86_64-linux-gnu\" -DCONF_USR_DIR=\"/usr/share/iproute2\" -DCONF_ETC_DIR=\"/etc/iproute2\" -DNETNS_RUN_DIR=\"/var/run/netns\" -DNETNS_ETC_DIR=\"/etc/netns\" -DARPDDIR=\"/var/lib/arpd\" -DCONF_COLOR=COLOR_OPT_NEVER -D_GNU_SOURCE -D_FILE_OFFSET_BITS=64 -D_LARGEFILE_SOURCE -D_LARGEFILE64_SOURCE -DHAVE_SETNS -DHAVE_HANDLE_AT -DHAVE_LIBBPF  -DLIBBPF_VERSION=\"1.3.0\" -DLIBBPF_DYNAMIC -DHAVE_LIBBPF_SECTION_NAME  -DHAVE_ELF  -DHAVE_LIBMNL  -DHAVE_LIBCAP  -DHAVE_SETNS -DHAVE_HANDLE_AT -DHAVE_LIBBPF  -DLIBBPF_VERSION=\"1.3.0\" -DLIBBPF_DYNAMIC -DHAVE_LIBBPF_SECTION_NAME  -DHAVE_ELF  -DHAVE_LIBMNL  -DHAVE_LIBCAP    -c -o iplink_vcan.o iplink_vcan.c
#21 5.552 gcc -Wall -Wstrict-prototypes  -Wmissing-prototypes -Wmissing-declarations -Wold-style-definition -Wformat=2 -O2 -pipe -I../include -I../include/uapi -DRESOLVE_HOSTNAMES -DLIBDIR=\"/usr/lib/x86_64-linux-gnu\" -DCONF_USR_DIR=\"/usr/share/iproute2\" -DCONF_ETC_DIR=\"/etc/iproute2\" -DNETNS_RUN_DIR=\"/var/run/netns\" -DNETNS_ETC_DIR=\"/etc/netns\" -DARPDDIR=\"/var/lib/arpd\" -DCONF_COLOR=COLOR_OPT_NEVER -D_GNU_SOURCE -D_FILE_OFFSET_BITS=64 -D_LARGEFILE_SOURCE -D_LARGEFILE64_SOURCE -DHAVE_SETNS -DHAVE_HANDLE_AT -DHAVE_LIBBPF  -DLIBBPF_VERSION=\"1.3.0\" -DLIBBPF_DYNAMIC -DHAVE_LIBBPF_SECTION_NAME  -DHAVE_ELF  -DHAVE_LIBMNL  -DHAVE_LIBCAP  -DHAVE_SETNS -DHAVE_HANDLE_AT -DHAVE_LIBBPF  -DLIBBPF_VERSION=\"1.3.0\" -DLIBBPF_DYNAMIC -DHAVE_LIBBPF_SECTION_NAME  -DHAVE_ELF  -DHAVE_LIBMNL  -DHAVE_LIBCAP    -c -o iplink_vxcan.o iplink_vxcan.c
#21 5.583 gcc -Wall -Wstrict-prototypes  -Wmissing-prototypes -Wmissing-declarations -Wold-style-definition -Wformat=2 -O2 -pipe -I../include -I../include/uapi -DRESOLVE_HOSTNAMES -DLIBDIR=\"/usr/lib/x86_64-linux-gnu\" -DCONF_USR_DIR=\"/usr/share/iproute2\" -DCONF_ETC_DIR=\"/etc/iproute2\" -DNETNS_RUN_DIR=\"/var/run/netns\" -DNETNS_ETC_DIR=\"/etc/netns\" -DARPDDIR=\"/var/lib/arpd\" -DCONF_COLOR=COLOR_OPT_NEVER -D_GNU_SOURCE -D_FILE_OFFSET_BITS=64 -D_LARGEFILE_SOURCE -D_LARGEFILE64_SOURCE -DHAVE_SETNS -DHAVE_HANDLE_AT -DHAVE_LIBBPF  -DLIBBPF_VERSION=\"1.3.0\" -DLIBBPF_DYNAMIC -DHAVE_LIBBPF_SECTION_NAME  -DHAVE_ELF  -DHAVE_LIBMNL  -DHAVE_LIBCAP  -DHAVE_SETNS -DHAVE_HANDLE_AT -DHAVE_LIBBPF  -DLIBBPF_VERSION=\"1.3.0\" -DLIBBPF_DYNAMIC -DHAVE_LIBBPF_SECTION_NAME  -DHAVE_ELF  -DHAVE_LIBMNL  -DHAVE_LIBCAP    -c -o iplink_vlan.o iplink_vlan.c
#21 5.642 gcc -Wall -Wstrict-prototypes  -Wmissing-prototypes -Wmissing-declarations -Wold-style-definition -Wformat=2 -O2 -pipe -I../include -I../include/uapi -DRESOLVE_HOSTNAMES -DLIBDIR=\"/usr/lib/x86_64-linux-gnu\" -DCONF_USR_DIR=\"/usr/share/iproute2\" -DCONF_ETC_DIR=\"/etc/iproute2\" -DNETNS_RUN_DIR=\"/var/run/netns\" -DNETNS_ETC_DIR=\"/etc/netns\" -DARPDDIR=\"/var/lib/arpd\" -DCONF_COLOR=COLOR_OPT_NEVER -D_GNU_SOURCE -D_FILE_OFFSET_BITS=64 -D_LARGEFILE_SOURCE -D_LARGEFILE64_SOURCE -DHAVE_SETNS -DHAVE_HANDLE_AT -DHAVE_LIBBPF  -DLIBBPF_VERSION=\"1.3.0\" -DLIBBPF_DYNAMIC -DHAVE_LIBBPF_SECTION_NAME  -DHAVE_ELF  -DHAVE_LIBMNL  -DHAVE_LIBCAP  -DHAVE_SETNS -DHAVE_HANDLE_AT -DHAVE_LIBBPF  -DLIBBPF_VERSION=\"1.3.0\" -DLIBBPF_DYNAMIC -DHAVE_LIBBPF_SECTION_NAME  -DHAVE_ELF  -DHAVE_LIBMNL  -DHAVE_LIBCAP    -c -o link_veth.o link_veth.c
#21 5.672 gcc -Wall -Wstrict-prototypes  -Wmissing-prototypes -Wmissing-declarations -Wold-style-definition -Wformat=2 -O2 -pipe -I../include -I../include/uapi -DRESOLVE_HOSTNAMES -DLIBDIR=\"/usr/lib/x86_64-linux-gnu\" -DCONF_USR_DIR=\"/usr/share/iproute2\" -DCONF_ETC_DIR=\"/etc/iproute2\" -DNETNS_RUN_DIR=\"/var/run/netns\" -DNETNS_ETC_DIR=\"/etc/netns\" -DARPDDIR=\"/var/lib/arpd\" -DCONF_COLOR=COLOR_OPT_NEVER -D_GNU_SOURCE -D_FILE_OFFSET_BITS=64 -D_LARGEFILE_SOURCE -D_LARGEFILE64_SOURCE -DHAVE_SETNS -DHAVE_HANDLE_AT -DHAVE_LIBBPF  -DLIBBPF_VERSION=\"1.3.0\" -DLIBBPF_DYNAMIC -DHAVE_LIBBPF_SECTION_NAME  -DHAVE_ELF  -DHAVE_LIBMNL  -DHAVE_LIBCAP  -DHAVE_SETNS -DHAVE_HANDLE_AT -DHAVE_LIBBPF  -DLIBBPF_VERSION=\"1.3.0\" -DLIBBPF_DYNAMIC -DHAVE_LIBBPF_SECTION_NAME  -DHAVE_ELF  -DHAVE_LIBMNL  -DHAVE_LIBCAP    -c -o link_gre.o link_gre.c
#21 5.761 gcc -Wall -Wstrict-prototypes  -Wmissing-prototypes -Wmissing-declarations -Wold-style-definition -Wformat=2 -O2 -pipe -I../include -I../include/uapi -DRESOLVE_HOSTNAMES -DLIBDIR=\"/usr/lib/x86_64-linux-gnu\" -DCONF_USR_DIR=\"/usr/share/iproute2\" -DCONF_ETC_DIR=\"/etc/iproute2\" -DNETNS_RUN_DIR=\"/var/run/netns\" -DNETNS_ETC_DIR=\"/etc/netns\" -DARPDDIR=\"/var/lib/arpd\" -DCONF_COLOR=COLOR_OPT_NEVER -D_GNU_SOURCE -D_FILE_OFFSET_BITS=64 -D_LARGEFILE_SOURCE -D_LARGEFILE64_SOURCE -DHAVE_SETNS -DHAVE_HANDLE_AT -DHAVE_LIBBPF  -DLIBBPF_VERSION=\"1.3.0\" -DLIBBPF_DYNAMIC -DHAVE_LIBBPF_SECTION_NAME  -DHAVE_ELF  -DHAVE_LIBMNL  -DHAVE_LIBCAP  -DHAVE_SETNS -DHAVE_HANDLE_AT -DHAVE_LIBBPF  -DLIBBPF_VERSION=\"1.3.0\" -DLIBBPF_DYNAMIC -DHAVE_LIBBPF_SECTION_NAME  -DHAVE_ELF  -DHAVE_LIBMNL  -DHAVE_LIBCAP    -c -o iplink_can.o iplink_can.c
#21 5.903 gcc -Wall -Wstrict-prototypes  -Wmissing-prototypes -Wmissing-declarations -Wold-style-definition -Wformat=2 -O2 -pipe -I../include -I../include/uapi -DRESOLVE_HOSTNAMES -DLIBDIR=\"/usr/lib/x86_64-linux-gnu\" -DCONF_USR_DIR=\"/usr/share/iproute2\" -DCONF_ETC_DIR=\"/etc/iproute2\" -DNETNS_RUN_DIR=\"/var/run/netns\" -DNETNS_ETC_DIR=\"/etc/netns\" -DARPDDIR=\"/var/lib/arpd\" -DCONF_COLOR=COLOR_OPT_NEVER -D_GNU_SOURCE -D_FILE_OFFSET_BITS=64 -D_LARGEFILE_SOURCE -D_LARGEFILE64_SOURCE -DHAVE_SETNS -DHAVE_HANDLE_AT -DHAVE_LIBBPF  -DLIBBPF_VERSION=\"1.3.0\" -DLIBBPF_DYNAMIC -DHAVE_LIBBPF_SECTION_NAME  -DHAVE_ELF  -DHAVE_LIBMNL  -DHAVE_LIBCAP  -DHAVE_SETNS -DHAVE_HANDLE_AT -DHAVE_LIBBPF  -DLIBBPF_VERSION=\"1.3.0\" -DLIBBPF_DYNAMIC -DHAVE_LIBBPF_SECTION_NAME  -DHAVE_ELF  -DHAVE_LIBMNL  -DHAVE_LIBCAP    -c -o iplink_xdp.o iplink_xdp.c
#21 5.954 gcc -Wall -Wstrict-prototypes  -Wmissing-prototypes -Wmissing-declarations -Wold-style-definition -Wformat=2 -O2 -pipe -I../include -I../include/uapi -DRESOLVE_HOSTNAMES -DLIBDIR=\"/usr/lib/x86_64-linux-gnu\" -DCONF_USR_DIR=\"/usr/share/iproute2\" -DCONF_ETC_DIR=\"/etc/iproute2\" -DNETNS_RUN_DIR=\"/var/run/netns\" -DNETNS_ETC_DIR=\"/etc/netns\" -DARPDDIR=\"/var/lib/arpd\" -DCONF_COLOR=COLOR_OPT_NEVER -D_GNU_SOURCE -D_FILE_OFFSET_BITS=64 -D_LARGEFILE_SOURCE -D_LARGEFILE64_SOURCE -DHAVE_SETNS -DHAVE_HANDLE_AT -DHAVE_LIBBPF  -DLIBBPF_VERSION=\"1.3.0\" -DLIBBPF_DYNAMIC -DHAVE_LIBBPF_SECTION_NAME  -DHAVE_ELF  -DHAVE_LIBMNL  -DHAVE_LIBCAP  -DHAVE_SETNS -DHAVE_HANDLE_AT -DHAVE_LIBBPF  -DLIBBPF_VERSION=\"1.3.0\" -DLIBBPF_DYNAMIC -DHAVE_LIBBPF_SECTION_NAME  -DHAVE_ELF  -DHAVE_LIBMNL  -DHAVE_LIBCAP    -c -o iplink_macvlan.o iplink_macvlan.c
#21 6.014 gcc -Wall -Wstrict-prototypes  -Wmissing-prototypes -Wmissing-declarations -Wold-style-definition -Wformat=2 -O2 -pipe -I../include -I../include/uapi -DRESOLVE_HOSTNAMES -DLIBDIR=\"/usr/lib/x86_64-linux-gnu\" -DCONF_USR_DIR=\"/usr/share/iproute2\" -DCONF_ETC_DIR=\"/etc/iproute2\" -DNETNS_RUN_DIR=\"/var/run/netns\" -DNETNS_ETC_DIR=\"/etc/netns\" -DARPDDIR=\"/var/lib/arpd\" -DCONF_COLOR=COLOR_OPT_NEVER -D_GNU_SOURCE -D_FILE_OFFSET_BITS=64 -D_LARGEFILE_SOURCE -D_LARGEFILE64_SOURCE -DHAVE_SETNS -DHAVE_HANDLE_AT -DHAVE_LIBBPF  -DLIBBPF_VERSION=\"1.3.0\" -DLIBBPF_DYNAMIC -DHAVE_LIBBPF_SECTION_NAME  -DHAVE_ELF  -DHAVE_LIBMNL  -DHAVE_LIBCAP  -DHAVE_SETNS -DHAVE_HANDLE_AT -DHAVE_LIBBPF  -DLIBBPF_VERSION=\"1.3.0\" -DLIBBPF_DYNAMIC -DHAVE_LIBBPF_SECTION_NAME  -DHAVE_ELF  -DHAVE_LIBMNL  -DHAVE_LIBCAP    -c -o ipl2tp.o ipl2tp.c
#21 6.125 gcc -Wall -Wstrict-prototypes  -Wmissing-prototypes -Wmissing-declarations -Wold-style-definition -Wformat=2 -O2 -pipe -I../include -I../include/uapi -DRESOLVE_HOSTNAMES -DLIBDIR=\"/usr/lib/x86_64-linux-gnu\" -DCONF_USR_DIR=\"/usr/share/iproute2\" -DCONF_ETC_DIR=\"/etc/iproute2\" -DNETNS_RUN_DIR=\"/var/run/netns\" -DNETNS_ETC_DIR=\"/etc/netns\" -DARPDDIR=\"/var/lib/arpd\" -DCONF_COLOR=COLOR_OPT_NEVER -D_GNU_SOURCE -D_FILE_OFFSET_BITS=64 -D_LARGEFILE_SOURCE -D_LARGEFILE64_SOURCE -DHAVE_SETNS -DHAVE_HANDLE_AT -DHAVE_LIBBPF  -DLIBBPF_VERSION=\"1.3.0\" -DLIBBPF_DYNAMIC -DHAVE_LIBBPF_SECTION_NAME  -DHAVE_ELF  -DHAVE_LIBMNL  -DHAVE_LIBCAP  -DHAVE_SETNS -DHAVE_HANDLE_AT -DHAVE_LIBBPF  -DLIBBPF_VERSION=\"1.3.0\" -DLIBBPF_DYNAMIC -DHAVE_LIBBPF_SECTION_NAME  -DHAVE_ELF  -DHAVE_LIBMNL  -DHAVE_LIBCAP    -c -o link_vti.o link_vti.c
#21 6.174 gcc -Wall -Wstrict-prototypes  -Wmissing-prototypes -Wmissing-declarations -Wold-style-definition -Wformat=2 -O2 -pipe -I../include -I../include/uapi -DRESOLVE_HOSTNAMES -DLIBDIR=\"/usr/lib/x86_64-linux-gnu\" -DCONF_USR_DIR=\"/usr/share/iproute2\" -DCONF_ETC_DIR=\"/etc/iproute2\" -DNETNS_RUN_DIR=\"/var/run/netns\" -DNETNS_ETC_DIR=\"/etc/netns\" -DARPDDIR=\"/var/lib/arpd\" -DCONF_COLOR=COLOR_OPT_NEVER -D_GNU_SOURCE -D_FILE_OFFSET_BITS=64 -D_LARGEFILE_SOURCE -D_LARGEFILE64_SOURCE -DHAVE_SETNS -DHAVE_HANDLE_AT -DHAVE_LIBBPF  -DLIBBPF_VERSION=\"1.3.0\" -DLIBBPF_DYNAMIC -DHAVE_LIBBPF_SECTION_NAME  -DHAVE_ELF  -DHAVE_LIBMNL  -DHAVE_LIBCAP  -DHAVE_SETNS -DHAVE_HANDLE_AT -DHAVE_LIBBPF  -DLIBBPF_VERSION=\"1.3.0\" -DLIBBPF_DYNAMIC -DHAVE_LIBBPF_SECTION_NAME  -DHAVE_ELF  -DHAVE_LIBMNL  -DHAVE_LIBCAP    -c -o link_vti6.o link_vti6.c
#21 6.225 gcc -Wall -Wstrict-prototypes  -Wmissing-prototypes -Wmissing-declarations -Wold-style-definition -Wformat=2 -O2 -pipe -I../include -I../include/uapi -DRESOLVE_HOSTNAMES -DLIBDIR=\"/usr/lib/x86_64-linux-gnu\" -DCONF_USR_DIR=\"/usr/share/iproute2\" -DCONF_ETC_DIR=\"/etc/iproute2\" -DNETNS_RUN_DIR=\"/var/run/netns\" -DNETNS_ETC_DIR=\"/etc/netns\" -DARPDDIR=\"/var/lib/arpd\" -DCONF_COLOR=COLOR_OPT_NEVER -D_GNU_SOURCE -D_FILE_OFFSET_BITS=64 -D_LARGEFILE_SOURCE -D_LARGEFILE64_SOURCE -DHAVE_SETNS -DHAVE_HANDLE_AT -DHAVE_LIBBPF  -DLIBBPF_VERSION=\"1.3.0\" -DLIBBPF_DYNAMIC -DHAVE_LIBBPF_SECTION_NAME  -DHAVE_ELF  -DHAVE_LIBMNL  -DHAVE_LIBCAP  -DHAVE_SETNS -DHAVE_HANDLE_AT -DHAVE_LIBBPF  -DLIBBPF_VERSION=\"1.3.0\" -DLIBBPF_DYNAMIC -DHAVE_LIBBPF_SECTION_NAME  -DHAVE_ELF  -DHAVE_LIBMNL  -DHAVE_LIBCAP    -c -o link_xfrm.o link_xfrm.c
#21 6.262 gcc -Wall -Wstrict-prototypes  -Wmissing-prototypes -Wmissing-declarations -Wold-style-definition -Wformat=2 -O2 -pipe -I../include -I../include/uapi -DRESOLVE_HOSTNAMES -DLIBDIR=\"/usr/lib/x86_64-linux-gnu\" -DCONF_USR_DIR=\"/usr/share/iproute2\" -DCONF_ETC_DIR=\"/etc/iproute2\" -DNETNS_RUN_DIR=\"/var/run/netns\" -DNETNS_ETC_DIR=\"/etc/netns\" -DARPDDIR=\"/var/lib/arpd\" -DCONF_COLOR=COLOR_OPT_NEVER -D_GNU_SOURCE -D_FILE_OFFSET_BITS=64 -D_LARGEFILE_SOURCE -D_LARGEFILE64_SOURCE -DHAVE_SETNS -DHAVE_HANDLE_AT -DHAVE_LIBBPF  -DLIBBPF_VERSION=\"1.3.0\" -DLIBBPF_DYNAMIC -DHAVE_LIBBPF_SECTION_NAME  -DHAVE_ELF  -DHAVE_LIBMNL  -DHAVE_LIBCAP  -DHAVE_SETNS -DHAVE_HANDLE_AT -DHAVE_LIBBPF  -DLIBBPF_VERSION=\"1.3.0\" -DLIBBPF_DYNAMIC -DHAVE_LIBBPF_SECTION_NAME  -DHAVE_ELF  -DHAVE_LIBMNL  -DHAVE_LIBCAP    -c -o iplink_vxlan.o iplink_vxlan.c
#21 6.389 gcc -Wall -Wstrict-prototypes  -Wmissing-prototypes -Wmissing-declarations -Wold-style-definition -Wformat=2 -O2 -pipe -I../include -I../include/uapi -DRESOLVE_HOSTNAMES -DLIBDIR=\"/usr/lib/x86_64-linux-gnu\" -DCONF_USR_DIR=\"/usr/share/iproute2\" -DCONF_ETC_DIR=\"/etc/iproute2\" -DNETNS_RUN_DIR=\"/var/run/netns\" -DNETNS_ETC_DIR=\"/etc/netns\" -DARPDDIR=\"/var/lib/arpd\" -DCONF_COLOR=COLOR_OPT_NEVER -D_GNU_SOURCE -D_FILE_OFFSET_BITS=64 -D_LARGEFILE_SOURCE -D_LARGEFILE64_SOURCE -DHAVE_SETNS -DHAVE_HANDLE_AT -DHAVE_LIBBPF  -DLIBBPF_VERSION=\"1.3.0\" -DLIBBPF_DYNAMIC -DHAVE_LIBBPF_SECTION_NAME  -DHAVE_ELF  -DHAVE_LIBMNL  -DHAVE_LIBCAP  -DHAVE_SETNS -DHAVE_HANDLE_AT -DHAVE_LIBBPF  -DLIBBPF_VERSION=\"1.3.0\" -DLIBBPF_DYNAMIC -DHAVE_LIBBPF_SECTION_NAME  -DHAVE_ELF  -DHAVE_LIBMNL  -DHAVE_LIBCAP    -c -o tcp_metrics.o tcp_metrics.c
#21 6.476 gcc -Wall -Wstrict-prototypes  -Wmissing-prototypes -Wmissing-declarations -Wold-style-definition -Wformat=2 -O2 -pipe -I../include -I../include/uapi -DRESOLVE_HOSTNAMES -DLIBDIR=\"/usr/lib/x86_64-linux-gnu\" -DCONF_USR_DIR=\"/usr/share/iproute2\" -DCONF_ETC_DIR=\"/etc/iproute2\" -DNETNS_RUN_DIR=\"/var/run/netns\" -DNETNS_ETC_DIR=\"/etc/netns\" -DARPDDIR=\"/var/lib/arpd\" -DCONF_COLOR=COLOR_OPT_NEVER -D_GNU_SOURCE -D_FILE_OFFSET_BITS=64 -D_LARGEFILE_SOURCE -D_LARGEFILE64_SOURCE -DHAVE_SETNS -DHAVE_HANDLE_AT -DHAVE_LIBBPF  -DLIBBPF_VERSION=\"1.3.0\" -DLIBBPF_DYNAMIC -DHAVE_LIBBPF_SECTION_NAME  -DHAVE_ELF  -DHAVE_LIBMNL  -DHAVE_LIBCAP  -DHAVE_SETNS -DHAVE_HANDLE_AT -DHAVE_LIBBPF  -DLIBBPF_VERSION=\"1.3.0\" -DLIBBPF_DYNAMIC -DHAVE_LIBBPF_SECTION_NAME  -DHAVE_ELF  -DHAVE_LIBMNL  -DHAVE_LIBCAP    -c -o iplink_ipoib.o iplink_ipoib.c
#21 6.519 gcc -Wall -Wstrict-prototypes  -Wmissing-prototypes -Wmissing-declarations -Wold-style-definition -Wformat=2 -O2 -pipe -I../include -I../include/uapi -DRESOLVE_HOSTNAMES -DLIBDIR=\"/usr/lib/x86_64-linux-gnu\" -DCONF_USR_DIR=\"/usr/share/iproute2\" -DCONF_ETC_DIR=\"/etc/iproute2\" -DNETNS_RUN_DIR=\"/var/run/netns\" -DNETNS_ETC_DIR=\"/etc/netns\" -DARPDDIR=\"/var/lib/arpd\" -DCONF_COLOR=COLOR_OPT_NEVER -D_GNU_SOURCE -D_FILE_OFFSET_BITS=64 -D_LARGEFILE_SOURCE -D_LARGEFILE64_SOURCE -DHAVE_SETNS -DHAVE_HANDLE_AT -DHAVE_LIBBPF  -DLIBBPF_VERSION=\"1.3.0\" -DLIBBPF_DYNAMIC -DHAVE_LIBBPF_SECTION_NAME  -DHAVE_ELF  -DHAVE_LIBMNL  -DHAVE_LIBCAP  -DHAVE_SETNS -DHAVE_HANDLE_AT -DHAVE_LIBBPF  -DLIBBPF_VERSION=\"1.3.0\" -DLIBBPF_DYNAMIC -DHAVE_LIBBPF_SECTION_NAME  -DHAVE_ELF  -DHAVE_LIBMNL  -DHAVE_LIBCAP    -c -o ipnetconf.o ipnetconf.c
#21 6.571 gcc -Wall -Wstrict-prototypes  -Wmissing-prototypes -Wmissing-declarations -Wold-style-definition -Wformat=2 -O2 -pipe -I../include -I../include/uapi -DRESOLVE_HOSTNAMES -DLIBDIR=\"/usr/lib/x86_64-linux-gnu\" -DCONF_USR_DIR=\"/usr/share/iproute2\" -DCONF_ETC_DIR=\"/etc/iproute2\" -DNETNS_RUN_DIR=\"/var/run/netns\" -DNETNS_ETC_DIR=\"/etc/netns\" -DARPDDIR=\"/var/lib/arpd\" -DCONF_COLOR=COLOR_OPT_NEVER -D_GNU_SOURCE -D_FILE_OFFSET_BITS=64 -D_LARGEFILE_SOURCE -D_LARGEFILE64_SOURCE -DHAVE_SETNS -DHAVE_HANDLE_AT -DHAVE_LIBBPF  -DLIBBPF_VERSION=\"1.3.0\" -DLIBBPF_DYNAMIC -DHAVE_LIBBPF_SECTION_NAME  -DHAVE_ELF  -DHAVE_LIBMNL  -DHAVE_LIBCAP  -DHAVE_SETNS -DHAVE_HANDLE_AT -DHAVE_LIBBPF  -DLIBBPF_VERSION=\"1.3.0\" -DLIBBPF_DYNAMIC -DHAVE_LIBBPF_SECTION_NAME  -DHAVE_ELF  -DHAVE_LIBMNL  -DHAVE_LIBCAP    -c -o link_ip6tnl.o link_ip6tnl.c
#21 6.651 gcc -Wall -Wstrict-prototypes  -Wmissing-prototypes -Wmissing-declarations -Wold-style-definition -Wformat=2 -O2 -pipe -I../include -I../include/uapi -DRESOLVE_HOSTNAMES -DLIBDIR=\"/usr/lib/x86_64-linux-gnu\" -DCONF_USR_DIR=\"/usr/share/iproute2\" -DCONF_ETC_DIR=\"/etc/iproute2\" -DNETNS_RUN_DIR=\"/var/run/netns\" -DNETNS_ETC_DIR=\"/etc/netns\" -DARPDDIR=\"/var/lib/arpd\" -DCONF_COLOR=COLOR_OPT_NEVER -D_GNU_SOURCE -D_FILE_OFFSET_BITS=64 -D_LARGEFILE_SOURCE -D_LARGEFILE64_SOURCE -DHAVE_SETNS -DHAVE_HANDLE_AT -DHAVE_LIBBPF  -DLIBBPF_VERSION=\"1.3.0\" -DLIBBPF_DYNAMIC -DHAVE_LIBBPF_SECTION_NAME  -DHAVE_ELF  -DHAVE_LIBMNL  -DHAVE_LIBCAP  -DHAVE_SETNS -DHAVE_HANDLE_AT -DHAVE_LIBBPF  -DLIBBPF_VERSION=\"1.3.0\" -DLIBBPF_DYNAMIC -DHAVE_LIBBPF_SECTION_NAME  -DHAVE_ELF  -DHAVE_LIBMNL  -DHAVE_LIBCAP    -c -o link_iptnl.o link_iptnl.c
#21 6.732 gcc -Wall -Wstrict-prototypes  -Wmissing-prototypes -Wmissing-declarations -Wold-style-definition -Wformat=2 -O2 -pipe -I../include -I../include/uapi -DRESOLVE_HOSTNAMES -DLIBDIR=\"/usr/lib/x86_64-linux-gnu\" -DCONF_USR_DIR=\"/usr/share/iproute2\" -DCONF_ETC_DIR=\"/etc/iproute2\" -DNETNS_RUN_DIR=\"/var/run/netns\" -DNETNS_ETC_DIR=\"/etc/netns\" -DARPDDIR=\"/var/lib/arpd\" -DCONF_COLOR=COLOR_OPT_NEVER -D_GNU_SOURCE -D_FILE_OFFSET_BITS=64 -D_LARGEFILE_SOURCE -D_LARGEFILE64_SOURCE -DHAVE_SETNS -DHAVE_HANDLE_AT -DHAVE_LIBBPF  -DLIBBPF_VERSION=\"1.3.0\" -DLIBBPF_DYNAMIC -DHAVE_LIBBPF_SECTION_NAME  -DHAVE_ELF  -DHAVE_LIBMNL  -DHAVE_LIBCAP  -DHAVE_SETNS -DHAVE_HANDLE_AT -DHAVE_LIBBPF  -DLIBBPF_VERSION=\"1.3.0\" -DLIBBPF_DYNAMIC -DHAVE_LIBBPF_SECTION_NAME  -DHAVE_ELF  -DHAVE_LIBMNL  -DHAVE_LIBCAP    -c -o link_gre6.o link_gre6.c
#21 6.826 gcc -Wall -Wstrict-prototypes  -Wmissing-prototypes -Wmissing-declarations -Wold-style-definition -Wformat=2 -O2 -pipe -I../include -I../include/uapi -DRESOLVE_HOSTNAMES -DLIBDIR=\"/usr/lib/x86_64-linux-gnu\" -DCONF_USR_DIR=\"/usr/share/iproute2\" -DCONF_ETC_DIR=\"/etc/iproute2\" -DNETNS_RUN_DIR=\"/var/run/netns\" -DNETNS_ETC_DIR=\"/etc/netns\" -DARPDDIR=\"/var/lib/arpd\" -DCONF_COLOR=COLOR_OPT_NEVER -D_GNU_SOURCE -D_FILE_OFFSET_BITS=64 -D_LARGEFILE_SOURCE -D_LARGEFILE64_SOURCE -DHAVE_SETNS -DHAVE_HANDLE_AT -DHAVE_LIBBPF  -DLIBBPF_VERSION=\"1.3.0\" -DLIBBPF_DYNAMIC -DHAVE_LIBBPF_SECTION_NAME  -DHAVE_ELF  -DHAVE_LIBMNL  -DHAVE_LIBCAP  -DHAVE_SETNS -DHAVE_HANDLE_AT -DHAVE_LIBBPF  -DLIBBPF_VERSION=\"1.3.0\" -DLIBBPF_DYNAMIC -DHAVE_LIBBPF_SECTION_NAME  -DHAVE_ELF  -DHAVE_LIBMNL  -DHAVE_LIBCAP    -c -o iplink_bond.o iplink_bond.c
#21 6.955 gcc -Wall -Wstrict-prototypes  -Wmissing-prototypes -Wmissing-declarations -Wold-style-definition -Wformat=2 -O2 -pipe -I../include -I../include/uapi -DRESOLVE_HOSTNAMES -DLIBDIR=\"/usr/lib/x86_64-linux-gnu\" -DCONF_USR_DIR=\"/usr/share/iproute2\" -DCONF_ETC_DIR=\"/etc/iproute2\" -DNETNS_RUN_DIR=\"/var/run/netns\" -DNETNS_ETC_DIR=\"/etc/netns\" -DARPDDIR=\"/var/lib/arpd\" -DCONF_COLOR=COLOR_OPT_NEVER -D_GNU_SOURCE -D_FILE_OFFSET_BITS=64 -D_LARGEFILE_SOURCE -D_LARGEFILE64_SOURCE -DHAVE_SETNS -DHAVE_HANDLE_AT -DHAVE_LIBBPF  -DLIBBPF_VERSION=\"1.3.0\" -DLIBBPF_DYNAMIC -DHAVE_LIBBPF_SECTION_NAME  -DHAVE_ELF  -DHAVE_LIBMNL  -DHAVE_LIBCAP  -DHAVE_SETNS -DHAVE_HANDLE_AT -DHAVE_LIBBPF  -DLIBBPF_VERSION=\"1.3.0\" -DLIBBPF_DYNAMIC -DHAVE_LIBBPF_SECTION_NAME  -DHAVE_ELF  -DHAVE_LIBMNL  -DHAVE_LIBCAP    -c -o iplink_bond_slave.o iplink_bond_slave.c
#21 7.011 gcc -Wall -Wstrict-prototypes  -Wmissing-prototypes -Wmissing-declarations -Wold-style-definition -Wformat=2 -O2 -pipe -I../include -I../include/uapi -DRESOLVE_HOSTNAMES -DLIBDIR=\"/usr/lib/x86_64-linux-gnu\" -DCONF_USR_DIR=\"/usr/share/iproute2\" -DCONF_ETC_DIR=\"/etc/iproute2\" -DNETNS_RUN_DIR=\"/var/run/netns\" -DNETNS_ETC_DIR=\"/etc/netns\" -DARPDDIR=\"/var/lib/arpd\" -DCONF_COLOR=COLOR_OPT_NEVER -D_GNU_SOURCE -D_FILE_OFFSET_BITS=64 -D_LARGEFILE_SOURCE -D_LARGEFILE64_SOURCE -DHAVE_SETNS -DHAVE_HANDLE_AT -DHAVE_LIBBPF  -DLIBBPF_VERSION=\"1.3.0\" -DLIBBPF_DYNAMIC -DHAVE_LIBBPF_SECTION_NAME  -DHAVE_ELF  -DHAVE_LIBMNL  -DHAVE_LIBCAP  -DHAVE_SETNS -DHAVE_HANDLE_AT -DHAVE_LIBBPF  -DLIBBPF_VERSION=\"1.3.0\" -DLIBBPF_DYNAMIC -DHAVE_LIBBPF_SECTION_NAME  -DHAVE_ELF  -DHAVE_LIBMNL  -DHAVE_LIBCAP    -c -o iplink_hsr.o iplink_hsr.c
#21 7.056 gcc -Wall -Wstrict-prototypes  -Wmissing-prototypes -Wmissing-declarations -Wold-style-definition -Wformat=2 -O2 -pipe -I../include -I../include/uapi -DRESOLVE_HOSTNAMES -DLIBDIR=\"/usr/lib/x86_64-linux-gnu\" -DCONF_USR_DIR=\"/usr/share/iproute2\" -DCONF_ETC_DIR=\"/etc/iproute2\" -DNETNS_RUN_DIR=\"/var/run/netns\" -DNETNS_ETC_DIR=\"/etc/netns\" -DARPDDIR=\"/var/lib/arpd\" -DCONF_COLOR=COLOR_OPT_NEVER -D_GNU_SOURCE -D_FILE_OFFSET_BITS=64 -D_LARGEFILE_SOURCE -D_LARGEFILE64_SOURCE -DHAVE_SETNS -DHAVE_HANDLE_AT -DHAVE_LIBBPF  -DLIBBPF_VERSION=\"1.3.0\" -DLIBBPF_DYNAMIC -DHAVE_LIBBPF_SECTION_NAME  -DHAVE_ELF  -DHAVE_LIBMNL  -DHAVE_LIBCAP  -DHAVE_SETNS -DHAVE_HANDLE_AT -DHAVE_LIBBPF  -DLIBBPF_VERSION=\"1.3.0\" -DLIBBPF_DYNAMIC -DHAVE_LIBBPF_SECTION_NAME  -DHAVE_ELF  -DHAVE_LIBMNL  -DHAVE_LIBCAP    -c -o iplink_bridge.o iplink_bridge.c
#21 7.176 gcc -Wall -Wstrict-prototypes  -Wmissing-prototypes -Wmissing-declarations -Wold-style-definition -Wformat=2 -O2 -pipe -I../include -I../include/uapi -DRESOLVE_HOSTNAMES -DLIBDIR=\"/usr/lib/x86_64-linux-gnu\" -DCONF_USR_DIR=\"/usr/share/iproute2\" -DCONF_ETC_DIR=\"/etc/iproute2\" -DNETNS_RUN_DIR=\"/var/run/netns\" -DNETNS_ETC_DIR=\"/etc/netns\" -DARPDDIR=\"/var/lib/arpd\" -DCONF_COLOR=COLOR_OPT_NEVER -D_GNU_SOURCE -D_FILE_OFFSET_BITS=64 -D_LARGEFILE_SOURCE -D_LARGEFILE64_SOURCE -DHAVE_SETNS -DHAVE_HANDLE_AT -DHAVE_LIBBPF  -DLIBBPF_VERSION=\"1.3.0\" -DLIBBPF_DYNAMIC -DHAVE_LIBBPF_SECTION_NAME  -DHAVE_ELF  -DHAVE_LIBMNL  -DHAVE_LIBCAP  -DHAVE_SETNS -DHAVE_HANDLE_AT -DHAVE_LIBBPF  -DLIBBPF_VERSION=\"1.3.0\" -DLIBBPF_DYNAMIC -DHAVE_LIBBPF_SECTION_NAME  -DHAVE_ELF  -DHAVE_LIBMNL  -DHAVE_LIBCAP    -c -o iplink_bridge_slave.o iplink_bridge_slave.c
#21 7.260 gcc -Wall -Wstrict-prototypes  -Wmissing-prototypes -Wmissing-declarations -Wold-style-definition -Wformat=2 -O2 -pipe -I../include -I../include/uapi -DRESOLVE_HOSTNAMES -DLIBDIR=\"/usr/lib/x86_64-linux-gnu\" -DCONF_USR_DIR=\"/usr/share/iproute2\" -DCONF_ETC_DIR=\"/etc/iproute2\" -DNETNS_RUN_DIR=\"/var/run/netns\" -DNETNS_ETC_DIR=\"/etc/netns\" -DARPDDIR=\"/var/lib/arpd\" -DCONF_COLOR=COLOR_OPT_NEVER -D_GNU_SOURCE -D_FILE_OFFSET_BITS=64 -D_LARGEFILE_SOURCE -D_LARGEFILE64_SOURCE -DHAVE_SETNS -DHAVE_HANDLE_AT -DHAVE_LIBBPF  -DLIBBPF_VERSION=\"1.3.0\" -DLIBBPF_DYNAMIC -DHAVE_LIBBPF_SECTION_NAME  -DHAVE_ELF  -DHAVE_LIBMNL  -DHAVE_LIBCAP  -DHAVE_SETNS -DHAVE_HANDLE_AT -DHAVE_LIBBPF  -DLIBBPF_VERSION=\"1.3.0\" -DLIBBPF_DYNAMIC -DHAVE_LIBBPF_SECTION_NAME  -DHAVE_ELF  -DHAVE_LIBMNL  -DHAVE_LIBCAP    -c -o iplink_dsa.o iplink_dsa.c
#21 7.294 gcc -Wall -Wstrict-prototypes  -Wmissing-prototypes -Wmissing-declarations -Wold-style-definition -Wformat=2 -O2 -pipe -I../include -I../include/uapi -DRESOLVE_HOSTNAMES -DLIBDIR=\"/usr/lib/x86_64-linux-gnu\" -DCONF_USR_DIR=\"/usr/share/iproute2\" -DCONF_ETC_DIR=\"/etc/iproute2\" -DNETNS_RUN_DIR=\"/var/run/netns\" -DNETNS_ETC_DIR=\"/etc/netns\" -DARPDDIR=\"/var/lib/arpd\" -DCONF_COLOR=COLOR_OPT_NEVER -D_GNU_SOURCE -D_FILE_OFFSET_BITS=64 -D_LARGEFILE_SOURCE -D_LARGEFILE64_SOURCE -DHAVE_SETNS -DHAVE_HANDLE_AT -DHAVE_LIBBPF  -DLIBBPF_VERSION=\"1.3.0\" -DLIBBPF_DYNAMIC -DHAVE_LIBBPF_SECTION_NAME  -DHAVE_ELF  -DHAVE_LIBMNL  -DHAVE_LIBCAP  -DHAVE_SETNS -DHAVE_HANDLE_AT -DHAVE_LIBBPF  -DLIBBPF_VERSION=\"1.3.0\" -DLIBBPF_DYNAMIC -DHAVE_LIBBPF_SECTION_NAME  -DHAVE_ELF  -DHAVE_LIBMNL  -DHAVE_LIBCAP    -c -o ipfou.o ipfou.c
#21 7.361 gcc -Wall -Wstrict-prototypes  -Wmissing-prototypes -Wmissing-declarations -Wold-style-definition -Wformat=2 -O2 -pipe -I../include -I../include/uapi -DRESOLVE_HOSTNAMES -DLIBDIR=\"/usr/lib/x86_64-linux-gnu\" -DCONF_USR_DIR=\"/usr/share/iproute2\" -DCONF_ETC_DIR=\"/etc/iproute2\" -DNETNS_RUN_DIR=\"/var/run/netns\" -DNETNS_ETC_DIR=\"/etc/netns\" -DARPDDIR=\"/var/lib/arpd\" -DCONF_COLOR=COLOR_OPT_NEVER -D_GNU_SOURCE -D_FILE_OFFSET_BITS=64 -D_LARGEFILE_SOURCE -D_LARGEFILE64_SOURCE -DHAVE_SETNS -DHAVE_HANDLE_AT -DHAVE_LIBBPF  -DLIBBPF_VERSION=\"1.3.0\" -DLIBBPF_DYNAMIC -DHAVE_LIBBPF_SECTION_NAME  -DHAVE_ELF  -DHAVE_LIBMNL  -DHAVE_LIBCAP  -DHAVE_SETNS -DHAVE_HANDLE_AT -DHAVE_LIBBPF  -DLIBBPF_VERSION=\"1.3.0\" -DLIBBPF_DYNAMIC -DHAVE_LIBBPF_SECTION_NAME  -DHAVE_ELF  -DHAVE_LIBMNL  -DHAVE_LIBCAP    -c -o iplink_ipvlan.o iplink_ipvlan.c
#21 7.401 gcc -Wall -Wstrict-prototypes  -Wmissing-prototypes -Wmissing-declarations -Wold-style-definition -Wformat=2 -O2 -pipe -I../include -I../include/uapi -DRESOLVE_HOSTNAMES -DLIBDIR=\"/usr/lib/x86_64-linux-gnu\" -DCONF_USR_DIR=\"/usr/share/iproute2\" -DCONF_ETC_DIR=\"/etc/iproute2\" -DNETNS_RUN_DIR=\"/var/run/netns\" -DNETNS_ETC_DIR=\"/etc/netns\" -DARPDDIR=\"/var/lib/arpd\" -DCONF_COLOR=COLOR_OPT_NEVER -D_GNU_SOURCE -D_FILE_OFFSET_BITS=64 -D_LARGEFILE_SOURCE -D_LARGEFILE64_SOURCE -DHAVE_SETNS -DHAVE_HANDLE_AT -DHAVE_LIBBPF  -DLIBBPF_VERSION=\"1.3.0\" -DLIBBPF_DYNAMIC -DHAVE_LIBBPF_SECTION_NAME  -DHAVE_ELF  -DHAVE_LIBMNL  -DHAVE_LIBCAP  -DHAVE_SETNS -DHAVE_HANDLE_AT -DHAVE_LIBBPF  -DLIBBPF_VERSION=\"1.3.0\" -DLIBBPF_DYNAMIC -DHAVE_LIBBPF_SECTION_NAME  -DHAVE_ELF  -DHAVE_LIBMNL  -DHAVE_LIBCAP    -c -o iplink_geneve.o iplink_geneve.c
#21 7.484 gcc -Wall -Wstrict-prototypes  -Wmissing-prototypes -Wmissing-declarations -Wold-style-definition -Wformat=2 -O2 -pipe -I../include -I../include/uapi -DRESOLVE_HOSTNAMES -DLIBDIR=\"/usr/lib/x86_64-linux-gnu\" -DCONF_USR_DIR=\"/usr/share/iproute2\" -DCONF_ETC_DIR=\"/etc/iproute2\" -DNETNS_RUN_DIR=\"/var/run/netns\" -DNETNS_ETC_DIR=\"/etc/netns\" -DARPDDIR=\"/var/lib/arpd\" -DCONF_COLOR=COLOR_OPT_NEVER -D_GNU_SOURCE -D_FILE_OFFSET_BITS=64 -D_LARGEFILE_SOURCE -D_LARGEFILE64_SOURCE -DHAVE_SETNS -DHAVE_HANDLE_AT -DHAVE_LIBBPF  -DLIBBPF_VERSION=\"1.3.0\" -DLIBBPF_DYNAMIC -DHAVE_LIBBPF_SECTION_NAME  -DHAVE_ELF  -DHAVE_LIBMNL  -DHAVE_LIBCAP  -DHAVE_SETNS -DHAVE_HANDLE_AT -DHAVE_LIBBPF  -DLIBBPF_VERSION=\"1.3.0\" -DLIBBPF_DYNAMIC -DHAVE_LIBBPF_SECTION_NAME  -DHAVE_ELF  -DHAVE_LIBMNL  -DHAVE_LIBCAP    -c -o iplink_vrf.o iplink_vrf.c
#21 7.537 gcc -Wall -Wstrict-prototypes  -Wmissing-prototypes -Wmissing-declarations -Wold-style-definition -Wformat=2 -O2 -pipe -I../include -I../include/uapi -DRESOLVE_HOSTNAMES -DLIBDIR=\"/usr/lib/x86_64-linux-gnu\" -DCONF_USR_DIR=\"/usr/share/iproute2\" -DCONF_ETC_DIR=\"/etc/iproute2\" -DNETNS_RUN_DIR=\"/var/run/netns\" -DNETNS_ETC_DIR=\"/etc/netns\" -DARPDDIR=\"/var/lib/arpd\" -DCONF_COLOR=COLOR_OPT_NEVER -D_GNU_SOURCE -D_FILE_OFFSET_BITS=64 -D_LARGEFILE_SOURCE -D_LARGEFILE64_SOURCE -DHAVE_SETNS -DHAVE_HANDLE_AT -DHAVE_LIBBPF  -DLIBBPF_VERSION=\"1.3.0\" -DLIBBPF_DYNAMIC -DHAVE_LIBBPF_SECTION_NAME  -DHAVE_ELF  -DHAVE_LIBMNL  -DHAVE_LIBCAP  -DHAVE_SETNS -DHAVE_HANDLE_AT -DHAVE_LIBBPF  -DLIBBPF_VERSION=\"1.3.0\" -DLIBBPF_DYNAMIC -DHAVE_LIBBPF_SECTION_NAME  -DHAVE_ELF  -DHAVE_LIBMNL  -DHAVE_LIBCAP    -c -o iproute_lwtunnel.o iproute_lwtunnel.c
#21 7.845 gcc -Wall -Wstrict-prototypes  -Wmissing-prototypes -Wmissing-declarations -Wold-style-definition -Wformat=2 -O2 -pipe -I../include -I../include/uapi -DRESOLVE_HOSTNAMES -DLIBDIR=\"/usr/lib/x86_64-linux-gnu\" -DCONF_USR_DIR=\"/usr/share/iproute2\" -DCONF_ETC_DIR=\"/etc/iproute2\" -DNETNS_RUN_DIR=\"/var/run/netns\" -DNETNS_ETC_DIR=\"/etc/netns\" -DARPDDIR=\"/var/lib/arpd\" -DCONF_COLOR=COLOR_OPT_NEVER -D_GNU_SOURCE -D_FILE_OFFSET_BITS=64 -D_LARGEFILE_SOURCE -D_LARGEFILE64_SOURCE -DHAVE_SETNS -DHAVE_HANDLE_AT -DHAVE_LIBBPF  -DLIBBPF_VERSION=\"1.3.0\" -DLIBBPF_DYNAMIC -DHAVE_LIBBPF_SECTION_NAME  -DHAVE_ELF  -DHAVE_LIBMNL  -DHAVE_LIBCAP  -DHAVE_SETNS -DHAVE_HANDLE_AT -DHAVE_LIBBPF  -DLIBBPF_VERSION=\"1.3.0\" -DLIBBPF_DYNAMIC -DHAVE_LIBBPF_SECTION_NAME  -DHAVE_ELF  -DHAVE_LIBMNL  -DHAVE_LIBCAP    -c -o ipmacsec.o ipmacsec.c
#21 8.026 gcc -Wall -Wstrict-prototypes  -Wmissing-prototypes -Wmissing-declarations -Wold-style-definition -Wformat=2 -O2 -pipe -I../include -I../include/uapi -DRESOLVE_HOSTNAMES -DLIBDIR=\"/usr/lib/x86_64-linux-gnu\" -DCONF_USR_DIR=\"/usr/share/iproute2\" -DCONF_ETC_DIR=\"/etc/iproute2\" -DNETNS_RUN_DIR=\"/var/run/netns\" -DNETNS_ETC_DIR=\"/etc/netns\" -DARPDDIR=\"/var/lib/arpd\" -DCONF_COLOR=COLOR_OPT_NEVER -D_GNU_SOURCE -D_FILE_OFFSET_BITS=64 -D_LARGEFILE_SOURCE -D_LARGEFILE64_SOURCE -DHAVE_SETNS -DHAVE_HANDLE_AT -DHAVE_LIBBPF  -DLIBBPF_VERSION=\"1.3.0\" -DLIBBPF_DYNAMIC -DHAVE_LIBBPF_SECTION_NAME  -DHAVE_ELF  -DHAVE_LIBMNL  -DHAVE_LIBCAP  -DHAVE_SETNS -DHAVE_HANDLE_AT -DHAVE_LIBBPF  -DLIBBPF_VERSION=\"1.3.0\" -DLIBBPF_DYNAMIC -DHAVE_LIBBPF_SECTION_NAME  -DHAVE_ELF  -DHAVE_LIBMNL  -DHAVE_LIBCAP    -c -o ipila.o ipila.c
#21 8.093 gcc -Wall -Wstrict-prototypes  -Wmissing-prototypes -Wmissing-declarations -Wold-style-definition -Wformat=2 -O2 -pipe -I../include -I../include/uapi -DRESOLVE_HOSTNAMES -DLIBDIR=\"/usr/lib/x86_64-linux-gnu\" -DCONF_USR_DIR=\"/usr/share/iproute2\" -DCONF_ETC_DIR=\"/etc/iproute2\" -DNETNS_RUN_DIR=\"/var/run/netns\" -DNETNS_ETC_DIR=\"/etc/netns\" -DARPDDIR=\"/var/lib/arpd\" -DCONF_COLOR=COLOR_OPT_NEVER -D_GNU_SOURCE -D_FILE_OFFSET_BITS=64 -D_LARGEFILE_SOURCE -D_LARGEFILE64_SOURCE -DHAVE_SETNS -DHAVE_HANDLE_AT -DHAVE_LIBBPF  -DLIBBPF_VERSION=\"1.3.0\" -DLIBBPF_DYNAMIC -DHAVE_LIBBPF_SECTION_NAME  -DHAVE_ELF  -DHAVE_LIBMNL  -DHAVE_LIBCAP  -DHAVE_SETNS -DHAVE_HANDLE_AT -DHAVE_LIBBPF  -DLIBBPF_VERSION=\"1.3.0\" -DLIBBPF_DYNAMIC -DHAVE_LIBBPF_SECTION_NAME  -DHAVE_ELF  -DHAVE_LIBMNL  -DHAVE_LIBCAP    -c -o ipvrf.o ipvrf.c
#21 8.184 gcc -Wall -Wstrict-prototypes  -Wmissing-prototypes -Wmissing-declarations -Wold-style-definition -Wformat=2 -O2 -pipe -I../include -I../include/uapi -DRESOLVE_HOSTNAMES -DLIBDIR=\"/usr/lib/x86_64-linux-gnu\" -DCONF_USR_DIR=\"/usr/share/iproute2\" -DCONF_ETC_DIR=\"/etc/iproute2\" -DNETNS_RUN_DIR=\"/var/run/netns\" -DNETNS_ETC_DIR=\"/etc/netns\" -DARPDDIR=\"/var/lib/arpd\" -DCONF_COLOR=COLOR_OPT_NEVER -D_GNU_SOURCE -D_FILE_OFFSET_BITS=64 -D_LARGEFILE_SOURCE -D_LARGEFILE64_SOURCE -DHAVE_SETNS -DHAVE_HANDLE_AT -DHAVE_LIBBPF  -DLIBBPF_VERSION=\"1.3.0\" -DLIBBPF_DYNAMIC -DHAVE_LIBBPF_SECTION_NAME  -DHAVE_ELF  -DHAVE_LIBMNL  -DHAVE_LIBCAP  -DHAVE_SETNS -DHAVE_HANDLE_AT -DHAVE_LIBBPF  -DLIBBPF_VERSION=\"1.3.0\" -DLIBBPF_DYNAMIC -DHAVE_LIBBPF_SECTION_NAME  -DHAVE_ELF  -DHAVE_LIBMNL  -DHAVE_LIBCAP    -c -o iplink_xstats.o iplink_xstats.c
#21 8.218 gcc -Wall -Wstrict-prototypes  -Wmissing-prototypes -Wmissing-declarations -Wold-style-definition -Wformat=2 -O2 -pipe -I../include -I../include/uapi -DRESOLVE_HOSTNAMES -DLIBDIR=\"/usr/lib/x86_64-linux-gnu\" -DCONF_USR_DIR=\"/usr/share/iproute2\" -DCONF_ETC_DIR=\"/etc/iproute2\" -DNETNS_RUN_DIR=\"/var/run/netns\" -DNETNS_ETC_DIR=\"/etc/netns\" -DARPDDIR=\"/var/lib/arpd\" -DCONF_COLOR=COLOR_OPT_NEVER -D_GNU_SOURCE -D_FILE_OFFSET_BITS=64 -D_LARGEFILE_SOURCE -D_LARGEFILE64_SOURCE -DHAVE_SETNS -DHAVE_HANDLE_AT -DHAVE_LIBBPF  -DLIBBPF_VERSION=\"1.3.0\" -DLIBBPF_DYNAMIC -DHAVE_LIBBPF_SECTION_NAME  -DHAVE_ELF  -DHAVE_LIBMNL  -DHAVE_LIBCAP  -DHAVE_SETNS -DHAVE_HANDLE_AT -DHAVE_LIBBPF  -DLIBBPF_VERSION=\"1.3.0\" -DLIBBPF_DYNAMIC -DHAVE_LIBBPF_SECTION_NAME  -DHAVE_ELF  -DHAVE_LIBMNL  -DHAVE_LIBCAP    -c -o ipseg6.o ipseg6.c
#21 8.265 gcc -Wall -Wstrict-prototypes  -Wmissing-prototypes -Wmissing-declarations -Wold-style-definition -Wformat=2 -O2 -pipe -I../include -I../include/uapi -DRESOLVE_HOSTNAMES -DLIBDIR=\"/usr/lib/x86_64-linux-gnu\" -DCONF_USR_DIR=\"/usr/share/iproute2\" -DCONF_ETC_DIR=\"/etc/iproute2\" -DNETNS_RUN_DIR=\"/var/run/netns\" -DNETNS_ETC_DIR=\"/etc/netns\" -DARPDDIR=\"/var/lib/arpd\" -DCONF_COLOR=COLOR_OPT_NEVER -D_GNU_SOURCE -D_FILE_OFFSET_BITS=64 -D_LARGEFILE_SOURCE -D_LARGEFILE64_SOURCE -DHAVE_SETNS -DHAVE_HANDLE_AT -DHAVE_LIBBPF  -DLIBBPF_VERSION=\"1.3.0\" -DLIBBPF_DYNAMIC -DHAVE_LIBBPF_SECTION_NAME  -DHAVE_ELF  -DHAVE_LIBMNL  -DHAVE_LIBCAP  -DHAVE_SETNS -DHAVE_HANDLE_AT -DHAVE_LIBBPF  -DLIBBPF_VERSION=\"1.3.0\" -DLIBBPF_DYNAMIC -DHAVE_LIBBPF_SECTION_NAME  -DHAVE_ELF  -DHAVE_LIBMNL  -DHAVE_LIBCAP    -c -o iplink_netdevsim.o iplink_netdevsim.c
#21 8.293 gcc -Wall -Wstrict-prototypes  -Wmissing-prototypes -Wmissing-declarations -Wold-style-definition -Wformat=2 -O2 -pipe -I../include -I../include/uapi -DRESOLVE_HOSTNAMES -DLIBDIR=\"/usr/lib/x86_64-linux-gnu\" -DCONF_USR_DIR=\"/usr/share/iproute2\" -DCONF_ETC_DIR=\"/etc/iproute2\" -DNETNS_RUN_DIR=\"/var/run/netns\" -DNETNS_ETC_DIR=\"/etc/netns\" -DARPDDIR=\"/var/lib/arpd\" -DCONF_COLOR=COLOR_OPT_NEVER -D_GNU_SOURCE -D_FILE_OFFSET_BITS=64 -D_LARGEFILE_SOURCE -D_LARGEFILE64_SOURCE -DHAVE_SETNS -DHAVE_HANDLE_AT -DHAVE_LIBBPF  -DLIBBPF_VERSION=\"1.3.0\" -DLIBBPF_DYNAMIC -DHAVE_LIBBPF_SECTION_NAME  -DHAVE_ELF  -DHAVE_LIBMNL  -DHAVE_LIBCAP  -DHAVE_SETNS -DHAVE_HANDLE_AT -DHAVE_LIBBPF  -DLIBBPF_VERSION=\"1.3.0\" -DLIBBPF_DYNAMIC -DHAVE_LIBBPF_SECTION_NAME  -DHAVE_ELF  -DHAVE_LIBMNL  -DHAVE_LIBCAP    -c -o iplink_rmnet.o iplink_rmnet.c
#21 8.342 gcc -Wall -Wstrict-prototypes  -Wmissing-prototypes -Wmissing-declarations -Wold-style-definition -Wformat=2 -O2 -pipe -I../include -I../include/uapi -DRESOLVE_HOSTNAMES -DLIBDIR=\"/usr/lib/x86_64-linux-gnu\" -DCONF_USR_DIR=\"/usr/share/iproute2\" -DCONF_ETC_DIR=\"/etc/iproute2\" -DNETNS_RUN_DIR=\"/var/run/netns\" -DNETNS_ETC_DIR=\"/etc/netns\" -DARPDDIR=\"/var/lib/arpd\" -DCONF_COLOR=COLOR_OPT_NEVER -D_GNU_SOURCE -D_FILE_OFFSET_BITS=64 -D_LARGEFILE_SOURCE -D_LARGEFILE64_SOURCE -DHAVE_SETNS -DHAVE_HANDLE_AT -DHAVE_LIBBPF  -DLIBBPF_VERSION=\"1.3.0\" -DLIBBPF_DYNAMIC -DHAVE_LIBBPF_SECTION_NAME  -DHAVE_ELF  -DHAVE_LIBMNL  -DHAVE_LIBCAP  -DHAVE_SETNS -DHAVE_HANDLE_AT -DHAVE_LIBBPF  -DLIBBPF_VERSION=\"1.3.0\" -DLIBBPF_DYNAMIC -DHAVE_LIBBPF_SECTION_NAME  -DHAVE_ELF  -DHAVE_LIBMNL  -DHAVE_LIBCAP    -c -o ipnexthop.o ipnexthop.c
#21 8.517 gcc -Wall -Wstrict-prototypes  -Wmissing-prototypes -Wmissing-declarations -Wold-style-definition -Wformat=2 -O2 -pipe -I../include -I../include/uapi -DRESOLVE_HOSTNAMES -DLIBDIR=\"/usr/lib/x86_64-linux-gnu\" -DCONF_USR_DIR=\"/usr/share/iproute2\" -DCONF_ETC_DIR=\"/etc/iproute2\" -DNETNS_RUN_DIR=\"/var/run/netns\" -DNETNS_ETC_DIR=\"/etc/netns\" -DARPDDIR=\"/var/lib/arpd\" -DCONF_COLOR=COLOR_OPT_NEVER -D_GNU_SOURCE -D_FILE_OFFSET_BITS=64 -D_LARGEFILE_SOURCE -D_LARGEFILE64_SOURCE -DHAVE_SETNS -DHAVE_HANDLE_AT -DHAVE_LIBBPF  -DLIBBPF_VERSION=\"1.3.0\" -DLIBBPF_DYNAMIC -DHAVE_LIBBPF_SECTION_NAME  -DHAVE_ELF  -DHAVE_LIBMNL  -DHAVE_LIBCAP  -DHAVE_SETNS -DHAVE_HANDLE_AT -DHAVE_LIBBPF  -DLIBBPF_VERSION=\"1.3.0\" -DLIBBPF_DYNAMIC -DHAVE_LIBBPF_SECTION_NAME  -DHAVE_ELF  -DHAVE_LIBMNL  -DHAVE_LIBCAP    -c -o ipmptcp.o ipmptcp.c
#21 8.617 gcc -Wall -Wstrict-prototypes  -Wmissing-prototypes -Wmissing-declarations -Wold-style-definition -Wformat=2 -O2 -pipe -I../include -I../include/uapi -DRESOLVE_HOSTNAMES -DLIBDIR=\"/usr/lib/x86_64-linux-gnu\" -DCONF_USR_DIR=\"/usr/share/iproute2\" -DCONF_ETC_DIR=\"/etc/iproute2\" -DNETNS_RUN_DIR=\"/var/run/netns\" -DNETNS_ETC_DIR=\"/etc/netns\" -DARPDDIR=\"/var/lib/arpd\" -DCONF_COLOR=COLOR_OPT_NEVER -D_GNU_SOURCE -D_FILE_OFFSET_BITS=64 -D_LARGEFILE_SOURCE -D_LARGEFILE64_SOURCE -DHAVE_SETNS -DHAVE_HANDLE_AT -DHAVE_LIBBPF  -DLIBBPF_VERSION=\"1.3.0\" -DLIBBPF_DYNAMIC -DHAVE_LIBBPF_SECTION_NAME  -DHAVE_ELF  -DHAVE_LIBMNL  -DHAVE_LIBCAP  -DHAVE_SETNS -DHAVE_HANDLE_AT -DHAVE_LIBBPF  -DLIBBPF_VERSION=\"1.3.0\" -DLIBBPF_DYNAMIC -DHAVE_LIBBPF_SECTION_NAME  -DHAVE_ELF  -DHAVE_LIBMNL  -DHAVE_LIBCAP    -c -o iplink_bareudp.o iplink_bareudp.c
#21 8.659 gcc -Wall -Wstrict-prototypes  -Wmissing-prototypes -Wmissing-declarations -Wold-style-definition -Wformat=2 -O2 -pipe -I../include -I../include/uapi -DRESOLVE_HOSTNAMES -DLIBDIR=\"/usr/lib/x86_64-linux-gnu\" -DCONF_USR_DIR=\"/usr/share/iproute2\" -DCONF_ETC_DIR=\"/etc/iproute2\" -DNETNS_RUN_DIR=\"/var/run/netns\" -DNETNS_ETC_DIR=\"/etc/netns\" -DARPDDIR=\"/var/lib/arpd\" -DCONF_COLOR=COLOR_OPT_NEVER -D_GNU_SOURCE -D_FILE_OFFSET_BITS=64 -D_LARGEFILE_SOURCE -D_LARGEFILE64_SOURCE -DHAVE_SETNS -DHAVE_HANDLE_AT -DHAVE_LIBBPF  -DLIBBPF_VERSION=\"1.3.0\" -DLIBBPF_DYNAMIC -DHAVE_LIBBPF_SECTION_NAME  -DHAVE_ELF  -DHAVE_LIBMNL  -DHAVE_LIBCAP  -DHAVE_SETNS -DHAVE_HANDLE_AT -DHAVE_LIBBPF  -DLIBBPF_VERSION=\"1.3.0\" -DLIBBPF_DYNAMIC -DHAVE_LIBBPF_SECTION_NAME  -DHAVE_ELF  -DHAVE_LIBMNL  -DHAVE_LIBCAP    -c -o iplink_wwan.o iplink_wwan.c
#21 8.692 gcc -Wall -Wstrict-prototypes  -Wmissing-prototypes -Wmissing-declarations -Wold-style-definition -Wformat=2 -O2 -pipe -I../include -I../include/uapi -DRESOLVE_HOSTNAMES -DLIBDIR=\"/usr/lib/x86_64-linux-gnu\" -DCONF_USR_DIR=\"/usr/share/iproute2\" -DCONF_ETC_DIR=\"/etc/iproute2\" -DNETNS_RUN_DIR=\"/var/run/netns\" -DNETNS_ETC_DIR=\"/etc/netns\" -DARPDDIR=\"/var/lib/arpd\" -DCONF_COLOR=COLOR_OPT_NEVER -D_GNU_SOURCE -D_FILE_OFFSET_BITS=64 -D_LARGEFILE_SOURCE -D_LARGEFILE64_SOURCE -DHAVE_SETNS -DHAVE_HANDLE_AT -DHAVE_LIBBPF  -DLIBBPF_VERSION=\"1.3.0\" -DLIBBPF_DYNAMIC -DHAVE_LIBBPF_SECTION_NAME  -DHAVE_ELF  -DHAVE_LIBMNL  -DHAVE_LIBCAP  -DHAVE_SETNS -DHAVE_HANDLE_AT -DHAVE_LIBBPF  -DLIBBPF_VERSION=\"1.3.0\" -DLIBBPF_DYNAMIC -DHAVE_LIBBPF_SECTION_NAME  -DHAVE_ELF  -DHAVE_LIBMNL  -DHAVE_LIBCAP    -c -o ipioam6.o ipioam6.c
#21 8.753 gcc -Wall -Wstrict-prototypes  -Wmissing-prototypes -Wmissing-declarations -Wold-style-definition -Wformat=2 -O2 -pipe -I../include -I../include/uapi -DRESOLVE_HOSTNAMES -DLIBDIR=\"/usr/lib/x86_64-linux-gnu\" -DCONF_USR_DIR=\"/usr/share/iproute2\" -DCONF_ETC_DIR=\"/etc/iproute2\" -DNETNS_RUN_DIR=\"/var/run/netns\" -DNETNS_ETC_DIR=\"/etc/netns\" -DARPDDIR=\"/var/lib/arpd\" -DCONF_COLOR=COLOR_OPT_NEVER -D_GNU_SOURCE -D_FILE_OFFSET_BITS=64 -D_LARGEFILE_SOURCE -D_LARGEFILE64_SOURCE -DHAVE_SETNS -DHAVE_HANDLE_AT -DHAVE_LIBBPF  -DLIBBPF_VERSION=\"1.3.0\" -DLIBBPF_DYNAMIC -DHAVE_LIBBPF_SECTION_NAME  -DHAVE_ELF  -DHAVE_LIBMNL  -DHAVE_LIBCAP  -DHAVE_SETNS -DHAVE_HANDLE_AT -DHAVE_LIBBPF  -DLIBBPF_VERSION=\"1.3.0\" -DLIBBPF_DYNAMIC -DHAVE_LIBBPF_SECTION_NAME  -DHAVE_ELF  -DHAVE_LIBMNL  -DHAVE_LIBCAP    -c -o iplink_amt.o iplink_amt.c
#21 8.803 gcc -Wall -Wstrict-prototypes  -Wmissing-prototypes -Wmissing-declarations -Wold-style-definition -Wformat=2 -O2 -pipe -I../include -I../include/uapi -DRESOLVE_HOSTNAMES -DLIBDIR=\"/usr/lib/x86_64-linux-gnu\" -DCONF_USR_DIR=\"/usr/share/iproute2\" -DCONF_ETC_DIR=\"/etc/iproute2\" -DNETNS_RUN_DIR=\"/var/run/netns\" -DNETNS_ETC_DIR=\"/etc/netns\" -DARPDDIR=\"/var/lib/arpd\" -DCONF_COLOR=COLOR_OPT_NEVER -D_GNU_SOURCE -D_FILE_OFFSET_BITS=64 -D_LARGEFILE_SOURCE -D_LARGEFILE64_SOURCE -DHAVE_SETNS -DHAVE_HANDLE_AT -DHAVE_LIBBPF  -DLIBBPF_VERSION=\"1.3.0\" -DLIBBPF_DYNAMIC -DHAVE_LIBBPF_SECTION_NAME  -DHAVE_ELF  -DHAVE_LIBMNL  -DHAVE_LIBCAP  -DHAVE_SETNS -DHAVE_HANDLE_AT -DHAVE_LIBBPF  -DLIBBPF_VERSION=\"1.3.0\" -DLIBBPF_DYNAMIC -DHAVE_LIBBPF_SECTION_NAME  -DHAVE_ELF  -DHAVE_LIBMNL  -DHAVE_LIBCAP    -c -o iplink_batadv.o iplink_batadv.c
#21 8.833 gcc -Wall -Wstrict-prototypes  -Wmissing-prototypes -Wmissing-declarations -Wold-style-definition -Wformat=2 -O2 -pipe -I../include -I../include/uapi -DRESOLVE_HOSTNAMES -DLIBDIR=\"/usr/lib/x86_64-linux-gnu\" -DCONF_USR_DIR=\"/usr/share/iproute2\" -DCONF_ETC_DIR=\"/etc/iproute2\" -DNETNS_RUN_DIR=\"/var/run/netns\" -DNETNS_ETC_DIR=\"/etc/netns\" -DARPDDIR=\"/var/lib/arpd\" -DCONF_COLOR=COLOR_OPT_NEVER -D_GNU_SOURCE -D_FILE_OFFSET_BITS=64 -D_LARGEFILE_SOURCE -D_LARGEFILE64_SOURCE -DHAVE_SETNS -DHAVE_HANDLE_AT -DHAVE_LIBBPF  -DLIBBPF_VERSION=\"1.3.0\" -DLIBBPF_DYNAMIC -DHAVE_LIBBPF_SECTION_NAME  -DHAVE_ELF  -DHAVE_LIBMNL  -DHAVE_LIBCAP  -DHAVE_SETNS -DHAVE_HANDLE_AT -DHAVE_LIBBPF  -DLIBBPF_VERSION=\"1.3.0\" -DLIBBPF_DYNAMIC -DHAVE_LIBBPF_SECTION_NAME  -DHAVE_ELF  -DHAVE_LIBMNL  -DHAVE_LIBCAP    -c -o iplink_gtp.o iplink_gtp.c
#21 8.872 gcc -Wall -Wstrict-prototypes  -Wmissing-prototypes -Wmissing-declarations -Wold-style-definition -Wformat=2 -O2 -pipe -I../include -I../include/uapi -DRESOLVE_HOSTNAMES -DLIBDIR=\"/usr/lib/x86_64-linux-gnu\" -DCONF_USR_DIR=\"/usr/share/iproute2\" -DCONF_ETC_DIR=\"/etc/iproute2\" -DNETNS_RUN_DIR=\"/var/run/netns\" -DNETNS_ETC_DIR=\"/etc/netns\" -DARPDDIR=\"/var/lib/arpd\" -DCONF_COLOR=COLOR_OPT_NEVER -D_GNU_SOURCE -D_FILE_OFFSET_BITS=64 -D_LARGEFILE_SOURCE -D_LARGEFILE64_SOURCE -DHAVE_SETNS -DHAVE_HANDLE_AT -DHAVE_LIBBPF  -DLIBBPF_VERSION=\"1.3.0\" -DLIBBPF_DYNAMIC -DHAVE_LIBBPF_SECTION_NAME  -DHAVE_ELF  -DHAVE_LIBMNL  -DHAVE_LIBCAP  -DHAVE_SETNS -DHAVE_HANDLE_AT -DHAVE_LIBBPF  -DLIBBPF_VERSION=\"1.3.0\" -DLIBBPF_DYNAMIC -DHAVE_LIBBPF_SECTION_NAME  -DHAVE_ELF  -DHAVE_LIBMNL  -DHAVE_LIBCAP    -c -o iplink_virt_wifi.o iplink_virt_wifi.c
#21 8.900 gcc -Wall -Wstrict-prototypes  -Wmissing-prototypes -Wmissing-declarations -Wold-style-definition -Wformat=2 -O2 -pipe -I../include -I../include/uapi -DRESOLVE_HOSTNAMES -DLIBDIR=\"/usr/lib/x86_64-linux-gnu\" -DCONF_USR_DIR=\"/usr/share/iproute2\" -DCONF_ETC_DIR=\"/etc/iproute2\" -DNETNS_RUN_DIR=\"/var/run/netns\" -DNETNS_ETC_DIR=\"/etc/netns\" -DARPDDIR=\"/var/lib/arpd\" -DCONF_COLOR=COLOR_OPT_NEVER -D_GNU_SOURCE -D_FILE_OFFSET_BITS=64 -D_LARGEFILE_SOURCE -D_LARGEFILE64_SOURCE -DHAVE_SETNS -DHAVE_HANDLE_AT -DHAVE_LIBBPF  -DLIBBPF_VERSION=\"1.3.0\" -DLIBBPF_DYNAMIC -DHAVE_LIBBPF_SECTION_NAME  -DHAVE_ELF  -DHAVE_LIBMNL  -DHAVE_LIBCAP  -DHAVE_SETNS -DHAVE_HANDLE_AT -DHAVE_LIBBPF  -DLIBBPF_VERSION=\"1.3.0\" -DLIBBPF_DYNAMIC -DHAVE_LIBBPF_SECTION_NAME  -DHAVE_ELF  -DHAVE_LIBMNL  -DHAVE_LIBCAP    -c -o iplink_netkit.o iplink_netkit.c
#21 8.944 gcc -Wall -Wstrict-prototypes  -Wmissing-prototypes -Wmissing-declarations -Wold-style-definition -Wformat=2 -O2 -pipe -I../include -I../include/uapi -DRESOLVE_HOSTNAMES -DLIBDIR=\"/usr/lib/x86_64-linux-gnu\" -DCONF_USR_DIR=\"/usr/share/iproute2\" -DCONF_ETC_DIR=\"/etc/iproute2\" -DNETNS_RUN_DIR=\"/var/run/netns\" -DNETNS_ETC_DIR=\"/etc/netns\" -DARPDDIR=\"/var/lib/arpd\" -DCONF_COLOR=COLOR_OPT_NEVER -D_GNU_SOURCE -D_FILE_OFFSET_BITS=64 -D_LARGEFILE_SOURCE -D_LARGEFILE64_SOURCE -DHAVE_SETNS -DHAVE_HANDLE_AT -DHAVE_LIBBPF  -DLIBBPF_VERSION=\"1.3.0\" -DLIBBPF_DYNAMIC -DHAVE_LIBBPF_SECTION_NAME  -DHAVE_ELF  -DHAVE_LIBMNL  -DHAVE_LIBCAP  -DHAVE_SETNS -DHAVE_HANDLE_AT -DHAVE_LIBBPF  -DLIBBPF_VERSION=\"1.3.0\" -DLIBBPF_DYNAMIC -DHAVE_LIBBPF_SECTION_NAME  -DHAVE_ELF  -DHAVE_LIBMNL  -DHAVE_LIBCAP    -c -o ipstats.o ipstats.c
#21 9.094 gcc ip.o ipaddress.o ipaddrlabel.o iproute.o iprule.o ipnetns.o rtm_map.o iptunnel.o ip6tunnel.o tunnel.o ipneigh.o ipntable.o iplink.o ipmaddr.o ipmonitor.o ipmroute.o ipprefix.o iptuntap.o iptoken.o ipxfrm.o xfrm_state.o xfrm_policy.o xfrm_monitor.o iplink_dummy.o iplink_ifb.o iplink_nlmon.o iplink_team.o iplink_vcan.o iplink_vxcan.o iplink_vlan.o link_veth.o link_gre.o iplink_can.o iplink_xdp.o iplink_macvlan.o ipl2tp.o link_vti.o link_vti6.o link_xfrm.o iplink_vxlan.o tcp_metrics.o iplink_ipoib.o ipnetconf.o link_ip6tnl.o link_iptnl.o link_gre6.o iplink_bond.o iplink_bond_slave.o iplink_hsr.o iplink_bridge.o iplink_bridge_slave.o iplink_dsa.o ipfou.o iplink_ipvlan.o iplink_geneve.o iplink_vrf.o iproute_lwtunnel.o ipmacsec.o ipila.o ipvrf.o iplink_xstats.o ipseg6.o iplink_netdevsim.o iplink_rmnet.o ipnexthop.o ipmptcp.o iplink_bareudp.o iplink_wwan.o ipioam6.o iplink_amt.o iplink_batadv.o iplink_gtp.o iplink_virt_wifi.o iplink_netkit.o ipstats.o ../lib/libutil.a ../lib/libnetlink.a -Wl,-export-dynamic -lbpf -lelf  -lmnl  -L/usr/lib64 -lcap  ../lib/libutil.a ../lib/libnetlink.a -lbpf -lelf  -lmnl  -L/usr/lib64 -lcap  -ldl -o ip
#21 9.125 gcc -Wall -Wstrict-prototypes  -Wmissing-prototypes -Wmissing-declarations -Wold-style-definition -Wformat=2 -O2 -pipe -I../include -I../include/uapi -DRESOLVE_HOSTNAMES -DLIBDIR=\"/usr/lib/x86_64-linux-gnu\" -DCONF_USR_DIR=\"/usr/share/iproute2\" -DCONF_ETC_DIR=\"/etc/iproute2\" -DNETNS_RUN_DIR=\"/var/run/netns\" -DNETNS_ETC_DIR=\"/etc/netns\" -DARPDDIR=\"/var/lib/arpd\" -DCONF_COLOR=COLOR_OPT_NEVER -D_GNU_SOURCE -D_FILE_OFFSET_BITS=64 -D_LARGEFILE_SOURCE -D_LARGEFILE64_SOURCE -DHAVE_SETNS -DHAVE_HANDLE_AT -DHAVE_LIBBPF  -DLIBBPF_VERSION=\"1.3.0\" -DLIBBPF_DYNAMIC -DHAVE_LIBBPF_SECTION_NAME  -DHAVE_ELF  -DHAVE_LIBMNL  -DHAVE_LIBCAP  -DHAVE_SETNS -DHAVE_HANDLE_AT -DHAVE_LIBBPF  -DLIBBPF_VERSION=\"1.3.0\" -DLIBBPF_DYNAMIC -DHAVE_LIBBPF_SECTION_NAME  -DHAVE_ELF  -DHAVE_LIBMNL  -DHAVE_LIBCAP    -c -o rtmon.o rtmon.c
#21 9.173 gcc rtmon.o -Wl,-export-dynamic -lbpf -lelf  -lmnl  -L/usr/lib64 -lcap  ../lib/libutil.a ../lib/libnetlink.a -lbpf -lelf  -lmnl  -L/usr/lib64 -lcap  -ldl -o rtmon
#21 9.188 make[1]: Leaving directory '/nipa-data/iproute2/ip'
#21 9.189 
#21 9.189 tc
#21 9.190 make[1]: Entering directory '/nipa-data/iproute2/tc'
#21 9.190 gcc -Wall -Wstrict-prototypes  -Wmissing-prototypes -Wmissing-declarations -Wold-style-definition -Wformat=2 -O2 -pipe -I../include -I../include/uapi -DRESOLVE_HOSTNAMES -DLIBDIR=\"/usr/lib/x86_64-linux-gnu\" -DCONF_USR_DIR=\"/usr/share/iproute2\" -DCONF_ETC_DIR=\"/etc/iproute2\" -DNETNS_RUN_DIR=\"/var/run/netns\" -DNETNS_ETC_DIR=\"/etc/netns\" -DARPDDIR=\"/var/lib/arpd\" -DCONF_COLOR=COLOR_OPT_NEVER -D_GNU_SOURCE -D_FILE_OFFSET_BITS=64 -D_LARGEFILE_SOURCE -D_LARGEFILE64_SOURCE -DHAVE_SETNS -DHAVE_HANDLE_AT -DHAVE_LIBBPF  -DLIBBPF_VERSION=\"1.3.0\" -DLIBBPF_DYNAMIC -DHAVE_LIBBPF_SECTION_NAME  -DHAVE_ELF  -DHAVE_LIBMNL  -DHAVE_LIBCAP  -DHAVE_SETNS -DHAVE_HANDLE_AT -DHAVE_LIBBPF  -DLIBBPF_VERSION=\"1.3.0\" -DLIBBPF_DYNAMIC -DHAVE_LIBBPF_SECTION_NAME  -DHAVE_ELF  -DHAVE_LIBMNL  -DHAVE_LIBCAP  -DCONFIG_GACT -DCONFIG_GACT_PROB -DYY_NO_INPUT   -c -o tc.o tc.c
#21 9.276 gcc -Wall -Wstrict-prototypes  -Wmissing-prototypes -Wmissing-declarations -Wold-style-definition -Wformat=2 -O2 -pipe -I../include -I../include/uapi -DRESOLVE_HOSTNAMES -DLIBDIR=\"/usr/lib/x86_64-linux-gnu\" -DCONF_USR_DIR=\"/usr/share/iproute2\" -DCONF_ETC_DIR=\"/etc/iproute2\" -DNETNS_RUN_DIR=\"/var/run/netns\" -DNETNS_ETC_DIR=\"/etc/netns\" -DARPDDIR=\"/var/lib/arpd\" -DCONF_COLOR=COLOR_OPT_NEVER -D_GNU_SOURCE -D_FILE_OFFSET_BITS=64 -D_LARGEFILE_SOURCE -D_LARGEFILE64_SOURCE -DHAVE_SETNS -DHAVE_HANDLE_AT -DHAVE_LIBBPF  -DLIBBPF_VERSION=\"1.3.0\" -DLIBBPF_DYNAMIC -DHAVE_LIBBPF_SECTION_NAME  -DHAVE_ELF  -DHAVE_LIBMNL  -DHAVE_LIBCAP  -DHAVE_SETNS -DHAVE_HANDLE_AT -DHAVE_LIBBPF  -DLIBBPF_VERSION=\"1.3.0\" -DLIBBPF_DYNAMIC -DHAVE_LIBBPF_SECTION_NAME  -DHAVE_ELF  -DHAVE_LIBMNL  -DHAVE_LIBCAP  -DCONFIG_GACT -DCONFIG_GACT_PROB -DYY_NO_INPUT   -c -o tc_qdisc.o tc_qdisc.c
#21 9.379 gcc -Wall -Wstrict-prototypes  -Wmissing-prototypes -Wmissing-declarations -Wold-style-definition -Wformat=2 -O2 -pipe -I../include -I../include/uapi -DRESOLVE_HOSTNAMES -DLIBDIR=\"/usr/lib/x86_64-linux-gnu\" -DCONF_USR_DIR=\"/usr/share/iproute2\" -DCONF_ETC_DIR=\"/etc/iproute2\" -DNETNS_RUN_DIR=\"/var/run/netns\" -DNETNS_ETC_DIR=\"/etc/netns\" -DARPDDIR=\"/var/lib/arpd\" -DCONF_COLOR=COLOR_OPT_NEVER -D_GNU_SOURCE -D_FILE_OFFSET_BITS=64 -D_LARGEFILE_SOURCE -D_LARGEFILE64_SOURCE -DHAVE_SETNS -DHAVE_HANDLE_AT -DHAVE_LIBBPF  -DLIBBPF_VERSION=\"1.3.0\" -DLIBBPF_DYNAMIC -DHAVE_LIBBPF_SECTION_NAME  -DHAVE_ELF  -DHAVE_LIBMNL  -DHAVE_LIBCAP  -DHAVE_SETNS -DHAVE_HANDLE_AT -DHAVE_LIBBPF  -DLIBBPF_VERSION=\"1.3.0\" -DLIBBPF_DYNAMIC -DHAVE_LIBBPF_SECTION_NAME  -DHAVE_ELF  -DHAVE_LIBMNL  -DHAVE_LIBCAP  -DCONFIG_GACT -DCONFIG_GACT_PROB -DYY_NO_INPUT   -c -o tc_class.o tc_class.c
#21 9.480 gcc -Wall -Wstrict-prototypes  -Wmissing-prototypes -Wmissing-declarations -Wold-style-definition -Wformat=2 -O2 -pipe -I../include -I../include/uapi -DRESOLVE_HOSTNAMES -DLIBDIR=\"/usr/lib/x86_64-linux-gnu\" -DCONF_USR_DIR=\"/usr/share/iproute2\" -DCONF_ETC_DIR=\"/etc/iproute2\" -DNETNS_RUN_DIR=\"/var/run/netns\" -DNETNS_ETC_DIR=\"/etc/netns\" -DARPDDIR=\"/var/lib/arpd\" -DCONF_COLOR=COLOR_OPT_NEVER -D_GNU_SOURCE -D_FILE_OFFSET_BITS=64 -D_LARGEFILE_SOURCE -D_LARGEFILE64_SOURCE -DHAVE_SETNS -DHAVE_HANDLE_AT -DHAVE_LIBBPF  -DLIBBPF_VERSION=\"1.3.0\" -DLIBBPF_DYNAMIC -DHAVE_LIBBPF_SECTION_NAME  -DHAVE_ELF  -DHAVE_LIBMNL  -DHAVE_LIBCAP  -DHAVE_SETNS -DHAVE_HANDLE_AT -DHAVE_LIBBPF  -DLIBBPF_VERSION=\"1.3.0\" -DLIBBPF_DYNAMIC -DHAVE_LIBBPF_SECTION_NAME  -DHAVE_ELF  -DHAVE_LIBMNL  -DHAVE_LIBCAP  -DCONFIG_GACT -DCONFIG_GACT_PROB -DYY_NO_INPUT   -c -o tc_filter.o tc_filter.c
#21 9.603 gcc -Wall -Wstrict-prototypes  -Wmissing-prototypes -Wmissing-declarations -Wold-style-definition -Wformat=2 -O2 -pipe -I../include -I../include/uapi -DRESOLVE_HOSTNAMES -DLIBDIR=\"/usr/lib/x86_64-linux-gnu\" -DCONF_USR_DIR=\"/usr/share/iproute2\" -DCONF_ETC_DIR=\"/etc/iproute2\" -DNETNS_RUN_DIR=\"/var/run/netns\" -DNETNS_ETC_DIR=\"/etc/netns\" -DARPDDIR=\"/var/lib/arpd\" -DCONF_COLOR=COLOR_OPT_NEVER -D_GNU_SOURCE -D_FILE_OFFSET_BITS=64 -D_LARGEFILE_SOURCE -D_LARGEFILE64_SOURCE -DHAVE_SETNS -DHAVE_HANDLE_AT -DHAVE_LIBBPF  -DLIBBPF_VERSION=\"1.3.0\" -DLIBBPF_DYNAMIC -DHAVE_LIBBPF_SECTION_NAME  -DHAVE_ELF  -DHAVE_LIBMNL  -DHAVE_LIBCAP  -DHAVE_SETNS -DHAVE_HANDLE_AT -DHAVE_LIBBPF  -DLIBBPF_VERSION=\"1.3.0\" -DLIBBPF_DYNAMIC -DHAVE_LIBBPF_SECTION_NAME  -DHAVE_ELF  -DHAVE_LIBMNL  -DHAVE_LIBCAP  -DCONFIG_GACT -DCONFIG_GACT_PROB -DYY_NO_INPUT   -c -o tc_util.o tc_util.c
#21 9.752 gcc -Wall -Wstrict-prototypes  -Wmissing-prototypes -Wmissing-declarations -Wold-style-definition -Wformat=2 -O2 -pipe -I../include -I../include/uapi -DRESOLVE_HOSTNAMES -DLIBDIR=\"/usr/lib/x86_64-linux-gnu\" -DCONF_USR_DIR=\"/usr/share/iproute2\" -DCONF_ETC_DIR=\"/etc/iproute2\" -DNETNS_RUN_DIR=\"/var/run/netns\" -DNETNS_ETC_DIR=\"/etc/netns\" -DARPDDIR=\"/var/lib/arpd\" -DCONF_COLOR=COLOR_OPT_NEVER -D_GNU_SOURCE -D_FILE_OFFSET_BITS=64 -D_LARGEFILE_SOURCE -D_LARGEFILE64_SOURCE -DHAVE_SETNS -DHAVE_HANDLE_AT -DHAVE_LIBBPF  -DLIBBPF_VERSION=\"1.3.0\" -DLIBBPF_DYNAMIC -DHAVE_LIBBPF_SECTION_NAME  -DHAVE_ELF  -DHAVE_LIBMNL  -DHAVE_LIBCAP  -DHAVE_SETNS -DHAVE_HANDLE_AT -DHAVE_LIBBPF  -DLIBBPF_VERSION=\"1.3.0\" -DLIBBPF_DYNAMIC -DHAVE_LIBBPF_SECTION_NAME  -DHAVE_ELF  -DHAVE_LIBMNL  -DHAVE_LIBCAP  -DCONFIG_GACT -DCONFIG_GACT_PROB -DYY_NO_INPUT   -c -o tc_monitor.o tc_monitor.c
#21 9.789 gcc -Wall -Wstrict-prototypes  -Wmissing-prototypes -Wmissing-declarations -Wold-style-definition -Wformat=2 -O2 -pipe -I../include -I../include/uapi -DRESOLVE_HOSTNAMES -DLIBDIR=\"/usr/lib/x86_64-linux-gnu\" -DCONF_USR_DIR=\"/usr/share/iproute2\" -DCONF_ETC_DIR=\"/etc/iproute2\" -DNETNS_RUN_DIR=\"/var/run/netns\" -DNETNS_ETC_DIR=\"/etc/netns\" -DARPDDIR=\"/var/lib/arpd\" -DCONF_COLOR=COLOR_OPT_NEVER -D_GNU_SOURCE -D_FILE_OFFSET_BITS=64 -D_LARGEFILE_SOURCE -D_LARGEFILE64_SOURCE -DHAVE_SETNS -DHAVE_HANDLE_AT -DHAVE_LIBBPF  -DLIBBPF_VERSION=\"1.3.0\" -DLIBBPF_DYNAMIC -DHAVE_LIBBPF_SECTION_NAME  -DHAVE_ELF  -DHAVE_LIBMNL  -DHAVE_LIBCAP  -DHAVE_SETNS -DHAVE_HANDLE_AT -DHAVE_LIBBPF  -DLIBBPF_VERSION=\"1.3.0\" -DLIBBPF_DYNAMIC -DHAVE_LIBBPF_SECTION_NAME  -DHAVE_ELF  -DHAVE_LIBMNL  -DHAVE_LIBCAP  -DCONFIG_GACT -DCONFIG_GACT_PROB -DYY_NO_INPUT   -c -o tc_exec.o tc_exec.c
#21 9.827 gcc -Wall -Wstrict-prototypes  -Wmissing-prototypes -Wmissing-declarations -Wold-style-definition -Wformat=2 -O2 -pipe -I../include -I../include/uapi -DRESOLVE_HOSTNAMES -DLIBDIR=\"/usr/lib/x86_64-linux-gnu\" -DCONF_USR_DIR=\"/usr/share/iproute2\" -DCONF_ETC_DIR=\"/etc/iproute2\" -DNETNS_RUN_DIR=\"/var/run/netns\" -DNETNS_ETC_DIR=\"/etc/netns\" -DARPDDIR=\"/var/lib/arpd\" -DCONF_COLOR=COLOR_OPT_NEVER -D_GNU_SOURCE -D_FILE_OFFSET_BITS=64 -D_LARGEFILE_SOURCE -D_LARGEFILE64_SOURCE -DHAVE_SETNS -DHAVE_HANDLE_AT -DHAVE_LIBBPF  -DLIBBPF_VERSION=\"1.3.0\" -DLIBBPF_DYNAMIC -DHAVE_LIBBPF_SECTION_NAME  -DHAVE_ELF  -DHAVE_LIBMNL  -DHAVE_LIBCAP  -DHAVE_SETNS -DHAVE_HANDLE_AT -DHAVE_LIBBPF  -DLIBBPF_VERSION=\"1.3.0\" -DLIBBPF_DYNAMIC -DHAVE_LIBBPF_SECTION_NAME  -DHAVE_ELF  -DHAVE_LIBMNL  -DHAVE_LIBCAP  -DCONFIG_GACT -DCONFIG_GACT_PROB -DYY_NO_INPUT   -c -o m_police.o m_police.c
#21 9.898 gcc -Wall -Wstrict-prototypes  -Wmissing-prototypes -Wmissing-declarations -Wold-style-definition -Wformat=2 -O2 -pipe -I../include -I../include/uapi -DRESOLVE_HOSTNAMES -DLIBDIR=\"/usr/lib/x86_64-linux-gnu\" -DCONF_USR_DIR=\"/usr/share/iproute2\" -DCONF_ETC_DIR=\"/etc/iproute2\" -DNETNS_RUN_DIR=\"/var/run/netns\" -DNETNS_ETC_DIR=\"/etc/netns\" -DARPDDIR=\"/var/lib/arpd\" -DCONF_COLOR=COLOR_OPT_NEVER -D_GNU_SOURCE -D_FILE_OFFSET_BITS=64 -D_LARGEFILE_SOURCE -D_LARGEFILE64_SOURCE -DHAVE_SETNS -DHAVE_HANDLE_AT -DHAVE_LIBBPF  -DLIBBPF_VERSION=\"1.3.0\" -DLIBBPF_DYNAMIC -DHAVE_LIBBPF_SECTION_NAME  -DHAVE_ELF  -DHAVE_LIBMNL  -DHAVE_LIBCAP  -DHAVE_SETNS -DHAVE_HANDLE_AT -DHAVE_LIBBPF  -DLIBBPF_VERSION=\"1.3.0\" -DLIBBPF_DYNAMIC -DHAVE_LIBBPF_SECTION_NAME  -DHAVE_ELF  -DHAVE_LIBMNL  -DHAVE_LIBCAP  -DCONFIG_GACT -DCONFIG_GACT_PROB -DYY_NO_INPUT   -c -o m_estimator.o m_estimator.c
#21 9.939 gcc -Wall -Wstrict-prototypes  -Wmissing-prototypes -Wmissing-declarations -Wold-style-definition -Wformat=2 -O2 -pipe -I../include -I../include/uapi -DRESOLVE_HOSTNAMES -DLIBDIR=\"/usr/lib/x86_64-linux-gnu\" -DCONF_USR_DIR=\"/usr/share/iproute2\" -DCONF_ETC_DIR=\"/etc/iproute2\" -DNETNS_RUN_DIR=\"/var/run/netns\" -DNETNS_ETC_DIR=\"/etc/netns\" -DARPDDIR=\"/var/lib/arpd\" -DCONF_COLOR=COLOR_OPT_NEVER -D_GNU_SOURCE -D_FILE_OFFSET_BITS=64 -D_LARGEFILE_SOURCE -D_LARGEFILE64_SOURCE -DHAVE_SETNS -DHAVE_HANDLE_AT -DHAVE_LIBBPF  -DLIBBPF_VERSION=\"1.3.0\" -DLIBBPF_DYNAMIC -DHAVE_LIBBPF_SECTION_NAME  -DHAVE_ELF  -DHAVE_LIBMNL  -DHAVE_LIBCAP  -DHAVE_SETNS -DHAVE_HANDLE_AT -DHAVE_LIBBPF  -DLIBBPF_VERSION=\"1.3.0\" -DLIBBPF_DYNAMIC -DHAVE_LIBBPF_SECTION_NAME  -DHAVE_ELF  -DHAVE_LIBMNL  -DHAVE_LIBCAP  -DCONFIG_GACT -DCONFIG_GACT_PROB -DYY_NO_INPUT   -c -o m_action.o m_action.c
#21 10.06 gcc -Wall -Wstrict-prototypes  -Wmissing-prototypes -Wmissing-declarations -Wold-style-definition -Wformat=2 -O2 -pipe -I../include -I../include/uapi -DRESOLVE_HOSTNAMES -DLIBDIR=\"/usr/lib/x86_64-linux-gnu\" -DCONF_USR_DIR=\"/usr/share/iproute2\" -DCONF_ETC_DIR=\"/etc/iproute2\" -DNETNS_RUN_DIR=\"/var/run/netns\" -DNETNS_ETC_DIR=\"/etc/netns\" -DARPDDIR=\"/var/lib/arpd\" -DCONF_COLOR=COLOR_OPT_NEVER -D_GNU_SOURCE -D_FILE_OFFSET_BITS=64 -D_LARGEFILE_SOURCE -D_LARGEFILE64_SOURCE -DHAVE_SETNS -DHAVE_HANDLE_AT -DHAVE_LIBBPF  -DLIBBPF_VERSION=\"1.3.0\" -DLIBBPF_DYNAMIC -DHAVE_LIBBPF_SECTION_NAME  -DHAVE_ELF  -DHAVE_LIBMNL  -DHAVE_LIBCAP  -DHAVE_SETNS -DHAVE_HANDLE_AT -DHAVE_LIBBPF  -DLIBBPF_VERSION=\"1.3.0\" -DLIBBPF_DYNAMIC -DHAVE_LIBBPF_SECTION_NAME  -DHAVE_ELF  -DHAVE_LIBMNL  -DHAVE_LIBCAP  -DCONFIG_GACT -DCONFIG_GACT_PROB -DYY_NO_INPUT   -c -o m_ematch.o m_ematch.c
#21 10.15 bison -d -t -v -p ematch_ -b emp_ematch emp_ematch.y
#21 10.16 gcc -Wall -Wstrict-prototypes  -Wmissing-prototypes -Wmissing-declarations -Wold-style-definition -Wformat=2 -O2 -pipe -I../include -I../include/uapi -DRESOLVE_HOSTNAMES -DLIBDIR=\"/usr/lib/x86_64-linux-gnu\" -DCONF_USR_DIR=\"/usr/share/iproute2\" -DCONF_ETC_DIR=\"/etc/iproute2\" -DNETNS_RUN_DIR=\"/var/run/netns\" -DNETNS_ETC_DIR=\"/etc/netns\" -DARPDDIR=\"/var/lib/arpd\" -DCONF_COLOR=COLOR_OPT_NEVER -D_GNU_SOURCE -D_FILE_OFFSET_BITS=64 -D_LARGEFILE_SOURCE -D_LARGEFILE64_SOURCE -DHAVE_SETNS -DHAVE_HANDLE_AT -DHAVE_LIBBPF  -DLIBBPF_VERSION=\"1.3.0\" -DLIBBPF_DYNAMIC -DHAVE_LIBBPF_SECTION_NAME  -DHAVE_ELF  -DHAVE_LIBMNL  -DHAVE_LIBCAP  -DHAVE_SETNS -DHAVE_HANDLE_AT -DHAVE_LIBBPF  -DLIBBPF_VERSION=\"1.3.0\" -DLIBBPF_DYNAMIC -DHAVE_LIBBPF_SECTION_NAME  -DHAVE_ELF  -DHAVE_LIBMNL  -DHAVE_LIBCAP  -DCONFIG_GACT -DCONFIG_GACT_PROB -DYY_NO_INPUT   -c -o emp_ematch.tab.o emp_ematch.tab.c
#21 10.25 flex  -oemp_ematch.lex.c emp_ematch.l
#21 10.25 gcc -Wall -Wstrict-prototypes  -Wmissing-prototypes -Wmissing-declarations -Wold-style-definition -Wformat=2 -O2 -pipe -I../include -I../include/uapi -DRESOLVE_HOSTNAMES -DLIBDIR=\"/usr/lib/x86_64-linux-gnu\" -DCONF_USR_DIR=\"/usr/share/iproute2\" -DCONF_ETC_DIR=\"/etc/iproute2\" -DNETNS_RUN_DIR=\"/var/run/netns\" -DNETNS_ETC_DIR=\"/etc/netns\" -DARPDDIR=\"/var/lib/arpd\" -DCONF_COLOR=COLOR_OPT_NEVER -D_GNU_SOURCE -D_FILE_OFFSET_BITS=64 -D_LARGEFILE_SOURCE -D_LARGEFILE64_SOURCE -DHAVE_SETNS -DHAVE_HANDLE_AT -DHAVE_LIBBPF  -DLIBBPF_VERSION=\"1.3.0\" -DLIBBPF_DYNAMIC -DHAVE_LIBBPF_SECTION_NAME  -DHAVE_ELF  -DHAVE_LIBMNL  -DHAVE_LIBCAP  -DHAVE_SETNS -DHAVE_HANDLE_AT -DHAVE_LIBBPF  -DLIBBPF_VERSION=\"1.3.0\" -DLIBBPF_DYNAMIC -DHAVE_LIBBPF_SECTION_NAME  -DHAVE_ELF  -DHAVE_LIBMNL  -DHAVE_LIBCAP  -DCONFIG_GACT -DCONFIG_GACT_PROB -DYY_NO_INPUT   -c -o emp_ematch.lex.o emp_ematch.lex.c
#21 10.37 gcc -Wall -Wstrict-prototypes  -Wmissing-prototypes -Wmissing-declarations -Wold-style-definition -Wformat=2 -O2 -pipe -I../include -I../include/uapi -DRESOLVE_HOSTNAMES -DLIBDIR=\"/usr/lib/x86_64-linux-gnu\" -DCONF_USR_DIR=\"/usr/share/iproute2\" -DCONF_ETC_DIR=\"/etc/iproute2\" -DNETNS_RUN_DIR=\"/var/run/netns\" -DNETNS_ETC_DIR=\"/etc/netns\" -DARPDDIR=\"/var/lib/arpd\" -DCONF_COLOR=COLOR_OPT_NEVER -D_GNU_SOURCE -D_FILE_OFFSET_BITS=64 -D_LARGEFILE_SOURCE -D_LARGEFILE64_SOURCE -DHAVE_SETNS -DHAVE_HANDLE_AT -DHAVE_LIBBPF  -DLIBBPF_VERSION=\"1.3.0\" -DLIBBPF_DYNAMIC -DHAVE_LIBBPF_SECTION_NAME  -DHAVE_ELF  -DHAVE_LIBMNL  -DHAVE_LIBCAP  -DHAVE_SETNS -DHAVE_HANDLE_AT -DHAVE_LIBBPF  -DLIBBPF_VERSION=\"1.3.0\" -DLIBBPF_DYNAMIC -DHAVE_LIBBPF_SECTION_NAME  -DHAVE_ELF  -DHAVE_LIBMNL  -DHAVE_LIBCAP  -DCONFIG_GACT -DCONFIG_GACT_PROB -DYY_NO_INPUT   -c -o q_fifo.o q_fifo.c
#21 10.41 gcc -Wall -Wstrict-prototypes  -Wmissing-prototypes -Wmissing-declarations -Wold-style-definition -Wformat=2 -O2 -pipe -I../include -I../include/uapi -DRESOLVE_HOSTNAMES -DLIBDIR=\"/usr/lib/x86_64-linux-gnu\" -DCONF_USR_DIR=\"/usr/share/iproute2\" -DCONF_ETC_DIR=\"/etc/iproute2\" -DNETNS_RUN_DIR=\"/var/run/netns\" -DNETNS_ETC_DIR=\"/etc/netns\" -DARPDDIR=\"/var/lib/arpd\" -DCONF_COLOR=COLOR_OPT_NEVER -D_GNU_SOURCE -D_FILE_OFFSET_BITS=64 -D_LARGEFILE_SOURCE -D_LARGEFILE64_SOURCE -DHAVE_SETNS -DHAVE_HANDLE_AT -DHAVE_LIBBPF  -DLIBBPF_VERSION=\"1.3.0\" -DLIBBPF_DYNAMIC -DHAVE_LIBBPF_SECTION_NAME  -DHAVE_ELF  -DHAVE_LIBMNL  -DHAVE_LIBCAP  -DHAVE_SETNS -DHAVE_HANDLE_AT -DHAVE_LIBBPF  -DLIBBPF_VERSION=\"1.3.0\" -DLIBBPF_DYNAMIC -DHAVE_LIBBPF_SECTION_NAME  -DHAVE_ELF  -DHAVE_LIBMNL  -DHAVE_LIBCAP  -DCONFIG_GACT -DCONFIG_GACT_PROB -DYY_NO_INPUT   -c -o q_dualpi2.o q_dualpi2.c
#21 10.50 gcc -Wall -Wstrict-prototypes  -Wmissing-prototypes -Wmissing-declarations -Wold-style-definition -Wformat=2 -O2 -pipe -I../include -I../include/uapi -DRESOLVE_HOSTNAMES -DLIBDIR=\"/usr/lib/x86_64-linux-gnu\" -DCONF_USR_DIR=\"/usr/share/iproute2\" -DCONF_ETC_DIR=\"/etc/iproute2\" -DNETNS_RUN_DIR=\"/var/run/netns\" -DNETNS_ETC_DIR=\"/etc/netns\" -DARPDDIR=\"/var/lib/arpd\" -DCONF_COLOR=COLOR_OPT_NEVER -D_GNU_SOURCE -D_FILE_OFFSET_BITS=64 -D_LARGEFILE_SOURCE -D_LARGEFILE64_SOURCE -DHAVE_SETNS -DHAVE_HANDLE_AT -DHAVE_LIBBPF  -DLIBBPF_VERSION=\"1.3.0\" -DLIBBPF_DYNAMIC -DHAVE_LIBBPF_SECTION_NAME  -DHAVE_ELF  -DHAVE_LIBMNL  -DHAVE_LIBCAP  -DHAVE_SETNS -DHAVE_HANDLE_AT -DHAVE_LIBBPF  -DLIBBPF_VERSION=\"1.3.0\" -DLIBBPF_DYNAMIC -DHAVE_LIBBPF_SECTION_NAME  -DHAVE_ELF  -DHAVE_LIBMNL  -DHAVE_LIBCAP  -DCONFIG_GACT -DCONFIG_GACT_PROB -DYY_NO_INPUT   -c -o q_sfq.o q_sfq.c
#21 10.57 gcc -Wall -Wstrict-prototypes  -Wmissing-prototypes -Wmissing-declarations -Wold-style-definition -Wformat=2 -O2 -pipe -I../include -I../include/uapi -DRESOLVE_HOSTNAMES -DLIBDIR=\"/usr/lib/x86_64-linux-gnu\" -DCONF_USR_DIR=\"/usr/share/iproute2\" -DCONF_ETC_DIR=\"/etc/iproute2\" -DNETNS_RUN_DIR=\"/var/run/netns\" -DNETNS_ETC_DIR=\"/etc/netns\" -DARPDDIR=\"/var/lib/arpd\" -DCONF_COLOR=COLOR_OPT_NEVER -D_GNU_SOURCE -D_FILE_OFFSET_BITS=64 -D_LARGEFILE_SOURCE -D_LARGEFILE64_SOURCE -DHAVE_SETNS -DHAVE_HANDLE_AT -DHAVE_LIBBPF  -DLIBBPF_VERSION=\"1.3.0\" -DLIBBPF_DYNAMIC -DHAVE_LIBBPF_SECTION_NAME  -DHAVE_ELF  -DHAVE_LIBMNL  -DHAVE_LIBCAP  -DHAVE_SETNS -DHAVE_HANDLE_AT -DHAVE_LIBBPF  -DLIBBPF_VERSION=\"1.3.0\" -DLIBBPF_DYNAMIC -DHAVE_LIBBPF_SECTION_NAME  -DHAVE_ELF  -DHAVE_LIBMNL  -DHAVE_LIBCAP  -DCONFIG_GACT -DCONFIG_GACT_PROB -DYY_NO_INPUT   -c -o q_red.o q_red.c
#21 10.65 gcc -Wall -Wstrict-prototypes  -Wmissing-prototypes -Wmissing-declarations -Wold-style-definition -Wformat=2 -O2 -pipe -I../include -I../include/uapi -DRESOLVE_HOSTNAMES -DLIBDIR=\"/usr/lib/x86_64-linux-gnu\" -DCONF_USR_DIR=\"/usr/share/iproute2\" -DCONF_ETC_DIR=\"/etc/iproute2\" -DNETNS_RUN_DIR=\"/var/run/netns\" -DNETNS_ETC_DIR=\"/etc/netns\" -DARPDDIR=\"/var/lib/arpd\" -DCONF_COLOR=COLOR_OPT_NEVER -D_GNU_SOURCE -D_FILE_OFFSET_BITS=64 -D_LARGEFILE_SOURCE -D_LARGEFILE64_SOURCE -DHAVE_SETNS -DHAVE_HANDLE_AT -DHAVE_LIBBPF  -DLIBBPF_VERSION=\"1.3.0\" -DLIBBPF_DYNAMIC -DHAVE_LIBBPF_SECTION_NAME  -DHAVE_ELF  -DHAVE_LIBMNL  -DHAVE_LIBCAP  -DHAVE_SETNS -DHAVE_HANDLE_AT -DHAVE_LIBBPF  -DLIBBPF_VERSION=\"1.3.0\" -DLIBBPF_DYNAMIC -DHAVE_LIBBPF_SECTION_NAME  -DHAVE_ELF  -DHAVE_LIBMNL  -DHAVE_LIBCAP  -DCONFIG_GACT -DCONFIG_GACT_PROB -DYY_NO_INPUT   -c -o q_prio.o q_prio.c
#21 10.69 gcc -Wall -Wstrict-prototypes  -Wmissing-prototypes -Wmissing-declarations -Wold-style-definition -Wformat=2 -O2 -pipe -I../include -I../include/uapi -DRESOLVE_HOSTNAMES -DLIBDIR=\"/usr/lib/x86_64-linux-gnu\" -DCONF_USR_DIR=\"/usr/share/iproute2\" -DCONF_ETC_DIR=\"/etc/iproute2\" -DNETNS_RUN_DIR=\"/var/run/netns\" -DNETNS_ETC_DIR=\"/etc/netns\" -DARPDDIR=\"/var/lib/arpd\" -DCONF_COLOR=COLOR_OPT_NEVER -D_GNU_SOURCE -D_FILE_OFFSET_BITS=64 -D_LARGEFILE_SOURCE -D_LARGEFILE64_SOURCE -DHAVE_SETNS -DHAVE_HANDLE_AT -DHAVE_LIBBPF  -DLIBBPF_VERSION=\"1.3.0\" -DLIBBPF_DYNAMIC -DHAVE_LIBBPF_SECTION_NAME  -DHAVE_ELF  -DHAVE_LIBMNL  -DHAVE_LIBCAP  -DHAVE_SETNS -DHAVE_HANDLE_AT -DHAVE_LIBBPF  -DLIBBPF_VERSION=\"1.3.0\" -DLIBBPF_DYNAMIC -DHAVE_LIBBPF_SECTION_NAME  -DHAVE_ELF  -DHAVE_LIBMNL  -DHAVE_LIBCAP  -DCONFIG_GACT -DCONFIG_GACT_PROB -DYY_NO_INPUT   -c -o q_skbprio.o q_skbprio.c
#21 10.74 gcc -Wall -Wstrict-prototypes  -Wmissing-prototypes -Wmissing-declarations -Wold-style-definition -Wformat=2 -O2 -pipe -I../include -I../include/uapi -DRESOLVE_HOSTNAMES -DLIBDIR=\"/usr/lib/x86_64-linux-gnu\" -DCONF_USR_DIR=\"/usr/share/iproute2\" -DCONF_ETC_DIR=\"/etc/iproute2\" -DNETNS_RUN_DIR=\"/var/run/netns\" -DNETNS_ETC_DIR=\"/etc/netns\" -DARPDDIR=\"/var/lib/arpd\" -DCONF_COLOR=COLOR_OPT_NEVER -D_GNU_SOURCE -D_FILE_OFFSET_BITS=64 -D_LARGEFILE_SOURCE -D_LARGEFILE64_SOURCE -DHAVE_SETNS -DHAVE_HANDLE_AT -DHAVE_LIBBPF  -DLIBBPF_VERSION=\"1.3.0\" -DLIBBPF_DYNAMIC -DHAVE_LIBBPF_SECTION_NAME  -DHAVE_ELF  -DHAVE_LIBMNL  -DHAVE_LIBCAP  -DHAVE_SETNS -DHAVE_HANDLE_AT -DHAVE_LIBBPF  -DLIBBPF_VERSION=\"1.3.0\" -DLIBBPF_DYNAMIC -DHAVE_LIBBPF_SECTION_NAME  -DHAVE_ELF  -DHAVE_LIBMNL  -DHAVE_LIBCAP  -DCONFIG_GACT -DCONFIG_GACT_PROB -DYY_NO_INPUT   -c -o q_tbf.o q_tbf.c
#21 10.81 gcc -Wall -Wstrict-prototypes  -Wmissing-prototypes -Wmissing-declarations -Wold-style-definition -Wformat=2 -O2 -pipe -I../include -I../include/uapi -DRESOLVE_HOSTNAMES -DLIBDIR=\"/usr/lib/x86_64-linux-gnu\" -DCONF_USR_DIR=\"/usr/share/iproute2\" -DCONF_ETC_DIR=\"/etc/iproute2\" -DNETNS_RUN_DIR=\"/var/run/netns\" -DNETNS_ETC_DIR=\"/etc/netns\" -DARPDDIR=\"/var/lib/arpd\" -DCONF_COLOR=COLOR_OPT_NEVER -D_GNU_SOURCE -D_FILE_OFFSET_BITS=64 -D_LARGEFILE_SOURCE -D_LARGEFILE64_SOURCE -DHAVE_SETNS -DHAVE_HANDLE_AT -DHAVE_LIBBPF  -DLIBBPF_VERSION=\"1.3.0\" -DLIBBPF_DYNAMIC -DHAVE_LIBBPF_SECTION_NAME  -DHAVE_ELF  -DHAVE_LIBMNL  -DHAVE_LIBCAP  -DHAVE_SETNS -DHAVE_HANDLE_AT -DHAVE_LIBBPF  -DLIBBPF_VERSION=\"1.3.0\" -DLIBBPF_DYNAMIC -DHAVE_LIBBPF_SECTION_NAME  -DHAVE_ELF  -DHAVE_LIBMNL  -DHAVE_LIBCAP  -DCONFIG_GACT -DCONFIG_GACT_PROB -DYY_NO_INPUT   -c -o q_multiq.o q_multiq.c
#21 10.85 gcc -Wall -Wstrict-prototypes  -Wmissing-prototypes -Wmissing-declarations -Wold-style-definition -Wformat=2 -O2 -pipe -I../include -I../include/uapi -DRESOLVE_HOSTNAMES -DLIBDIR=\"/usr/lib/x86_64-linux-gnu\" -DCONF_USR_DIR=\"/usr/share/iproute2\" -DCONF_ETC_DIR=\"/etc/iproute2\" -DNETNS_RUN_DIR=\"/var/run/netns\" -DNETNS_ETC_DIR=\"/etc/netns\" -DARPDDIR=\"/var/lib/arpd\" -DCONF_COLOR=COLOR_OPT_NEVER -D_GNU_SOURCE -D_FILE_OFFSET_BITS=64 -D_LARGEFILE_SOURCE -D_LARGEFILE64_SOURCE -DHAVE_SETNS -DHAVE_HANDLE_AT -DHAVE_LIBBPF  -DLIBBPF_VERSION=\"1.3.0\" -DLIBBPF_DYNAMIC -DHAVE_LIBBPF_SECTION_NAME  -DHAVE_ELF  -DHAVE_LIBMNL  -DHAVE_LIBCAP  -DHAVE_SETNS -DHAVE_HANDLE_AT -DHAVE_LIBBPF  -DLIBBPF_VERSION=\"1.3.0\" -DLIBBPF_DYNAMIC -DHAVE_LIBBPF_SECTION_NAME  -DHAVE_ELF  -DHAVE_LIBMNL  -DHAVE_LIBCAP  -DCONFIG_GACT -DCONFIG_GACT_PROB -DYY_NO_INPUT   -c -o q_netem.o q_netem.c
#21 11.02 gcc -Wall -Wstrict-prototypes  -Wmissing-prototypes -Wmissing-declarations -Wold-style-definition -Wformat=2 -O2 -pipe -I../include -I../include/uapi -DRESOLVE_HOSTNAMES -DLIBDIR=\"/usr/lib/x86_64-linux-gnu\" -DCONF_USR_DIR=\"/usr/share/iproute2\" -DCONF_ETC_DIR=\"/etc/iproute2\" -DNETNS_RUN_DIR=\"/var/run/netns\" -DNETNS_ETC_DIR=\"/etc/netns\" -DARPDDIR=\"/var/lib/arpd\" -DCONF_COLOR=COLOR_OPT_NEVER -D_GNU_SOURCE -D_FILE_OFFSET_BITS=64 -D_LARGEFILE_SOURCE -D_LARGEFILE64_SOURCE -DHAVE_SETNS -DHAVE_HANDLE_AT -DHAVE_LIBBPF  -DLIBBPF_VERSION=\"1.3.0\" -DLIBBPF_DYNAMIC -DHAVE_LIBBPF_SECTION_NAME  -DHAVE_ELF  -DHAVE_LIBMNL  -DHAVE_LIBCAP  -DHAVE_SETNS -DHAVE_HANDLE_AT -DHAVE_LIBBPF  -DLIBBPF_VERSION=\"1.3.0\" -DLIBBPF_DYNAMIC -DHAVE_LIBBPF_SECTION_NAME  -DHAVE_ELF  -DHAVE_LIBMNL  -DHAVE_LIBCAP  -DCONFIG_GACT -DCONFIG_GACT_PROB -DYY_NO_INPUT   -c -o q_choke.o q_choke.c
#21 11.08 gcc -Wall -Wstrict-prototypes  -Wmissing-prototypes -Wmissing-declarations -Wold-style-definition -Wformat=2 -O2 -pipe -I../include -I../include/uapi -DRESOLVE_HOSTNAMES -DLIBDIR=\"/usr/lib/x86_64-linux-gnu\" -DCONF_USR_DIR=\"/usr/share/iproute2\" -DCONF_ETC_DIR=\"/etc/iproute2\" -DNETNS_RUN_DIR=\"/var/run/netns\" -DNETNS_ETC_DIR=\"/etc/netns\" -DARPDDIR=\"/var/lib/arpd\" -DCONF_COLOR=COLOR_OPT_NEVER -D_GNU_SOURCE -D_FILE_OFFSET_BITS=64 -D_LARGEFILE_SOURCE -D_LARGEFILE64_SOURCE -DHAVE_SETNS -DHAVE_HANDLE_AT -DHAVE_LIBBPF  -DLIBBPF_VERSION=\"1.3.0\" -DLIBBPF_DYNAMIC -DHAVE_LIBBPF_SECTION_NAME  -DHAVE_ELF  -DHAVE_LIBMNL  -DHAVE_LIBCAP  -DHAVE_SETNS -DHAVE_HANDLE_AT -DHAVE_LIBBPF  -DLIBBPF_VERSION=\"1.3.0\" -DLIBBPF_DYNAMIC -DHAVE_LIBBPF_SECTION_NAME  -DHAVE_ELF  -DHAVE_LIBMNL  -DHAVE_LIBCAP  -DCONFIG_GACT -DCONFIG_GACT_PROB -DYY_NO_INPUT   -c -o q_sfb.o q_sfb.c
#21 11.14 gcc -Wall -Wstrict-prototypes  -Wmissing-prototypes -Wmissing-declarations -Wold-style-definition -Wformat=2 -O2 -pipe -I../include -I../include/uapi -DRESOLVE_HOSTNAMES -DLIBDIR=\"/usr/lib/x86_64-linux-gnu\" -DCONF_USR_DIR=\"/usr/share/iproute2\" -DCONF_ETC_DIR=\"/etc/iproute2\" -DNETNS_RUN_DIR=\"/var/run/netns\" -DNETNS_ETC_DIR=\"/etc/netns\" -DARPDDIR=\"/var/lib/arpd\" -DCONF_COLOR=COLOR_OPT_NEVER -D_GNU_SOURCE -D_FILE_OFFSET_BITS=64 -D_LARGEFILE_SOURCE -D_LARGEFILE64_SOURCE -DHAVE_SETNS -DHAVE_HANDLE_AT -DHAVE_LIBBPF  -DLIBBPF_VERSION=\"1.3.0\" -DLIBBPF_DYNAMIC -DHAVE_LIBBPF_SECTION_NAME  -DHAVE_ELF  -DHAVE_LIBMNL  -DHAVE_LIBCAP  -DHAVE_SETNS -DHAVE_HANDLE_AT -DHAVE_LIBBPF  -DLIBBPF_VERSION=\"1.3.0\" -DLIBBPF_DYNAMIC -DHAVE_LIBBPF_SECTION_NAME  -DHAVE_ELF  -DHAVE_LIBMNL  -DHAVE_LIBCAP  -DCONFIG_GACT -DCONFIG_GACT_PROB -DYY_NO_INPUT   -c -o f_u32.o f_u32.c
#21 11.33 gcc -Wall -Wstrict-prototypes  -Wmissing-prototypes -Wmissing-declarations -Wold-style-definition -Wformat=2 -O2 -pipe -I../include -I../include/uapi -DRESOLVE_HOSTNAMES -DLIBDIR=\"/usr/lib/x86_64-linux-gnu\" -DCONF_USR_DIR=\"/usr/share/iproute2\" -DCONF_ETC_DIR=\"/etc/iproute2\" -DNETNS_RUN_DIR=\"/var/run/netns\" -DNETNS_ETC_DIR=\"/etc/netns\" -DARPDDIR=\"/var/lib/arpd\" -DCONF_COLOR=COLOR_OPT_NEVER -D_GNU_SOURCE -D_FILE_OFFSET_BITS=64 -D_LARGEFILE_SOURCE -D_LARGEFILE64_SOURCE -DHAVE_SETNS -DHAVE_HANDLE_AT -DHAVE_LIBBPF  -DLIBBPF_VERSION=\"1.3.0\" -DLIBBPF_DYNAMIC -DHAVE_LIBBPF_SECTION_NAME  -DHAVE_ELF  -DHAVE_LIBMNL  -DHAVE_LIBCAP  -DHAVE_SETNS -DHAVE_HANDLE_AT -DHAVE_LIBBPF  -DLIBBPF_VERSION=\"1.3.0\" -DLIBBPF_DYNAMIC -DHAVE_LIBBPF_SECTION_NAME  -DHAVE_ELF  -DHAVE_LIBMNL  -DHAVE_LIBCAP  -DCONFIG_GACT -DCONFIG_GACT_PROB -DYY_NO_INPUT   -c -o f_route.o f_route.c
#21 11.39 gcc -Wall -Wstrict-prototypes  -Wmissing-prototypes -Wmissing-declarations -Wold-style-definition -Wformat=2 -O2 -pipe -I../include -I../include/uapi -DRESOLVE_HOSTNAMES -DLIBDIR=\"/usr/lib/x86_64-linux-gnu\" -DCONF_USR_DIR=\"/usr/share/iproute2\" -DCONF_ETC_DIR=\"/etc/iproute2\" -DNETNS_RUN_DIR=\"/var/run/netns\" -DNETNS_ETC_DIR=\"/etc/netns\" -DARPDDIR=\"/var/lib/arpd\" -DCONF_COLOR=COLOR_OPT_NEVER -D_GNU_SOURCE -D_FILE_OFFSET_BITS=64 -D_LARGEFILE_SOURCE -D_LARGEFILE64_SOURCE -DHAVE_SETNS -DHAVE_HANDLE_AT -DHAVE_LIBBPF  -DLIBBPF_VERSION=\"1.3.0\" -DLIBBPF_DYNAMIC -DHAVE_LIBBPF_SECTION_NAME  -DHAVE_ELF  -DHAVE_LIBMNL  -DHAVE_LIBCAP  -DHAVE_SETNS -DHAVE_HANDLE_AT -DHAVE_LIBBPF  -DLIBBPF_VERSION=\"1.3.0\" -DLIBBPF_DYNAMIC -DHAVE_LIBBPF_SECTION_NAME  -DHAVE_ELF  -DHAVE_LIBMNL  -DHAVE_LIBCAP  -DCONFIG_GACT -DCONFIG_GACT_PROB -DYY_NO_INPUT   -c -o f_fw.o f_fw.c
#21 11.43 gcc -Wall -Wstrict-prototypes  -Wmissing-prototypes -Wmissing-declarations -Wold-style-definition -Wformat=2 -O2 -pipe -I../include -I../include/uapi -DRESOLVE_HOSTNAMES -DLIBDIR=\"/usr/lib/x86_64-linux-gnu\" -DCONF_USR_DIR=\"/usr/share/iproute2\" -DCONF_ETC_DIR=\"/etc/iproute2\" -DNETNS_RUN_DIR=\"/var/run/netns\" -DNETNS_ETC_DIR=\"/etc/netns\" -DARPDDIR=\"/var/lib/arpd\" -DCONF_COLOR=COLOR_OPT_NEVER -D_GNU_SOURCE -D_FILE_OFFSET_BITS=64 -D_LARGEFILE_SOURCE -D_LARGEFILE64_SOURCE -DHAVE_SETNS -DHAVE_HANDLE_AT -DHAVE_LIBBPF  -DLIBBPF_VERSION=\"1.3.0\" -DLIBBPF_DYNAMIC -DHAVE_LIBBPF_SECTION_NAME  -DHAVE_ELF  -DHAVE_LIBMNL  -DHAVE_LIBCAP  -DHAVE_SETNS -DHAVE_HANDLE_AT -DHAVE_LIBBPF  -DLIBBPF_VERSION=\"1.3.0\" -DLIBBPF_DYNAMIC -DHAVE_LIBBPF_SECTION_NAME  -DHAVE_ELF  -DHAVE_LIBMNL  -DHAVE_LIBCAP  -DCONFIG_GACT -DCONFIG_GACT_PROB -DYY_NO_INPUT   -c -o f_basic.o f_basic.c
#21 11.48 gcc -Wall -Wstrict-prototypes  -Wmissing-prototypes -Wmissing-declarations -Wold-style-definition -Wformat=2 -O2 -pipe -I../include -I../include/uapi -DRESOLVE_HOSTNAMES -DLIBDIR=\"/usr/lib/x86_64-linux-gnu\" -DCONF_USR_DIR=\"/usr/share/iproute2\" -DCONF_ETC_DIR=\"/etc/iproute2\" -DNETNS_RUN_DIR=\"/var/run/netns\" -DNETNS_ETC_DIR=\"/etc/netns\" -DARPDDIR=\"/var/lib/arpd\" -DCONF_COLOR=COLOR_OPT_NEVER -D_GNU_SOURCE -D_FILE_OFFSET_BITS=64 -D_LARGEFILE_SOURCE -D_LARGEFILE64_SOURCE -DHAVE_SETNS -DHAVE_HANDLE_AT -DHAVE_LIBBPF  -DLIBBPF_VERSION=\"1.3.0\" -DLIBBPF_DYNAMIC -DHAVE_LIBBPF_SECTION_NAME  -DHAVE_ELF  -DHAVE_LIBMNL  -DHAVE_LIBCAP  -DHAVE_SETNS -DHAVE_HANDLE_AT -DHAVE_LIBBPF  -DLIBBPF_VERSION=\"1.3.0\" -DLIBBPF_DYNAMIC -DHAVE_LIBBPF_SECTION_NAME  -DHAVE_ELF  -DHAVE_LIBMNL  -DHAVE_LIBCAP  -DCONFIG_GACT -DCONFIG_GACT_PROB -DYY_NO_INPUT   -c -o f_bpf.o f_bpf.c
#21 11.54 gcc -Wall -Wstrict-prototypes  -Wmissing-prototypes -Wmissing-declarations -Wold-style-definition -Wformat=2 -O2 -pipe -I../include -I../include/uapi -DRESOLVE_HOSTNAMES -DLIBDIR=\"/usr/lib/x86_64-linux-gnu\" -DCONF_USR_DIR=\"/usr/share/iproute2\" -DCONF_ETC_DIR=\"/etc/iproute2\" -DNETNS_RUN_DIR=\"/var/run/netns\" -DNETNS_ETC_DIR=\"/etc/netns\" -DARPDDIR=\"/var/lib/arpd\" -DCONF_COLOR=COLOR_OPT_NEVER -D_GNU_SOURCE -D_FILE_OFFSET_BITS=64 -D_LARGEFILE_SOURCE -D_LARGEFILE64_SOURCE -DHAVE_SETNS -DHAVE_HANDLE_AT -DHAVE_LIBBPF  -DLIBBPF_VERSION=\"1.3.0\" -DLIBBPF_DYNAMIC -DHAVE_LIBBPF_SECTION_NAME  -DHAVE_ELF  -DHAVE_LIBMNL  -DHAVE_LIBCAP  -DHAVE_SETNS -DHAVE_HANDLE_AT -DHAVE_LIBBPF  -DLIBBPF_VERSION=\"1.3.0\" -DLIBBPF_DYNAMIC -DHAVE_LIBBPF_SECTION_NAME  -DHAVE_ELF  -DHAVE_LIBMNL  -DHAVE_LIBCAP  -DCONFIG_GACT -DCONFIG_GACT_PROB -DYY_NO_INPUT   -c -o f_flow.o f_flow.c
#21 11.61 gcc -Wall -Wstrict-prototypes  -Wmissing-prototypes -Wmissing-declarations -Wold-style-definition -Wformat=2 -O2 -pipe -I../include -I../include/uapi -DRESOLVE_HOSTNAMES -DLIBDIR=\"/usr/lib/x86_64-linux-gnu\" -DCONF_USR_DIR=\"/usr/share/iproute2\" -DCONF_ETC_DIR=\"/etc/iproute2\" -DNETNS_RUN_DIR=\"/var/run/netns\" -DNETNS_ETC_DIR=\"/etc/netns\" -DARPDDIR=\"/var/lib/arpd\" -DCONF_COLOR=COLOR_OPT_NEVER -D_GNU_SOURCE -D_FILE_OFFSET_BITS=64 -D_LARGEFILE_SOURCE -D_LARGEFILE64_SOURCE -DHAVE_SETNS -DHAVE_HANDLE_AT -DHAVE_LIBBPF  -DLIBBPF_VERSION=\"1.3.0\" -DLIBBPF_DYNAMIC -DHAVE_LIBBPF_SECTION_NAME  -DHAVE_ELF  -DHAVE_LIBMNL  -DHAVE_LIBCAP  -DHAVE_SETNS -DHAVE_HANDLE_AT -DHAVE_LIBBPF  -DLIBBPF_VERSION=\"1.3.0\" -DLIBBPF_DYNAMIC -DHAVE_LIBBPF_SECTION_NAME  -DHAVE_ELF  -DHAVE_LIBMNL  -DHAVE_LIBCAP  -DCONFIG_GACT -DCONFIG_GACT_PROB -DYY_NO_INPUT   -c -o f_cgroup.o f_cgroup.c
#21 11.66 gcc -Wall -Wstrict-prototypes  -Wmissing-prototypes -Wmissing-declarations -Wold-style-definition -Wformat=2 -O2 -pipe -I../include -I../include/uapi -DRESOLVE_HOSTNAMES -DLIBDIR=\"/usr/lib/x86_64-linux-gnu\" -DCONF_USR_DIR=\"/usr/share/iproute2\" -DCONF_ETC_DIR=\"/etc/iproute2\" -DNETNS_RUN_DIR=\"/var/run/netns\" -DNETNS_ETC_DIR=\"/etc/netns\" -DARPDDIR=\"/var/lib/arpd\" -DCONF_COLOR=COLOR_OPT_NEVER -D_GNU_SOURCE -D_FILE_OFFSET_BITS=64 -D_LARGEFILE_SOURCE -D_LARGEFILE64_SOURCE -DHAVE_SETNS -DHAVE_HANDLE_AT -DHAVE_LIBBPF  -DLIBBPF_VERSION=\"1.3.0\" -DLIBBPF_DYNAMIC -DHAVE_LIBBPF_SECTION_NAME  -DHAVE_ELF  -DHAVE_LIBMNL  -DHAVE_LIBCAP  -DHAVE_SETNS -DHAVE_HANDLE_AT -DHAVE_LIBBPF  -DLIBBPF_VERSION=\"1.3.0\" -DLIBBPF_DYNAMIC -DHAVE_LIBBPF_SECTION_NAME  -DHAVE_ELF  -DHAVE_LIBMNL  -DHAVE_LIBCAP  -DCONFIG_GACT -DCONFIG_GACT_PROB -DYY_NO_INPUT   -c -o f_flower.o f_flower.c
#21 12.02 gcc -Wall -Wstrict-prototypes  -Wmissing-prototypes -Wmissing-declarations -Wold-style-definition -Wformat=2 -O2 -pipe -I../include -I../include/uapi -DRESOLVE_HOSTNAMES -DLIBDIR=\"/usr/lib/x86_64-linux-gnu\" -DCONF_USR_DIR=\"/usr/share/iproute2\" -DCONF_ETC_DIR=\"/etc/iproute2\" -DNETNS_RUN_DIR=\"/var/run/netns\" -DNETNS_ETC_DIR=\"/etc/netns\" -DARPDDIR=\"/var/lib/arpd\" -DCONF_COLOR=COLOR_OPT_NEVER -D_GNU_SOURCE -D_FILE_OFFSET_BITS=64 -D_LARGEFILE_SOURCE -D_LARGEFILE64_SOURCE -DHAVE_SETNS -DHAVE_HANDLE_AT -DHAVE_LIBBPF  -DLIBBPF_VERSION=\"1.3.0\" -DLIBBPF_DYNAMIC -DHAVE_LIBBPF_SECTION_NAME  -DHAVE_ELF  -DHAVE_LIBMNL  -DHAVE_LIBCAP  -DHAVE_SETNS -DHAVE_HANDLE_AT -DHAVE_LIBBPF  -DLIBBPF_VERSION=\"1.3.0\" -DLIBBPF_DYNAMIC -DHAVE_LIBBPF_SECTION_NAME  -DHAVE_ELF  -DHAVE_LIBMNL  -DHAVE_LIBCAP  -DCONFIG_GACT -DCONFIG_GACT_PROB -DYY_NO_INPUT   -c -o q_gred.o q_gred.c
#21 12.11 gcc -Wall -Wstrict-prototypes  -Wmissing-prototypes -Wmissing-declarations -Wold-style-definition -Wformat=2 -O2 -pipe -I../include -I../include/uapi -DRESOLVE_HOSTNAMES -DLIBDIR=\"/usr/lib/x86_64-linux-gnu\" -DCONF_USR_DIR=\"/usr/share/iproute2\" -DCONF_ETC_DIR=\"/etc/iproute2\" -DNETNS_RUN_DIR=\"/var/run/netns\" -DNETNS_ETC_DIR=\"/etc/netns\" -DARPDDIR=\"/var/lib/arpd\" -DCONF_COLOR=COLOR_OPT_NEVER -D_GNU_SOURCE -D_FILE_OFFSET_BITS=64 -D_LARGEFILE_SOURCE -D_LARGEFILE64_SOURCE -DHAVE_SETNS -DHAVE_HANDLE_AT -DHAVE_LIBBPF  -DLIBBPF_VERSION=\"1.3.0\" -DLIBBPF_DYNAMIC -DHAVE_LIBBPF_SECTION_NAME  -DHAVE_ELF  -DHAVE_LIBMNL  -DHAVE_LIBCAP  -DHAVE_SETNS -DHAVE_HANDLE_AT -DHAVE_LIBBPF  -DLIBBPF_VERSION=\"1.3.0\" -DLIBBPF_DYNAMIC -DHAVE_LIBBPF_SECTION_NAME  -DHAVE_ELF  -DHAVE_LIBMNL  -DHAVE_LIBCAP  -DCONFIG_GACT -DCONFIG_GACT_PROB -DYY_NO_INPUT   -c -o q_ingress.o q_ingress.c
#21 12.15 gcc -Wall -Wstrict-prototypes  -Wmissing-prototypes -Wmissing-declarations -Wold-style-definition -Wformat=2 -O2 -pipe -I../include -I../include/uapi -DRESOLVE_HOSTNAMES -DLIBDIR=\"/usr/lib/x86_64-linux-gnu\" -DCONF_USR_DIR=\"/usr/share/iproute2\" -DCONF_ETC_DIR=\"/etc/iproute2\" -DNETNS_RUN_DIR=\"/var/run/netns\" -DNETNS_ETC_DIR=\"/etc/netns\" -DARPDDIR=\"/var/lib/arpd\" -DCONF_COLOR=COLOR_OPT_NEVER -D_GNU_SOURCE -D_FILE_OFFSET_BITS=64 -D_LARGEFILE_SOURCE -D_LARGEFILE64_SOURCE -DHAVE_SETNS -DHAVE_HANDLE_AT -DHAVE_LIBBPF  -DLIBBPF_VERSION=\"1.3.0\" -DLIBBPF_DYNAMIC -DHAVE_LIBBPF_SECTION_NAME  -DHAVE_ELF  -DHAVE_LIBMNL  -DHAVE_LIBCAP  -DHAVE_SETNS -DHAVE_HANDLE_AT -DHAVE_LIBBPF  -DLIBBPF_VERSION=\"1.3.0\" -DLIBBPF_DYNAMIC -DHAVE_LIBBPF_SECTION_NAME  -DHAVE_ELF  -DHAVE_LIBMNL  -DHAVE_LIBCAP  -DCONFIG_GACT -DCONFIG_GACT_PROB -DYY_NO_INPUT   -c -o q_hfsc.o q_hfsc.c
#21 12.23 gcc -Wall -Wstrict-prototypes  -Wmissing-prototypes -Wmissing-declarations -Wold-style-definition -Wformat=2 -O2 -pipe -I../include -I../include/uapi -DRESOLVE_HOSTNAMES -DLIBDIR=\"/usr/lib/x86_64-linux-gnu\" -DCONF_USR_DIR=\"/usr/share/iproute2\" -DCONF_ETC_DIR=\"/etc/iproute2\" -DNETNS_RUN_DIR=\"/var/run/netns\" -DNETNS_ETC_DIR=\"/etc/netns\" -DARPDDIR=\"/var/lib/arpd\" -DCONF_COLOR=COLOR_OPT_NEVER -D_GNU_SOURCE -D_FILE_OFFSET_BITS=64 -D_LARGEFILE_SOURCE -D_LARGEFILE64_SOURCE -DHAVE_SETNS -DHAVE_HANDLE_AT -DHAVE_LIBBPF  -DLIBBPF_VERSION=\"1.3.0\" -DLIBBPF_DYNAMIC -DHAVE_LIBBPF_SECTION_NAME  -DHAVE_ELF  -DHAVE_LIBMNL  -DHAVE_LIBCAP  -DHAVE_SETNS -DHAVE_HANDLE_AT -DHAVE_LIBBPF  -DLIBBPF_VERSION=\"1.3.0\" -DLIBBPF_DYNAMIC -DHAVE_LIBBPF_SECTION_NAME  -DHAVE_ELF  -DHAVE_LIBMNL  -DHAVE_LIBCAP  -DCONFIG_GACT -DCONFIG_GACT_PROB -DYY_NO_INPUT   -c -o q_htb.o q_htb.c
#21 12.31 gcc -Wall -Wstrict-prototypes  -Wmissing-prototypes -Wmissing-declarations -Wold-style-definition -Wformat=2 -O2 -pipe -I../include -I../include/uapi -DRESOLVE_HOSTNAMES -DLIBDIR=\"/usr/lib/x86_64-linux-gnu\" -DCONF_USR_DIR=\"/usr/share/iproute2\" -DCONF_ETC_DIR=\"/etc/iproute2\" -DNETNS_RUN_DIR=\"/var/run/netns\" -DNETNS_ETC_DIR=\"/etc/netns\" -DARPDDIR=\"/var/lib/arpd\" -DCONF_COLOR=COLOR_OPT_NEVER -D_GNU_SOURCE -D_FILE_OFFSET_BITS=64 -D_LARGEFILE_SOURCE -D_LARGEFILE64_SOURCE -DHAVE_SETNS -DHAVE_HANDLE_AT -DHAVE_LIBBPF  -DLIBBPF_VERSION=\"1.3.0\" -DLIBBPF_DYNAMIC -DHAVE_LIBBPF_SECTION_NAME  -DHAVE_ELF  -DHAVE_LIBMNL  -DHAVE_LIBCAP  -DHAVE_SETNS -DHAVE_HANDLE_AT -DHAVE_LIBBPF  -DLIBBPF_VERSION=\"1.3.0\" -DLIBBPF_DYNAMIC -DHAVE_LIBBPF_SECTION_NAME  -DHAVE_ELF  -DHAVE_LIBMNL  -DHAVE_LIBCAP  -DCONFIG_GACT -DCONFIG_GACT_PROB -DYY_NO_INPUT   -c -o q_drr.o q_drr.c
#21 12.34 gcc -Wall -Wstrict-prototypes  -Wmissing-prototypes -Wmissing-declarations -Wold-style-definition -Wformat=2 -O2 -pipe -I../include -I../include/uapi -DRESOLVE_HOSTNAMES -DLIBDIR=\"/usr/lib/x86_64-linux-gnu\" -DCONF_USR_DIR=\"/usr/share/iproute2\" -DCONF_ETC_DIR=\"/etc/iproute2\" -DNETNS_RUN_DIR=\"/var/run/netns\" -DNETNS_ETC_DIR=\"/etc/netns\" -DARPDDIR=\"/var/lib/arpd\" -DCONF_COLOR=COLOR_OPT_NEVER -D_GNU_SOURCE -D_FILE_OFFSET_BITS=64 -D_LARGEFILE_SOURCE -D_LARGEFILE64_SOURCE -DHAVE_SETNS -DHAVE_HANDLE_AT -DHAVE_LIBBPF  -DLIBBPF_VERSION=\"1.3.0\" -DLIBBPF_DYNAMIC -DHAVE_LIBBPF_SECTION_NAME  -DHAVE_ELF  -DHAVE_LIBMNL  -DHAVE_LIBCAP  -DHAVE_SETNS -DHAVE_HANDLE_AT -DHAVE_LIBBPF  -DLIBBPF_VERSION=\"1.3.0\" -DLIBBPF_DYNAMIC -DHAVE_LIBBPF_SECTION_NAME  -DHAVE_ELF  -DHAVE_LIBMNL  -DHAVE_LIBCAP  -DCONFIG_GACT -DCONFIG_GACT_PROB -DYY_NO_INPUT   -c -o q_qfq.o q_qfq.c
#21 12.38 gcc -Wall -Wstrict-prototypes  -Wmissing-prototypes -Wmissing-declarations -Wold-style-definition -Wformat=2 -O2 -pipe -I../include -I../include/uapi -DRESOLVE_HOSTNAMES -DLIBDIR=\"/usr/lib/x86_64-linux-gnu\" -DCONF_USR_DIR=\"/usr/share/iproute2\" -DCONF_ETC_DIR=\"/etc/iproute2\" -DNETNS_RUN_DIR=\"/var/run/netns\" -DNETNS_ETC_DIR=\"/etc/netns\" -DARPDDIR=\"/var/lib/arpd\" -DCONF_COLOR=COLOR_OPT_NEVER -D_GNU_SOURCE -D_FILE_OFFSET_BITS=64 -D_LARGEFILE_SOURCE -D_LARGEFILE64_SOURCE -DHAVE_SETNS -DHAVE_HANDLE_AT -DHAVE_LIBBPF  -DLIBBPF_VERSION=\"1.3.0\" -DLIBBPF_DYNAMIC -DHAVE_LIBBPF_SECTION_NAME  -DHAVE_ELF  -DHAVE_LIBMNL  -DHAVE_LIBCAP  -DHAVE_SETNS -DHAVE_HANDLE_AT -DHAVE_LIBBPF  -DLIBBPF_VERSION=\"1.3.0\" -DLIBBPF_DYNAMIC -DHAVE_LIBBPF_SECTION_NAME  -DHAVE_ELF  -DHAVE_LIBMNL  -DHAVE_LIBCAP  -DCONFIG_GACT -DCONFIG_GACT_PROB -DYY_NO_INPUT   -c -o m_gact.o m_gact.c
#21 12.43 gcc -Wall -Wstrict-prototypes  -Wmissing-prototypes -Wmissing-declarations -Wold-style-definition -Wformat=2 -O2 -pipe -I../include -I../include/uapi -DRESOLVE_HOSTNAMES -DLIBDIR=\"/usr/lib/x86_64-linux-gnu\" -DCONF_USR_DIR=\"/usr/share/iproute2\" -DCONF_ETC_DIR=\"/etc/iproute2\" -DNETNS_RUN_DIR=\"/var/run/netns\" -DNETNS_ETC_DIR=\"/etc/netns\" -DARPDDIR=\"/var/lib/arpd\" -DCONF_COLOR=COLOR_OPT_NEVER -D_GNU_SOURCE -D_FILE_OFFSET_BITS=64 -D_LARGEFILE_SOURCE -D_LARGEFILE64_SOURCE -DHAVE_SETNS -DHAVE_HANDLE_AT -DHAVE_LIBBPF  -DLIBBPF_VERSION=\"1.3.0\" -DLIBBPF_DYNAMIC -DHAVE_LIBBPF_SECTION_NAME  -DHAVE_ELF  -DHAVE_LIBMNL  -DHAVE_LIBCAP  -DHAVE_SETNS -DHAVE_HANDLE_AT -DHAVE_LIBBPF  -DLIBBPF_VERSION=\"1.3.0\" -DLIBBPF_DYNAMIC -DHAVE_LIBBPF_SECTION_NAME  -DHAVE_ELF  -DHAVE_LIBMNL  -DHAVE_LIBCAP  -DCONFIG_GACT -DCONFIG_GACT_PROB -DYY_NO_INPUT   -c -o m_mirred.o m_mirred.c
#21 12.49 gcc -Wall -Wstrict-prototypes  -Wmissing-prototypes -Wmissing-declarations -Wold-style-definition -Wformat=2 -O2 -pipe -I../include -I../include/uapi -DRESOLVE_HOSTNAMES -DLIBDIR=\"/usr/lib/x86_64-linux-gnu\" -DCONF_USR_DIR=\"/usr/share/iproute2\" -DCONF_ETC_DIR=\"/etc/iproute2\" -DNETNS_RUN_DIR=\"/var/run/netns\" -DNETNS_ETC_DIR=\"/etc/netns\" -DARPDDIR=\"/var/lib/arpd\" -DCONF_COLOR=COLOR_OPT_NEVER -D_GNU_SOURCE -D_FILE_OFFSET_BITS=64 -D_LARGEFILE_SOURCE -D_LARGEFILE64_SOURCE -DHAVE_SETNS -DHAVE_HANDLE_AT -DHAVE_LIBBPF  -DLIBBPF_VERSION=\"1.3.0\" -DLIBBPF_DYNAMIC -DHAVE_LIBBPF_SECTION_NAME  -DHAVE_ELF  -DHAVE_LIBMNL  -DHAVE_LIBCAP  -DHAVE_SETNS -DHAVE_HANDLE_AT -DHAVE_LIBBPF  -DLIBBPF_VERSION=\"1.3.0\" -DLIBBPF_DYNAMIC -DHAVE_LIBBPF_SECTION_NAME  -DHAVE_ELF  -DHAVE_LIBMNL  -DHAVE_LIBCAP  -DCONFIG_GACT -DCONFIG_GACT_PROB -DYY_NO_INPUT   -c -o m_mpls.o m_mpls.c
#21 12.56 gcc -Wall -Wstrict-prototypes  -Wmissing-prototypes -Wmissing-declarations -Wold-style-definition -Wformat=2 -O2 -pipe -I../include -I../include/uapi -DRESOLVE_HOSTNAMES -DLIBDIR=\"/usr/lib/x86_64-linux-gnu\" -DCONF_USR_DIR=\"/usr/share/iproute2\" -DCONF_ETC_DIR=\"/etc/iproute2\" -DNETNS_RUN_DIR=\"/var/run/netns\" -DNETNS_ETC_DIR=\"/etc/netns\" -DARPDDIR=\"/var/lib/arpd\" -DCONF_COLOR=COLOR_OPT_NEVER -D_GNU_SOURCE -D_FILE_OFFSET_BITS=64 -D_LARGEFILE_SOURCE -D_LARGEFILE64_SOURCE -DHAVE_SETNS -DHAVE_HANDLE_AT -DHAVE_LIBBPF  -DLIBBPF_VERSION=\"1.3.0\" -DLIBBPF_DYNAMIC -DHAVE_LIBBPF_SECTION_NAME  -DHAVE_ELF  -DHAVE_LIBMNL  -DHAVE_LIBCAP  -DHAVE_SETNS -DHAVE_HANDLE_AT -DHAVE_LIBBPF  -DLIBBPF_VERSION=\"1.3.0\" -DLIBBPF_DYNAMIC -DHAVE_LIBBPF_SECTION_NAME  -DHAVE_ELF  -DHAVE_LIBMNL  -DHAVE_LIBCAP  -DCONFIG_GACT -DCONFIG_GACT_PROB -DYY_NO_INPUT   -c -o m_nat.o m_nat.c
#21 12.61 gcc -Wall -Wstrict-prototypes  -Wmissing-prototypes -Wmissing-declarations -Wold-style-definition -Wformat=2 -O2 -pipe -I../include -I../include/uapi -DRESOLVE_HOSTNAMES -DLIBDIR=\"/usr/lib/x86_64-linux-gnu\" -DCONF_USR_DIR=\"/usr/share/iproute2\" -DCONF_ETC_DIR=\"/etc/iproute2\" -DNETNS_RUN_DIR=\"/var/run/netns\" -DNETNS_ETC_DIR=\"/etc/netns\" -DARPDDIR=\"/var/lib/arpd\" -DCONF_COLOR=COLOR_OPT_NEVER -D_GNU_SOURCE -D_FILE_OFFSET_BITS=64 -D_LARGEFILE_SOURCE -D_LARGEFILE64_SOURCE -DHAVE_SETNS -DHAVE_HANDLE_AT -DHAVE_LIBBPF  -DLIBBPF_VERSION=\"1.3.0\" -DLIBBPF_DYNAMIC -DHAVE_LIBBPF_SECTION_NAME  -DHAVE_ELF  -DHAVE_LIBMNL  -DHAVE_LIBCAP  -DHAVE_SETNS -DHAVE_HANDLE_AT -DHAVE_LIBBPF  -DLIBBPF_VERSION=\"1.3.0\" -DLIBBPF_DYNAMIC -DHAVE_LIBBPF_SECTION_NAME  -DHAVE_ELF  -DHAVE_LIBMNL  -DHAVE_LIBCAP  -DCONFIG_GACT -DCONFIG_GACT_PROB -DYY_NO_INPUT   -c -o m_pedit.o m_pedit.c
#21 12.72 gcc -Wall -Wstrict-prototypes  -Wmissing-prototypes -Wmissing-declarations -Wold-style-definition -Wformat=2 -O2 -pipe -I../include -I../include/uapi -DRESOLVE_HOSTNAMES -DLIBDIR=\"/usr/lib/x86_64-linux-gnu\" -DCONF_USR_DIR=\"/usr/share/iproute2\" -DCONF_ETC_DIR=\"/etc/iproute2\" -DNETNS_RUN_DIR=\"/var/run/netns\" -DNETNS_ETC_DIR=\"/etc/netns\" -DARPDDIR=\"/var/lib/arpd\" -DCONF_COLOR=COLOR_OPT_NEVER -D_GNU_SOURCE -D_FILE_OFFSET_BITS=64 -D_LARGEFILE_SOURCE -D_LARGEFILE64_SOURCE -DHAVE_SETNS -DHAVE_HANDLE_AT -DHAVE_LIBBPF  -DLIBBPF_VERSION=\"1.3.0\" -DLIBBPF_DYNAMIC -DHAVE_LIBBPF_SECTION_NAME  -DHAVE_ELF  -DHAVE_LIBMNL  -DHAVE_LIBCAP  -DHAVE_SETNS -DHAVE_HANDLE_AT -DHAVE_LIBBPF  -DLIBBPF_VERSION=\"1.3.0\" -DLIBBPF_DYNAMIC -DHAVE_LIBBPF_SECTION_NAME  -DHAVE_ELF  -DHAVE_LIBMNL  -DHAVE_LIBCAP  -DCONFIG_GACT -DCONFIG_GACT_PROB -DYY_NO_INPUT   -c -o m_ife.o m_ife.c
#21 12.79 gcc -Wall -Wstrict-prototypes  -Wmissing-prototypes -Wmissing-declarations -Wold-style-definition -Wformat=2 -O2 -pipe -I../include -I../include/uapi -DRESOLVE_HOSTNAMES -DLIBDIR=\"/usr/lib/x86_64-linux-gnu\" -DCONF_USR_DIR=\"/usr/share/iproute2\" -DCONF_ETC_DIR=\"/etc/iproute2\" -DNETNS_RUN_DIR=\"/var/run/netns\" -DNETNS_ETC_DIR=\"/etc/netns\" -DARPDDIR=\"/var/lib/arpd\" -DCONF_COLOR=COLOR_OPT_NEVER -D_GNU_SOURCE -D_FILE_OFFSET_BITS=64 -D_LARGEFILE_SOURCE -D_LARGEFILE64_SOURCE -DHAVE_SETNS -DHAVE_HANDLE_AT -DHAVE_LIBBPF  -DLIBBPF_VERSION=\"1.3.0\" -DLIBBPF_DYNAMIC -DHAVE_LIBBPF_SECTION_NAME  -DHAVE_ELF  -DHAVE_LIBMNL  -DHAVE_LIBCAP  -DHAVE_SETNS -DHAVE_HANDLE_AT -DHAVE_LIBBPF  -DLIBBPF_VERSION=\"1.3.0\" -DLIBBPF_DYNAMIC -DHAVE_LIBBPF_SECTION_NAME  -DHAVE_ELF  -DHAVE_LIBMNL  -DHAVE_LIBCAP  -DCONFIG_GACT -DCONFIG_GACT_PROB -DYY_NO_INPUT   -c -o m_skbedit.o m_skbedit.c
#21 12.85 gcc -Wall -Wstrict-prototypes  -Wmissing-prototypes -Wmissing-declarations -Wold-style-definition -Wformat=2 -O2 -pipe -I../include -I../include/uapi -DRESOLVE_HOSTNAMES -DLIBDIR=\"/usr/lib/x86_64-linux-gnu\" -DCONF_USR_DIR=\"/usr/share/iproute2\" -DCONF_ETC_DIR=\"/etc/iproute2\" -DNETNS_RUN_DIR=\"/var/run/netns\" -DNETNS_ETC_DIR=\"/etc/netns\" -DARPDDIR=\"/var/lib/arpd\" -DCONF_COLOR=COLOR_OPT_NEVER -D_GNU_SOURCE -D_FILE_OFFSET_BITS=64 -D_LARGEFILE_SOURCE -D_LARGEFILE64_SOURCE -DHAVE_SETNS -DHAVE_HANDLE_AT -DHAVE_LIBBPF  -DLIBBPF_VERSION=\"1.3.0\" -DLIBBPF_DYNAMIC -DHAVE_LIBBPF_SECTION_NAME  -DHAVE_ELF  -DHAVE_LIBMNL  -DHAVE_LIBCAP  -DHAVE_SETNS -DHAVE_HANDLE_AT -DHAVE_LIBBPF  -DLIBBPF_VERSION=\"1.3.0\" -DLIBBPF_DYNAMIC -DHAVE_LIBBPF_SECTION_NAME  -DHAVE_ELF  -DHAVE_LIBMNL  -DHAVE_LIBCAP  -DCONFIG_GACT -DCONFIG_GACT_PROB -DYY_NO_INPUT   -c -o m_skbmod.o m_skbmod.c
#21 12.90 gcc -Wall -Wstrict-prototypes  -Wmissing-prototypes -Wmissing-declarations -Wold-style-definition -Wformat=2 -O2 -pipe -I../include -I../include/uapi -DRESOLVE_HOSTNAMES -DLIBDIR=\"/usr/lib/x86_64-linux-gnu\" -DCONF_USR_DIR=\"/usr/share/iproute2\" -DCONF_ETC_DIR=\"/etc/iproute2\" -DNETNS_RUN_DIR=\"/var/run/netns\" -DNETNS_ETC_DIR=\"/etc/netns\" -DARPDDIR=\"/var/lib/arpd\" -DCONF_COLOR=COLOR_OPT_NEVER -D_GNU_SOURCE -D_FILE_OFFSET_BITS=64 -D_LARGEFILE_SOURCE -D_LARGEFILE64_SOURCE -DHAVE_SETNS -DHAVE_HANDLE_AT -DHAVE_LIBBPF  -DLIBBPF_VERSION=\"1.3.0\" -DLIBBPF_DYNAMIC -DHAVE_LIBBPF_SECTION_NAME  -DHAVE_ELF  -DHAVE_LIBMNL  -DHAVE_LIBCAP  -DHAVE_SETNS -DHAVE_HANDLE_AT -DHAVE_LIBBPF  -DLIBBPF_VERSION=\"1.3.0\" -DLIBBPF_DYNAMIC -DHAVE_LIBBPF_SECTION_NAME  -DHAVE_ELF  -DHAVE_LIBMNL  -DHAVE_LIBCAP  -DCONFIG_GACT -DCONFIG_GACT_PROB -DYY_NO_INPUT   -c -o m_csum.o m_csum.c
#21 12.96 gcc -Wall -Wstrict-prototypes  -Wmissing-prototypes -Wmissing-declarations -Wold-style-definition -Wformat=2 -O2 -pipe -I../include -I../include/uapi -DRESOLVE_HOSTNAMES -DLIBDIR=\"/usr/lib/x86_64-linux-gnu\" -DCONF_USR_DIR=\"/usr/share/iproute2\" -DCONF_ETC_DIR=\"/etc/iproute2\" -DNETNS_RUN_DIR=\"/var/run/netns\" -DNETNS_ETC_DIR=\"/etc/netns\" -DARPDDIR=\"/var/lib/arpd\" -DCONF_COLOR=COLOR_OPT_NEVER -D_GNU_SOURCE -D_FILE_OFFSET_BITS=64 -D_LARGEFILE_SOURCE -D_LARGEFILE64_SOURCE -DHAVE_SETNS -DHAVE_HANDLE_AT -DHAVE_LIBBPF  -DLIBBPF_VERSION=\"1.3.0\" -DLIBBPF_DYNAMIC -DHAVE_LIBBPF_SECTION_NAME  -DHAVE_ELF  -DHAVE_LIBMNL  -DHAVE_LIBCAP  -DHAVE_SETNS -DHAVE_HANDLE_AT -DHAVE_LIBBPF  -DLIBBPF_VERSION=\"1.3.0\" -DLIBBPF_DYNAMIC -DHAVE_LIBBPF_SECTION_NAME  -DHAVE_ELF  -DHAVE_LIBMNL  -DHAVE_LIBCAP  -DCONFIG_GACT -DCONFIG_GACT_PROB -DYY_NO_INPUT   -c -o m_simple.o m_simple.c
#21 13.00 gcc -Wall -Wstrict-prototypes  -Wmissing-prototypes -Wmissing-declarations -Wold-style-definition -Wformat=2 -O2 -pipe -I../include -I../include/uapi -DRESOLVE_HOSTNAMES -DLIBDIR=\"/usr/lib/x86_64-linux-gnu\" -DCONF_USR_DIR=\"/usr/share/iproute2\" -DCONF_ETC_DIR=\"/etc/iproute2\" -DNETNS_RUN_DIR=\"/var/run/netns\" -DNETNS_ETC_DIR=\"/etc/netns\" -DARPDDIR=\"/var/lib/arpd\" -DCONF_COLOR=COLOR_OPT_NEVER -D_GNU_SOURCE -D_FILE_OFFSET_BITS=64 -D_LARGEFILE_SOURCE -D_LARGEFILE64_SOURCE -DHAVE_SETNS -DHAVE_HANDLE_AT -DHAVE_LIBBPF  -DLIBBPF_VERSION=\"1.3.0\" -DLIBBPF_DYNAMIC -DHAVE_LIBBPF_SECTION_NAME  -DHAVE_ELF  -DHAVE_LIBMNL  -DHAVE_LIBCAP  -DHAVE_SETNS -DHAVE_HANDLE_AT -DHAVE_LIBBPF  -DLIBBPF_VERSION=\"1.3.0\" -DLIBBPF_DYNAMIC -DHAVE_LIBBPF_SECTION_NAME  -DHAVE_ELF  -DHAVE_LIBMNL  -DHAVE_LIBCAP  -DCONFIG_GACT -DCONFIG_GACT_PROB -DYY_NO_INPUT   -c -o m_vlan.o m_vlan.c
#21 13.06 gcc -Wall -Wstrict-prototypes  -Wmissing-prototypes -Wmissing-declarations -Wold-style-definition -Wformat=2 -O2 -pipe -I../include -I../include/uapi -DRESOLVE_HOSTNAMES -DLIBDIR=\"/usr/lib/x86_64-linux-gnu\" -DCONF_USR_DIR=\"/usr/share/iproute2\" -DCONF_ETC_DIR=\"/etc/iproute2\" -DNETNS_RUN_DIR=\"/var/run/netns\" -DNETNS_ETC_DIR=\"/etc/netns\" -DARPDDIR=\"/var/lib/arpd\" -DCONF_COLOR=COLOR_OPT_NEVER -D_GNU_SOURCE -D_FILE_OFFSET_BITS=64 -D_LARGEFILE_SOURCE -D_LARGEFILE64_SOURCE -DHAVE_SETNS -DHAVE_HANDLE_AT -DHAVE_LIBBPF  -DLIBBPF_VERSION=\"1.3.0\" -DLIBBPF_DYNAMIC -DHAVE_LIBBPF_SECTION_NAME  -DHAVE_ELF  -DHAVE_LIBMNL  -DHAVE_LIBCAP  -DHAVE_SETNS -DHAVE_HANDLE_AT -DHAVE_LIBBPF  -DLIBBPF_VERSION=\"1.3.0\" -DLIBBPF_DYNAMIC -DHAVE_LIBBPF_SECTION_NAME  -DHAVE_ELF  -DHAVE_LIBMNL  -DHAVE_LIBCAP  -DCONFIG_GACT -DCONFIG_GACT_PROB -DYY_NO_INPUT   -c -o m_connmark.o m_connmark.c
#21 13.11 gcc -Wall -Wstrict-prototypes  -Wmissing-prototypes -Wmissing-declarations -Wold-style-definition -Wformat=2 -O2 -pipe -I../include -I../include/uapi -DRESOLVE_HOSTNAMES -DLIBDIR=\"/usr/lib/x86_64-linux-gnu\" -DCONF_USR_DIR=\"/usr/share/iproute2\" -DCONF_ETC_DIR=\"/etc/iproute2\" -DNETNS_RUN_DIR=\"/var/run/netns\" -DNETNS_ETC_DIR=\"/etc/netns\" -DARPDDIR=\"/var/lib/arpd\" -DCONF_COLOR=COLOR_OPT_NEVER -D_GNU_SOURCE -D_FILE_OFFSET_BITS=64 -D_LARGEFILE_SOURCE -D_LARGEFILE64_SOURCE -DHAVE_SETNS -DHAVE_HANDLE_AT -DHAVE_LIBBPF  -DLIBBPF_VERSION=\"1.3.0\" -DLIBBPF_DYNAMIC -DHAVE_LIBBPF_SECTION_NAME  -DHAVE_ELF  -DHAVE_LIBMNL  -DHAVE_LIBCAP  -DHAVE_SETNS -DHAVE_HANDLE_AT -DHAVE_LIBBPF  -DLIBBPF_VERSION=\"1.3.0\" -DLIBBPF_DYNAMIC -DHAVE_LIBBPF_SECTION_NAME  -DHAVE_ELF  -DHAVE_LIBMNL  -DHAVE_LIBCAP  -DCONFIG_GACT -DCONFIG_GACT_PROB -DYY_NO_INPUT   -c -o m_ctinfo.o m_ctinfo.c
#21 13.16 gcc -Wall -Wstrict-prototypes  -Wmissing-prototypes -Wmissing-declarations -Wold-style-definition -Wformat=2 -O2 -pipe -I../include -I../include/uapi -DRESOLVE_HOSTNAMES -DLIBDIR=\"/usr/lib/x86_64-linux-gnu\" -DCONF_USR_DIR=\"/usr/share/iproute2\" -DCONF_ETC_DIR=\"/etc/iproute2\" -DNETNS_RUN_DIR=\"/var/run/netns\" -DNETNS_ETC_DIR=\"/etc/netns\" -DARPDDIR=\"/var/lib/arpd\" -DCONF_COLOR=COLOR_OPT_NEVER -D_GNU_SOURCE -D_FILE_OFFSET_BITS=64 -D_LARGEFILE_SOURCE -D_LARGEFILE64_SOURCE -DHAVE_SETNS -DHAVE_HANDLE_AT -DHAVE_LIBBPF  -DLIBBPF_VERSION=\"1.3.0\" -DLIBBPF_DYNAMIC -DHAVE_LIBBPF_SECTION_NAME  -DHAVE_ELF  -DHAVE_LIBMNL  -DHAVE_LIBCAP  -DHAVE_SETNS -DHAVE_HANDLE_AT -DHAVE_LIBBPF  -DLIBBPF_VERSION=\"1.3.0\" -DLIBBPF_DYNAMIC -DHAVE_LIBBPF_SECTION_NAME  -DHAVE_ELF  -DHAVE_LIBMNL  -DHAVE_LIBCAP  -DCONFIG_GACT -DCONFIG_GACT_PROB -DYY_NO_INPUT   -c -o m_bpf.o m_bpf.c
#21 13.21 gcc -Wall -Wstrict-prototypes  -Wmissing-prototypes -Wmissing-declarations -Wold-style-definition -Wformat=2 -O2 -pipe -I../include -I../include/uapi -DRESOLVE_HOSTNAMES -DLIBDIR=\"/usr/lib/x86_64-linux-gnu\" -DCONF_USR_DIR=\"/usr/share/iproute2\" -DCONF_ETC_DIR=\"/etc/iproute2\" -DNETNS_RUN_DIR=\"/var/run/netns\" -DNETNS_ETC_DIR=\"/etc/netns\" -DARPDDIR=\"/var/lib/arpd\" -DCONF_COLOR=COLOR_OPT_NEVER -D_GNU_SOURCE -D_FILE_OFFSET_BITS=64 -D_LARGEFILE_SOURCE -D_LARGEFILE64_SOURCE -DHAVE_SETNS -DHAVE_HANDLE_AT -DHAVE_LIBBPF  -DLIBBPF_VERSION=\"1.3.0\" -DLIBBPF_DYNAMIC -DHAVE_LIBBPF_SECTION_NAME  -DHAVE_ELF  -DHAVE_LIBMNL  -DHAVE_LIBCAP  -DHAVE_SETNS -DHAVE_HANDLE_AT -DHAVE_LIBBPF  -DLIBBPF_VERSION=\"1.3.0\" -DLIBBPF_DYNAMIC -DHAVE_LIBBPF_SECTION_NAME  -DHAVE_ELF  -DHAVE_LIBMNL  -DHAVE_LIBCAP  -DCONFIG_GACT -DCONFIG_GACT_PROB -DYY_NO_INPUT   -c -o m_tunnel_key.o m_tunnel_key.c
#21 13.30 gcc -Wall -Wstrict-prototypes  -Wmissing-prototypes -Wmissing-declarations -Wold-style-definition -Wformat=2 -O2 -pipe -I../include -I../include/uapi -DRESOLVE_HOSTNAMES -DLIBDIR=\"/usr/lib/x86_64-linux-gnu\" -DCONF_USR_DIR=\"/usr/share/iproute2\" -DCONF_ETC_DIR=\"/etc/iproute2\" -DNETNS_RUN_DIR=\"/var/run/netns\" -DNETNS_ETC_DIR=\"/etc/netns\" -DARPDDIR=\"/var/lib/arpd\" -DCONF_COLOR=COLOR_OPT_NEVER -D_GNU_SOURCE -D_FILE_OFFSET_BITS=64 -D_LARGEFILE_SOURCE -D_LARGEFILE64_SOURCE -DHAVE_SETNS -DHAVE_HANDLE_AT -DHAVE_LIBBPF  -DLIBBPF_VERSION=\"1.3.0\" -DLIBBPF_DYNAMIC -DHAVE_LIBBPF_SECTION_NAME  -DHAVE_ELF  -DHAVE_LIBMNL  -DHAVE_LIBCAP  -DHAVE_SETNS -DHAVE_HANDLE_AT -DHAVE_LIBBPF  -DLIBBPF_VERSION=\"1.3.0\" -DLIBBPF_DYNAMIC -DHAVE_LIBBPF_SECTION_NAME  -DHAVE_ELF  -DHAVE_LIBMNL  -DHAVE_LIBCAP  -DCONFIG_GACT -DCONFIG_GACT_PROB -DYY_NO_INPUT   -c -o m_sample.o m_sample.c
#21 13.35 gcc -Wall -Wstrict-prototypes  -Wmissing-prototypes -Wmissing-declarations -Wold-style-definition -Wformat=2 -O2 -pipe -I../include -I../include/uapi -DRESOLVE_HOSTNAMES -DLIBDIR=\"/usr/lib/x86_64-linux-gnu\" -DCONF_USR_DIR=\"/usr/share/iproute2\" -DCONF_ETC_DIR=\"/etc/iproute2\" -DNETNS_RUN_DIR=\"/var/run/netns\" -DNETNS_ETC_DIR=\"/etc/netns\" -DARPDDIR=\"/var/lib/arpd\" -DCONF_COLOR=COLOR_OPT_NEVER -D_GNU_SOURCE -D_FILE_OFFSET_BITS=64 -D_LARGEFILE_SOURCE -D_LARGEFILE64_SOURCE -DHAVE_SETNS -DHAVE_HANDLE_AT -DHAVE_LIBBPF  -DLIBBPF_VERSION=\"1.3.0\" -DLIBBPF_DYNAMIC -DHAVE_LIBBPF_SECTION_NAME  -DHAVE_ELF  -DHAVE_LIBMNL  -DHAVE_LIBCAP  -DHAVE_SETNS -DHAVE_HANDLE_AT -DHAVE_LIBBPF  -DLIBBPF_VERSION=\"1.3.0\" -DLIBBPF_DYNAMIC -DHAVE_LIBBPF_SECTION_NAME  -DHAVE_ELF  -DHAVE_LIBMNL  -DHAVE_LIBCAP  -DCONFIG_GACT -DCONFIG_GACT_PROB -DYY_NO_INPUT   -c -o m_ct.o m_ct.c
#21 13.43 gcc -Wall -Wstrict-prototypes  -Wmissing-prototypes -Wmissing-declarations -Wold-style-definition -Wformat=2 -O2 -pipe -I../include -I../include/uapi -DRESOLVE_HOSTNAMES -DLIBDIR=\"/usr/lib/x86_64-linux-gnu\" -DCONF_USR_DIR=\"/usr/share/iproute2\" -DCONF_ETC_DIR=\"/etc/iproute2\" -DNETNS_RUN_DIR=\"/var/run/netns\" -DNETNS_ETC_DIR=\"/etc/netns\" -DARPDDIR=\"/var/lib/arpd\" -DCONF_COLOR=COLOR_OPT_NEVER -D_GNU_SOURCE -D_FILE_OFFSET_BITS=64 -D_LARGEFILE_SOURCE -D_LARGEFILE64_SOURCE -DHAVE_SETNS -DHAVE_HANDLE_AT -DHAVE_LIBBPF  -DLIBBPF_VERSION=\"1.3.0\" -DLIBBPF_DYNAMIC -DHAVE_LIBBPF_SECTION_NAME  -DHAVE_ELF  -DHAVE_LIBMNL  -DHAVE_LIBCAP  -DHAVE_SETNS -DHAVE_HANDLE_AT -DHAVE_LIBBPF  -DLIBBPF_VERSION=\"1.3.0\" -DLIBBPF_DYNAMIC -DHAVE_LIBBPF_SECTION_NAME  -DHAVE_ELF  -DHAVE_LIBMNL  -DHAVE_LIBCAP  -DCONFIG_GACT -DCONFIG_GACT_PROB -DYY_NO_INPUT   -c -o m_gate.o m_gate.c
#21 13.51 gcc -Wall -Wstrict-prototypes  -Wmissing-prototypes -Wmissing-declarations -Wold-style-definition -Wformat=2 -O2 -pipe -I../include -I../include/uapi -DRESOLVE_HOSTNAMES -DLIBDIR=\"/usr/lib/x86_64-linux-gnu\" -DCONF_USR_DIR=\"/usr/share/iproute2\" -DCONF_ETC_DIR=\"/etc/iproute2\" -DNETNS_RUN_DIR=\"/var/run/netns\" -DNETNS_ETC_DIR=\"/etc/netns\" -DARPDDIR=\"/var/lib/arpd\" -DCONF_COLOR=COLOR_OPT_NEVER -D_GNU_SOURCE -D_FILE_OFFSET_BITS=64 -D_LARGEFILE_SOURCE -D_LARGEFILE64_SOURCE -DHAVE_SETNS -DHAVE_HANDLE_AT -DHAVE_LIBBPF  -DLIBBPF_VERSION=\"1.3.0\" -DLIBBPF_DYNAMIC -DHAVE_LIBBPF_SECTION_NAME  -DHAVE_ELF  -DHAVE_LIBMNL  -DHAVE_LIBCAP  -DHAVE_SETNS -DHAVE_HANDLE_AT -DHAVE_LIBBPF  -DLIBBPF_VERSION=\"1.3.0\" -DLIBBPF_DYNAMIC -DHAVE_LIBBPF_SECTION_NAME  -DHAVE_ELF  -DHAVE_LIBMNL  -DHAVE_LIBCAP  -DCONFIG_GACT -DCONFIG_GACT_PROB -DYY_NO_INPUT   -c -o p_ip.o p_ip.c
#21 13.55 gcc -Wall -Wstrict-prototypes  -Wmissing-prototypes -Wmissing-declarations -Wold-style-definition -Wformat=2 -O2 -pipe -I../include -I../include/uapi -DRESOLVE_HOSTNAMES -DLIBDIR=\"/usr/lib/x86_64-linux-gnu\" -DCONF_USR_DIR=\"/usr/share/iproute2\" -DCONF_ETC_DIR=\"/etc/iproute2\" -DNETNS_RUN_DIR=\"/var/run/netns\" -DNETNS_ETC_DIR=\"/etc/netns\" -DARPDDIR=\"/var/lib/arpd\" -DCONF_COLOR=COLOR_OPT_NEVER -D_GNU_SOURCE -D_FILE_OFFSET_BITS=64 -D_LARGEFILE_SOURCE -D_LARGEFILE64_SOURCE -DHAVE_SETNS -DHAVE_HANDLE_AT -DHAVE_LIBBPF  -DLIBBPF_VERSION=\"1.3.0\" -DLIBBPF_DYNAMIC -DHAVE_LIBBPF_SECTION_NAME  -DHAVE_ELF  -DHAVE_LIBMNL  -DHAVE_LIBCAP  -DHAVE_SETNS -DHAVE_HANDLE_AT -DHAVE_LIBBPF  -DLIBBPF_VERSION=\"1.3.0\" -DLIBBPF_DYNAMIC -DHAVE_LIBBPF_SECTION_NAME  -DHAVE_ELF  -DHAVE_LIBMNL  -DHAVE_LIBCAP  -DCONFIG_GACT -DCONFIG_GACT_PROB -DYY_NO_INPUT   -c -o p_ip6.o p_ip6.c
#21 13.59 gcc -Wall -Wstrict-prototypes  -Wmissing-prototypes -Wmissing-declarations -Wold-style-definition -Wformat=2 -O2 -pipe -I../include -I../include/uapi -DRESOLVE_HOSTNAMES -DLIBDIR=\"/usr/lib/x86_64-linux-gnu\" -DCONF_USR_DIR=\"/usr/share/iproute2\" -DCONF_ETC_DIR=\"/etc/iproute2\" -DNETNS_RUN_DIR=\"/var/run/netns\" -DNETNS_ETC_DIR=\"/etc/netns\" -DARPDDIR=\"/var/lib/arpd\" -DCONF_COLOR=COLOR_OPT_NEVER -D_GNU_SOURCE -D_FILE_OFFSET_BITS=64 -D_LARGEFILE_SOURCE -D_LARGEFILE64_SOURCE -DHAVE_SETNS -DHAVE_HANDLE_AT -DHAVE_LIBBPF  -DLIBBPF_VERSION=\"1.3.0\" -DLIBBPF_DYNAMIC -DHAVE_LIBBPF_SECTION_NAME  -DHAVE_ELF  -DHAVE_LIBMNL  -DHAVE_LIBCAP  -DHAVE_SETNS -DHAVE_HANDLE_AT -DHAVE_LIBBPF  -DLIBBPF_VERSION=\"1.3.0\" -DLIBBPF_DYNAMIC -DHAVE_LIBBPF_SECTION_NAME  -DHAVE_ELF  -DHAVE_LIBMNL  -DHAVE_LIBCAP  -DCONFIG_GACT -DCONFIG_GACT_PROB -DYY_NO_INPUT   -c -o p_icmp.o p_icmp.c
#21 13.62 gcc -Wall -Wstrict-prototypes  -Wmissing-prototypes -Wmissing-declarations -Wold-style-definition -Wformat=2 -O2 -pipe -I../include -I../include/uapi -DRESOLVE_HOSTNAMES -DLIBDIR=\"/usr/lib/x86_64-linux-gnu\" -DCONF_USR_DIR=\"/usr/share/iproute2\" -DCONF_ETC_DIR=\"/etc/iproute2\" -DNETNS_RUN_DIR=\"/var/run/netns\" -DNETNS_ETC_DIR=\"/etc/netns\" -DARPDDIR=\"/var/lib/arpd\" -DCONF_COLOR=COLOR_OPT_NEVER -D_GNU_SOURCE -D_FILE_OFFSET_BITS=64 -D_LARGEFILE_SOURCE -D_LARGEFILE64_SOURCE -DHAVE_SETNS -DHAVE_HANDLE_AT -DHAVE_LIBBPF  -DLIBBPF_VERSION=\"1.3.0\" -DLIBBPF_DYNAMIC -DHAVE_LIBBPF_SECTION_NAME  -DHAVE_ELF  -DHAVE_LIBMNL  -DHAVE_LIBCAP  -DHAVE_SETNS -DHAVE_HANDLE_AT -DHAVE_LIBBPF  -DLIBBPF_VERSION=\"1.3.0\" -DLIBBPF_DYNAMIC -DHAVE_LIBBPF_SECTION_NAME  -DHAVE_ELF  -DHAVE_LIBMNL  -DHAVE_LIBCAP  -DCONFIG_GACT -DCONFIG_GACT_PROB -DYY_NO_INPUT   -c -o p_eth.o p_eth.c
#21 13.65 gcc -Wall -Wstrict-prototypes  -Wmissing-prototypes -Wmissing-declarations -Wold-style-definition -Wformat=2 -O2 -pipe -I../include -I../include/uapi -DRESOLVE_HOSTNAMES -DLIBDIR=\"/usr/lib/x86_64-linux-gnu\" -DCONF_USR_DIR=\"/usr/share/iproute2\" -DCONF_ETC_DIR=\"/etc/iproute2\" -DNETNS_RUN_DIR=\"/var/run/netns\" -DNETNS_ETC_DIR=\"/etc/netns\" -DARPDDIR=\"/var/lib/arpd\" -DCONF_COLOR=COLOR_OPT_NEVER -D_GNU_SOURCE -D_FILE_OFFSET_BITS=64 -D_LARGEFILE_SOURCE -D_LARGEFILE64_SOURCE -DHAVE_SETNS -DHAVE_HANDLE_AT -DHAVE_LIBBPF  -DLIBBPF_VERSION=\"1.3.0\" -DLIBBPF_DYNAMIC -DHAVE_LIBBPF_SECTION_NAME  -DHAVE_ELF  -DHAVE_LIBMNL  -DHAVE_LIBCAP  -DHAVE_SETNS -DHAVE_HANDLE_AT -DHAVE_LIBBPF  -DLIBBPF_VERSION=\"1.3.0\" -DLIBBPF_DYNAMIC -DHAVE_LIBBPF_SECTION_NAME  -DHAVE_ELF  -DHAVE_LIBMNL  -DHAVE_LIBCAP  -DCONFIG_GACT -DCONFIG_GACT_PROB -DYY_NO_INPUT   -c -o p_tcp.o p_tcp.c
#21 13.68 gcc -Wall -Wstrict-prototypes  -Wmissing-prototypes -Wmissing-declarations -Wold-style-definition -Wformat=2 -O2 -pipe -I../include -I../include/uapi -DRESOLVE_HOSTNAMES -DLIBDIR=\"/usr/lib/x86_64-linux-gnu\" -DCONF_USR_DIR=\"/usr/share/iproute2\" -DCONF_ETC_DIR=\"/etc/iproute2\" -DNETNS_RUN_DIR=\"/var/run/netns\" -DNETNS_ETC_DIR=\"/etc/netns\" -DARPDDIR=\"/var/lib/arpd\" -DCONF_COLOR=COLOR_OPT_NEVER -D_GNU_SOURCE -D_FILE_OFFSET_BITS=64 -D_LARGEFILE_SOURCE -D_LARGEFILE64_SOURCE -DHAVE_SETNS -DHAVE_HANDLE_AT -DHAVE_LIBBPF  -DLIBBPF_VERSION=\"1.3.0\" -DLIBBPF_DYNAMIC -DHAVE_LIBBPF_SECTION_NAME  -DHAVE_ELF  -DHAVE_LIBMNL  -DHAVE_LIBCAP  -DHAVE_SETNS -DHAVE_HANDLE_AT -DHAVE_LIBBPF  -DLIBBPF_VERSION=\"1.3.0\" -DLIBBPF_DYNAMIC -DHAVE_LIBBPF_SECTION_NAME  -DHAVE_ELF  -DHAVE_LIBMNL  -DHAVE_LIBCAP  -DCONFIG_GACT -DCONFIG_GACT_PROB -DYY_NO_INPUT   -c -o p_udp.o p_udp.c
#21 13.71 gcc -Wall -Wstrict-prototypes  -Wmissing-prototypes -Wmissing-declarations -Wold-style-definition -Wformat=2 -O2 -pipe -I../include -I../include/uapi -DRESOLVE_HOSTNAMES -DLIBDIR=\"/usr/lib/x86_64-linux-gnu\" -DCONF_USR_DIR=\"/usr/share/iproute2\" -DCONF_ETC_DIR=\"/etc/iproute2\" -DNETNS_RUN_DIR=\"/var/run/netns\" -DNETNS_ETC_DIR=\"/etc/netns\" -DARPDDIR=\"/var/lib/arpd\" -DCONF_COLOR=COLOR_OPT_NEVER -D_GNU_SOURCE -D_FILE_OFFSET_BITS=64 -D_LARGEFILE_SOURCE -D_LARGEFILE64_SOURCE -DHAVE_SETNS -DHAVE_HANDLE_AT -DHAVE_LIBBPF  -DLIBBPF_VERSION=\"1.3.0\" -DLIBBPF_DYNAMIC -DHAVE_LIBBPF_SECTION_NAME  -DHAVE_ELF  -DHAVE_LIBMNL  -DHAVE_LIBCAP  -DHAVE_SETNS -DHAVE_HANDLE_AT -DHAVE_LIBBPF  -DLIBBPF_VERSION=\"1.3.0\" -DLIBBPF_DYNAMIC -DHAVE_LIBBPF_SECTION_NAME  -DHAVE_ELF  -DHAVE_LIBMNL  -DHAVE_LIBCAP  -DCONFIG_GACT -DCONFIG_GACT_PROB -DYY_NO_INPUT   -c -o em_nbyte.o em_nbyte.c
#21 13.76 gcc -Wall -Wstrict-prototypes  -Wmissing-prototypes -Wmissing-declarations -Wold-style-definition -Wformat=2 -O2 -pipe -I../include -I../include/uapi -DRESOLVE_HOSTNAMES -DLIBDIR=\"/usr/lib/x86_64-linux-gnu\" -DCONF_USR_DIR=\"/usr/share/iproute2\" -DCONF_ETC_DIR=\"/etc/iproute2\" -DNETNS_RUN_DIR=\"/var/run/netns\" -DNETNS_ETC_DIR=\"/etc/netns\" -DARPDDIR=\"/var/lib/arpd\" -DCONF_COLOR=COLOR_OPT_NEVER -D_GNU_SOURCE -D_FILE_OFFSET_BITS=64 -D_LARGEFILE_SOURCE -D_LARGEFILE64_SOURCE -DHAVE_SETNS -DHAVE_HANDLE_AT -DHAVE_LIBBPF  -DLIBBPF_VERSION=\"1.3.0\" -DLIBBPF_DYNAMIC -DHAVE_LIBBPF_SECTION_NAME  -DHAVE_ELF  -DHAVE_LIBMNL  -DHAVE_LIBCAP  -DHAVE_SETNS -DHAVE_HANDLE_AT -DHAVE_LIBBPF  -DLIBBPF_VERSION=\"1.3.0\" -DLIBBPF_DYNAMIC -DHAVE_LIBBPF_SECTION_NAME  -DHAVE_ELF  -DHAVE_LIBMNL  -DHAVE_LIBCAP  -DCONFIG_GACT -DCONFIG_GACT_PROB -DYY_NO_INPUT   -c -o em_cmp.o em_cmp.c
#21 13.81 gcc -Wall -Wstrict-prototypes  -Wmissing-prototypes -Wmissing-declarations -Wold-style-definition -Wformat=2 -O2 -pipe -I../include -I../include/uapi -DRESOLVE_HOSTNAMES -DLIBDIR=\"/usr/lib/x86_64-linux-gnu\" -DCONF_USR_DIR=\"/usr/share/iproute2\" -DCONF_ETC_DIR=\"/etc/iproute2\" -DNETNS_RUN_DIR=\"/var/run/netns\" -DNETNS_ETC_DIR=\"/etc/netns\" -DARPDDIR=\"/var/lib/arpd\" -DCONF_COLOR=COLOR_OPT_NEVER -D_GNU_SOURCE -D_FILE_OFFSET_BITS=64 -D_LARGEFILE_SOURCE -D_LARGEFILE64_SOURCE -DHAVE_SETNS -DHAVE_HANDLE_AT -DHAVE_LIBBPF  -DLIBBPF_VERSION=\"1.3.0\" -DLIBBPF_DYNAMIC -DHAVE_LIBBPF_SECTION_NAME  -DHAVE_ELF  -DHAVE_LIBMNL  -DHAVE_LIBCAP  -DHAVE_SETNS -DHAVE_HANDLE_AT -DHAVE_LIBBPF  -DLIBBPF_VERSION=\"1.3.0\" -DLIBBPF_DYNAMIC -DHAVE_LIBBPF_SECTION_NAME  -DHAVE_ELF  -DHAVE_LIBMNL  -DHAVE_LIBCAP  -DCONFIG_GACT -DCONFIG_GACT_PROB -DYY_NO_INPUT   -c -o em_u32.o em_u32.c
#21 13.86 gcc -Wall -Wstrict-prototypes  -Wmissing-prototypes -Wmissing-declarations -Wold-style-definition -Wformat=2 -O2 -pipe -I../include -I../include/uapi -DRESOLVE_HOSTNAMES -DLIBDIR=\"/usr/lib/x86_64-linux-gnu\" -DCONF_USR_DIR=\"/usr/share/iproute2\" -DCONF_ETC_DIR=\"/etc/iproute2\" -DNETNS_RUN_DIR=\"/var/run/netns\" -DNETNS_ETC_DIR=\"/etc/netns\" -DARPDDIR=\"/var/lib/arpd\" -DCONF_COLOR=COLOR_OPT_NEVER -D_GNU_SOURCE -D_FILE_OFFSET_BITS=64 -D_LARGEFILE_SOURCE -D_LARGEFILE64_SOURCE -DHAVE_SETNS -DHAVE_HANDLE_AT -DHAVE_LIBBPF  -DLIBBPF_VERSION=\"1.3.0\" -DLIBBPF_DYNAMIC -DHAVE_LIBBPF_SECTION_NAME  -DHAVE_ELF  -DHAVE_LIBMNL  -DHAVE_LIBCAP  -DHAVE_SETNS -DHAVE_HANDLE_AT -DHAVE_LIBBPF  -DLIBBPF_VERSION=\"1.3.0\" -DLIBBPF_DYNAMIC -DHAVE_LIBBPF_SECTION_NAME  -DHAVE_ELF  -DHAVE_LIBMNL  -DHAVE_LIBCAP  -DCONFIG_GACT -DCONFIG_GACT_PROB -DYY_NO_INPUT   -c -o em_canid.o em_canid.c
#21 13.91 gcc -Wall -Wstrict-prototypes  -Wmissing-prototypes -Wmissing-declarations -Wold-style-definition -Wformat=2 -O2 -pipe -I../include -I../include/uapi -DRESOLVE_HOSTNAMES -DLIBDIR=\"/usr/lib/x86_64-linux-gnu\" -DCONF_USR_DIR=\"/usr/share/iproute2\" -DCONF_ETC_DIR=\"/etc/iproute2\" -DNETNS_RUN_DIR=\"/var/run/netns\" -DNETNS_ETC_DIR=\"/etc/netns\" -DARPDDIR=\"/var/lib/arpd\" -DCONF_COLOR=COLOR_OPT_NEVER -D_GNU_SOURCE -D_FILE_OFFSET_BITS=64 -D_LARGEFILE_SOURCE -D_LARGEFILE64_SOURCE -DHAVE_SETNS -DHAVE_HANDLE_AT -DHAVE_LIBBPF  -DLIBBPF_VERSION=\"1.3.0\" -DLIBBPF_DYNAMIC -DHAVE_LIBBPF_SECTION_NAME  -DHAVE_ELF  -DHAVE_LIBMNL  -DHAVE_LIBCAP  -DHAVE_SETNS -DHAVE_HANDLE_AT -DHAVE_LIBBPF  -DLIBBPF_VERSION=\"1.3.0\" -DLIBBPF_DYNAMIC -DHAVE_LIBBPF_SECTION_NAME  -DHAVE_ELF  -DHAVE_LIBMNL  -DHAVE_LIBCAP  -DCONFIG_GACT -DCONFIG_GACT_PROB -DYY_NO_INPUT   -c -o em_meta.o em_meta.c
#21 13.99 gcc -Wall -Wstrict-prototypes  -Wmissing-prototypes -Wmissing-declarations -Wold-style-definition -Wformat=2 -O2 -pipe -I../include -I../include/uapi -DRESOLVE_HOSTNAMES -DLIBDIR=\"/usr/lib/x86_64-linux-gnu\" -DCONF_USR_DIR=\"/usr/share/iproute2\" -DCONF_ETC_DIR=\"/etc/iproute2\" -DNETNS_RUN_DIR=\"/var/run/netns\" -DNETNS_ETC_DIR=\"/etc/netns\" -DARPDDIR=\"/var/lib/arpd\" -DCONF_COLOR=COLOR_OPT_NEVER -D_GNU_SOURCE -D_FILE_OFFSET_BITS=64 -D_LARGEFILE_SOURCE -D_LARGEFILE64_SOURCE -DHAVE_SETNS -DHAVE_HANDLE_AT -DHAVE_LIBBPF  -DLIBBPF_VERSION=\"1.3.0\" -DLIBBPF_DYNAMIC -DHAVE_LIBBPF_SECTION_NAME  -DHAVE_ELF  -DHAVE_LIBMNL  -DHAVE_LIBCAP  -DHAVE_SETNS -DHAVE_HANDLE_AT -DHAVE_LIBBPF  -DLIBBPF_VERSION=\"1.3.0\" -DLIBBPF_DYNAMIC -DHAVE_LIBBPF_SECTION_NAME  -DHAVE_ELF  -DHAVE_LIBMNL  -DHAVE_LIBCAP  -DCONFIG_GACT -DCONFIG_GACT_PROB -DYY_NO_INPUT   -c -o q_mqprio.o q_mqprio.c
#21 14.08 gcc -Wall -Wstrict-prototypes  -Wmissing-prototypes -Wmissing-declarations -Wold-style-definition -Wformat=2 -O2 -pipe -I../include -I../include/uapi -DRESOLVE_HOSTNAMES -DLIBDIR=\"/usr/lib/x86_64-linux-gnu\" -DCONF_USR_DIR=\"/usr/share/iproute2\" -DCONF_ETC_DIR=\"/etc/iproute2\" -DNETNS_RUN_DIR=\"/var/run/netns\" -DNETNS_ETC_DIR=\"/etc/netns\" -DARPDDIR=\"/var/lib/arpd\" -DCONF_COLOR=COLOR_OPT_NEVER -D_GNU_SOURCE -D_FILE_OFFSET_BITS=64 -D_LARGEFILE_SOURCE -D_LARGEFILE64_SOURCE -DHAVE_SETNS -DHAVE_HANDLE_AT -DHAVE_LIBBPF  -DLIBBPF_VERSION=\"1.3.0\" -DLIBBPF_DYNAMIC -DHAVE_LIBBPF_SECTION_NAME  -DHAVE_ELF  -DHAVE_LIBMNL  -DHAVE_LIBCAP  -DHAVE_SETNS -DHAVE_HANDLE_AT -DHAVE_LIBBPF  -DLIBBPF_VERSION=\"1.3.0\" -DLIBBPF_DYNAMIC -DHAVE_LIBBPF_SECTION_NAME  -DHAVE_ELF  -DHAVE_LIBMNL  -DHAVE_LIBCAP  -DCONFIG_GACT -DCONFIG_GACT_PROB -DYY_NO_INPUT   -c -o q_codel.o q_codel.c
#21 14.13 gcc -Wall -Wstrict-prototypes  -Wmissing-prototypes -Wmissing-declarations -Wold-style-definition -Wformat=2 -O2 -pipe -I../include -I../include/uapi -DRESOLVE_HOSTNAMES -DLIBDIR=\"/usr/lib/x86_64-linux-gnu\" -DCONF_USR_DIR=\"/usr/share/iproute2\" -DCONF_ETC_DIR=\"/etc/iproute2\" -DNETNS_RUN_DIR=\"/var/run/netns\" -DNETNS_ETC_DIR=\"/etc/netns\" -DARPDDIR=\"/var/lib/arpd\" -DCONF_COLOR=COLOR_OPT_NEVER -D_GNU_SOURCE -D_FILE_OFFSET_BITS=64 -D_LARGEFILE_SOURCE -D_LARGEFILE64_SOURCE -DHAVE_SETNS -DHAVE_HANDLE_AT -DHAVE_LIBBPF  -DLIBBPF_VERSION=\"1.3.0\" -DLIBBPF_DYNAMIC -DHAVE_LIBBPF_SECTION_NAME  -DHAVE_ELF  -DHAVE_LIBMNL  -DHAVE_LIBCAP  -DHAVE_SETNS -DHAVE_HANDLE_AT -DHAVE_LIBBPF  -DLIBBPF_VERSION=\"1.3.0\" -DLIBBPF_DYNAMIC -DHAVE_LIBBPF_SECTION_NAME  -DHAVE_ELF  -DHAVE_LIBMNL  -DHAVE_LIBCAP  -DCONFIG_GACT -DCONFIG_GACT_PROB -DYY_NO_INPUT   -c -o q_fq_codel.o q_fq_codel.c
#21 14.19 gcc -Wall -Wstrict-prototypes  -Wmissing-prototypes -Wmissing-declarations -Wold-style-definition -Wformat=2 -O2 -pipe -I../include -I../include/uapi -DRESOLVE_HOSTNAMES -DLIBDIR=\"/usr/lib/x86_64-linux-gnu\" -DCONF_USR_DIR=\"/usr/share/iproute2\" -DCONF_ETC_DIR=\"/etc/iproute2\" -DNETNS_RUN_DIR=\"/var/run/netns\" -DNETNS_ETC_DIR=\"/etc/netns\" -DARPDDIR=\"/var/lib/arpd\" -DCONF_COLOR=COLOR_OPT_NEVER -D_GNU_SOURCE -D_FILE_OFFSET_BITS=64 -D_LARGEFILE_SOURCE -D_LARGEFILE64_SOURCE -DHAVE_SETNS -DHAVE_HANDLE_AT -DHAVE_LIBBPF  -DLIBBPF_VERSION=\"1.3.0\" -DLIBBPF_DYNAMIC -DHAVE_LIBBPF_SECTION_NAME  -DHAVE_ELF  -DHAVE_LIBMNL  -DHAVE_LIBCAP  -DHAVE_SETNS -DHAVE_HANDLE_AT -DHAVE_LIBBPF  -DLIBBPF_VERSION=\"1.3.0\" -DLIBBPF_DYNAMIC -DHAVE_LIBBPF_SECTION_NAME  -DHAVE_ELF  -DHAVE_LIBMNL  -DHAVE_LIBCAP  -DCONFIG_GACT -DCONFIG_GACT_PROB -DYY_NO_INPUT   -c -o q_fq.o q_fq.c
#21 14.28 gcc -Wall -Wstrict-prototypes  -Wmissing-prototypes -Wmissing-declarations -Wold-style-definition -Wformat=2 -O2 -pipe -I../include -I../include/uapi -DRESOLVE_HOSTNAMES -DLIBDIR=\"/usr/lib/x86_64-linux-gnu\" -DCONF_USR_DIR=\"/usr/share/iproute2\" -DCONF_ETC_DIR=\"/etc/iproute2\" -DNETNS_RUN_DIR=\"/var/run/netns\" -DNETNS_ETC_DIR=\"/etc/netns\" -DARPDDIR=\"/var/lib/arpd\" -DCONF_COLOR=COLOR_OPT_NEVER -D_GNU_SOURCE -D_FILE_OFFSET_BITS=64 -D_LARGEFILE_SOURCE -D_LARGEFILE64_SOURCE -DHAVE_SETNS -DHAVE_HANDLE_AT -DHAVE_LIBBPF  -DLIBBPF_VERSION=\"1.3.0\" -DLIBBPF_DYNAMIC -DHAVE_LIBBPF_SECTION_NAME  -DHAVE_ELF  -DHAVE_LIBMNL  -DHAVE_LIBCAP  -DHAVE_SETNS -DHAVE_HANDLE_AT -DHAVE_LIBBPF  -DLIBBPF_VERSION=\"1.3.0\" -DLIBBPF_DYNAMIC -DHAVE_LIBBPF_SECTION_NAME  -DHAVE_ELF  -DHAVE_LIBMNL  -DHAVE_LIBCAP  -DCONFIG_GACT -DCONFIG_GACT_PROB -DYY_NO_INPUT   -c -o q_pie.o q_pie.c
#21 14.35 gcc -Wall -Wstrict-prototypes  -Wmissing-prototypes -Wmissing-declarations -Wold-style-definition -Wformat=2 -O2 -pipe -I../include -I../include/uapi -DRESOLVE_HOSTNAMES -DLIBDIR=\"/usr/lib/x86_64-linux-gnu\" -DCONF_USR_DIR=\"/usr/share/iproute2\" -DCONF_ETC_DIR=\"/etc/iproute2\" -DNETNS_RUN_DIR=\"/var/run/netns\" -DNETNS_ETC_DIR=\"/etc/netns\" -DARPDDIR=\"/var/lib/arpd\" -DCONF_COLOR=COLOR_OPT_NEVER -D_GNU_SOURCE -D_FILE_OFFSET_BITS=64 -D_LARGEFILE_SOURCE -D_LARGEFILE64_SOURCE -DHAVE_SETNS -DHAVE_HANDLE_AT -DHAVE_LIBBPF  -DLIBBPF_VERSION=\"1.3.0\" -DLIBBPF_DYNAMIC -DHAVE_LIBBPF_SECTION_NAME  -DHAVE_ELF  -DHAVE_LIBMNL  -DHAVE_LIBCAP  -DHAVE_SETNS -DHAVE_HANDLE_AT -DHAVE_LIBBPF  -DLIBBPF_VERSION=\"1.3.0\" -DLIBBPF_DYNAMIC -DHAVE_LIBBPF_SECTION_NAME  -DHAVE_ELF  -DHAVE_LIBMNL  -DHAVE_LIBCAP  -DCONFIG_GACT -DCONFIG_GACT_PROB -DYY_NO_INPUT   -c -o q_fq_pie.o q_fq_pie.c
#21 14.42 gcc -Wall -Wstrict-prototypes  -Wmissing-prototypes -Wmissing-declarations -Wold-style-definition -Wformat=2 -O2 -pipe -I../include -I../include/uapi -DRESOLVE_HOSTNAMES -DLIBDIR=\"/usr/lib/x86_64-linux-gnu\" -DCONF_USR_DIR=\"/usr/share/iproute2\" -DCONF_ETC_DIR=\"/etc/iproute2\" -DNETNS_RUN_DIR=\"/var/run/netns\" -DNETNS_ETC_DIR=\"/etc/netns\" -DARPDDIR=\"/var/lib/arpd\" -DCONF_COLOR=COLOR_OPT_NEVER -D_GNU_SOURCE -D_FILE_OFFSET_BITS=64 -D_LARGEFILE_SOURCE -D_LARGEFILE64_SOURCE -DHAVE_SETNS -DHAVE_HANDLE_AT -DHAVE_LIBBPF  -DLIBBPF_VERSION=\"1.3.0\" -DLIBBPF_DYNAMIC -DHAVE_LIBBPF_SECTION_NAME  -DHAVE_ELF  -DHAVE_LIBMNL  -DHAVE_LIBCAP  -DHAVE_SETNS -DHAVE_HANDLE_AT -DHAVE_LIBBPF  -DLIBBPF_VERSION=\"1.3.0\" -DLIBBPF_DYNAMIC -DHAVE_LIBBPF_SECTION_NAME  -DHAVE_ELF  -DHAVE_LIBMNL  -DHAVE_LIBCAP  -DCONFIG_GACT -DCONFIG_GACT_PROB -DYY_NO_INPUT   -c -o q_cake.o q_cake.c
#21 14.55 gcc -Wall -Wstrict-prototypes  -Wmissing-prototypes -Wmissing-declarations -Wold-style-definition -Wformat=2 -O2 -pipe -I../include -I../include/uapi -DRESOLVE_HOSTNAMES -DLIBDIR=\"/usr/lib/x86_64-linux-gnu\" -DCONF_USR_DIR=\"/usr/share/iproute2\" -DCONF_ETC_DIR=\"/etc/iproute2\" -DNETNS_RUN_DIR=\"/var/run/netns\" -DNETNS_ETC_DIR=\"/etc/netns\" -DARPDDIR=\"/var/lib/arpd\" -DCONF_COLOR=COLOR_OPT_NEVER -D_GNU_SOURCE -D_FILE_OFFSET_BITS=64 -D_LARGEFILE_SOURCE -D_LARGEFILE64_SOURCE -DHAVE_SETNS -DHAVE_HANDLE_AT -DHAVE_LIBBPF  -DLIBBPF_VERSION=\"1.3.0\" -DLIBBPF_DYNAMIC -DHAVE_LIBBPF_SECTION_NAME  -DHAVE_ELF  -DHAVE_LIBMNL  -DHAVE_LIBCAP  -DHAVE_SETNS -DHAVE_HANDLE_AT -DHAVE_LIBBPF  -DLIBBPF_VERSION=\"1.3.0\" -DLIBBPF_DYNAMIC -DHAVE_LIBBPF_SECTION_NAME  -DHAVE_ELF  -DHAVE_LIBMNL  -DHAVE_LIBCAP  -DCONFIG_GACT -DCONFIG_GACT_PROB -DYY_NO_INPUT   -c -o q_hhf.o q_hhf.c
#21 14.60 gcc -Wall -Wstrict-prototypes  -Wmissing-prototypes -Wmissing-declarations -Wold-style-definition -Wformat=2 -O2 -pipe -I../include -I../include/uapi -DRESOLVE_HOSTNAMES -DLIBDIR=\"/usr/lib/x86_64-linux-gnu\" -DCONF_USR_DIR=\"/usr/share/iproute2\" -DCONF_ETC_DIR=\"/etc/iproute2\" -DNETNS_RUN_DIR=\"/var/run/netns\" -DNETNS_ETC_DIR=\"/etc/netns\" -DARPDDIR=\"/var/lib/arpd\" -DCONF_COLOR=COLOR_OPT_NEVER -D_GNU_SOURCE -D_FILE_OFFSET_BITS=64 -D_LARGEFILE_SOURCE -D_LARGEFILE64_SOURCE -DHAVE_SETNS -DHAVE_HANDLE_AT -DHAVE_LIBBPF  -DLIBBPF_VERSION=\"1.3.0\" -DLIBBPF_DYNAMIC -DHAVE_LIBBPF_SECTION_NAME  -DHAVE_ELF  -DHAVE_LIBMNL  -DHAVE_LIBCAP  -DHAVE_SETNS -DHAVE_HANDLE_AT -DHAVE_LIBBPF  -DLIBBPF_VERSION=\"1.3.0\" -DLIBBPF_DYNAMIC -DHAVE_LIBBPF_SECTION_NAME  -DHAVE_ELF  -DHAVE_LIBMNL  -DHAVE_LIBCAP  -DCONFIG_GACT -DCONFIG_GACT_PROB -DYY_NO_INPUT   -c -o q_clsact.o q_clsact.c
#21 14.63 gcc -Wall -Wstrict-prototypes  -Wmissing-prototypes -Wmissing-declarations -Wold-style-definition -Wformat=2 -O2 -pipe -I../include -I../include/uapi -DRESOLVE_HOSTNAMES -DLIBDIR=\"/usr/lib/x86_64-linux-gnu\" -DCONF_USR_DIR=\"/usr/share/iproute2\" -DCONF_ETC_DIR=\"/etc/iproute2\" -DNETNS_RUN_DIR=\"/var/run/netns\" -DNETNS_ETC_DIR=\"/etc/netns\" -DARPDDIR=\"/var/lib/arpd\" -DCONF_COLOR=COLOR_OPT_NEVER -D_GNU_SOURCE -D_FILE_OFFSET_BITS=64 -D_LARGEFILE_SOURCE -D_LARGEFILE64_SOURCE -DHAVE_SETNS -DHAVE_HANDLE_AT -DHAVE_LIBBPF  -DLIBBPF_VERSION=\"1.3.0\" -DLIBBPF_DYNAMIC -DHAVE_LIBBPF_SECTION_NAME  -DHAVE_ELF  -DHAVE_LIBMNL  -DHAVE_LIBCAP  -DHAVE_SETNS -DHAVE_HANDLE_AT -DHAVE_LIBBPF  -DLIBBPF_VERSION=\"1.3.0\" -DLIBBPF_DYNAMIC -DHAVE_LIBBPF_SECTION_NAME  -DHAVE_ELF  -DHAVE_LIBMNL  -DHAVE_LIBCAP  -DCONFIG_GACT -DCONFIG_GACT_PROB -DYY_NO_INPUT   -c -o e_bpf.o e_bpf.c
#21 14.69 gcc -Wall -Wstrict-prototypes  -Wmissing-prototypes -Wmissing-declarations -Wold-style-definition -Wformat=2 -O2 -pipe -I../include -I../include/uapi -DRESOLVE_HOSTNAMES -DLIBDIR=\"/usr/lib/x86_64-linux-gnu\" -DCONF_USR_DIR=\"/usr/share/iproute2\" -DCONF_ETC_DIR=\"/etc/iproute2\" -DNETNS_RUN_DIR=\"/var/run/netns\" -DNETNS_ETC_DIR=\"/etc/netns\" -DARPDDIR=\"/var/lib/arpd\" -DCONF_COLOR=COLOR_OPT_NEVER -D_GNU_SOURCE -D_FILE_OFFSET_BITS=64 -D_LARGEFILE_SOURCE -D_LARGEFILE64_SOURCE -DHAVE_SETNS -DHAVE_HANDLE_AT -DHAVE_LIBBPF  -DLIBBPF_VERSION=\"1.3.0\" -DLIBBPF_DYNAMIC -DHAVE_LIBBPF_SECTION_NAME  -DHAVE_ELF  -DHAVE_LIBMNL  -DHAVE_LIBCAP  -DHAVE_SETNS -DHAVE_HANDLE_AT -DHAVE_LIBBPF  -DLIBBPF_VERSION=\"1.3.0\" -DLIBBPF_DYNAMIC -DHAVE_LIBBPF_SECTION_NAME  -DHAVE_ELF  -DHAVE_LIBMNL  -DHAVE_LIBCAP  -DCONFIG_GACT -DCONFIG_GACT_PROB -DYY_NO_INPUT   -c -o f_matchall.o f_matchall.c
#21 14.73 gcc -Wall -Wstrict-prototypes  -Wmissing-prototypes -Wmissing-declarations -Wold-style-definition -Wformat=2 -O2 -pipe -I../include -I../include/uapi -DRESOLVE_HOSTNAMES -DLIBDIR=\"/usr/lib/x86_64-linux-gnu\" -DCONF_USR_DIR=\"/usr/share/iproute2\" -DCONF_ETC_DIR=\"/etc/iproute2\" -DNETNS_RUN_DIR=\"/var/run/netns\" -DNETNS_ETC_DIR=\"/etc/netns\" -DARPDDIR=\"/var/lib/arpd\" -DCONF_COLOR=COLOR_OPT_NEVER -D_GNU_SOURCE -D_FILE_OFFSET_BITS=64 -D_LARGEFILE_SOURCE -D_LARGEFILE64_SOURCE -DHAVE_SETNS -DHAVE_HANDLE_AT -DHAVE_LIBBPF  -DLIBBPF_VERSION=\"1.3.0\" -DLIBBPF_DYNAMIC -DHAVE_LIBBPF_SECTION_NAME  -DHAVE_ELF  -DHAVE_LIBMNL  -DHAVE_LIBCAP  -DHAVE_SETNS -DHAVE_HANDLE_AT -DHAVE_LIBBPF  -DLIBBPF_VERSION=\"1.3.0\" -DLIBBPF_DYNAMIC -DHAVE_LIBBPF_SECTION_NAME  -DHAVE_ELF  -DHAVE_LIBMNL  -DHAVE_LIBCAP  -DCONFIG_GACT -DCONFIG_GACT_PROB -DYY_NO_INPUT   -c -o q_cbs.o q_cbs.c
#21 14.78 gcc -Wall -Wstrict-prototypes  -Wmissing-prototypes -Wmissing-declarations -Wold-style-definition -Wformat=2 -O2 -pipe -I../include -I../include/uapi -DRESOLVE_HOSTNAMES -DLIBDIR=\"/usr/lib/x86_64-linux-gnu\" -DCONF_USR_DIR=\"/usr/share/iproute2\" -DCONF_ETC_DIR=\"/etc/iproute2\" -DNETNS_RUN_DIR=\"/var/run/netns\" -DNETNS_ETC_DIR=\"/etc/netns\" -DARPDDIR=\"/var/lib/arpd\" -DCONF_COLOR=COLOR_OPT_NEVER -D_GNU_SOURCE -D_FILE_OFFSET_BITS=64 -D_LARGEFILE_SOURCE -D_LARGEFILE64_SOURCE -DHAVE_SETNS -DHAVE_HANDLE_AT -DHAVE_LIBBPF  -DLIBBPF_VERSION=\"1.3.0\" -DLIBBPF_DYNAMIC -DHAVE_LIBBPF_SECTION_NAME  -DHAVE_ELF  -DHAVE_LIBMNL  -DHAVE_LIBCAP  -DHAVE_SETNS -DHAVE_HANDLE_AT -DHAVE_LIBBPF  -DLIBBPF_VERSION=\"1.3.0\" -DLIBBPF_DYNAMIC -DHAVE_LIBBPF_SECTION_NAME  -DHAVE_ELF  -DHAVE_LIBMNL  -DHAVE_LIBCAP  -DCONFIG_GACT -DCONFIG_GACT_PROB -DYY_NO_INPUT   -c -o q_etf.o q_etf.c
#21 14.82 gcc -Wall -Wstrict-prototypes  -Wmissing-prototypes -Wmissing-declarations -Wold-style-definition -Wformat=2 -O2 -pipe -I../include -I../include/uapi -DRESOLVE_HOSTNAMES -DLIBDIR=\"/usr/lib/x86_64-linux-gnu\" -DCONF_USR_DIR=\"/usr/share/iproute2\" -DCONF_ETC_DIR=\"/etc/iproute2\" -DNETNS_RUN_DIR=\"/var/run/netns\" -DNETNS_ETC_DIR=\"/etc/netns\" -DARPDDIR=\"/var/lib/arpd\" -DCONF_COLOR=COLOR_OPT_NEVER -D_GNU_SOURCE -D_FILE_OFFSET_BITS=64 -D_LARGEFILE_SOURCE -D_LARGEFILE64_SOURCE -DHAVE_SETNS -DHAVE_HANDLE_AT -DHAVE_LIBBPF  -DLIBBPF_VERSION=\"1.3.0\" -DLIBBPF_DYNAMIC -DHAVE_LIBBPF_SECTION_NAME  -DHAVE_ELF  -DHAVE_LIBMNL  -DHAVE_LIBCAP  -DHAVE_SETNS -DHAVE_HANDLE_AT -DHAVE_LIBBPF  -DLIBBPF_VERSION=\"1.3.0\" -DLIBBPF_DYNAMIC -DHAVE_LIBBPF_SECTION_NAME  -DHAVE_ELF  -DHAVE_LIBMNL  -DHAVE_LIBCAP  -DCONFIG_GACT -DCONFIG_GACT_PROB -DYY_NO_INPUT   -c -o q_taprio.o q_taprio.c
#21 14.92 gcc -Wall -Wstrict-prototypes  -Wmissing-prototypes -Wmissing-declarations -Wold-style-definition -Wformat=2 -O2 -pipe -I../include -I../include/uapi -DRESOLVE_HOSTNAMES -DLIBDIR=\"/usr/lib/x86_64-linux-gnu\" -DCONF_USR_DIR=\"/usr/share/iproute2\" -DCONF_ETC_DIR=\"/etc/iproute2\" -DNETNS_RUN_DIR=\"/var/run/netns\" -DNETNS_ETC_DIR=\"/etc/netns\" -DARPDDIR=\"/var/lib/arpd\" -DCONF_COLOR=COLOR_OPT_NEVER -D_GNU_SOURCE -D_FILE_OFFSET_BITS=64 -D_LARGEFILE_SOURCE -D_LARGEFILE64_SOURCE -DHAVE_SETNS -DHAVE_HANDLE_AT -DHAVE_LIBBPF  -DLIBBPF_VERSION=\"1.3.0\" -DLIBBPF_DYNAMIC -DHAVE_LIBBPF_SECTION_NAME  -DHAVE_ELF  -DHAVE_LIBMNL  -DHAVE_LIBCAP  -DHAVE_SETNS -DHAVE_HANDLE_AT -DHAVE_LIBBPF  -DLIBBPF_VERSION=\"1.3.0\" -DLIBBPF_DYNAMIC -DHAVE_LIBBPF_SECTION_NAME  -DHAVE_ELF  -DHAVE_LIBMNL  -DHAVE_LIBCAP  -DCONFIG_GACT -DCONFIG_GACT_PROB -DYY_NO_INPUT   -c -o q_plug.o q_plug.c
#21 14.96 gcc -Wall -Wstrict-prototypes  -Wmissing-prototypes -Wmissing-declarations -Wold-style-definition -Wformat=2 -O2 -pipe -I../include -I../include/uapi -DRESOLVE_HOSTNAMES -DLIBDIR=\"/usr/lib/x86_64-linux-gnu\" -DCONF_USR_DIR=\"/usr/share/iproute2\" -DCONF_ETC_DIR=\"/etc/iproute2\" -DNETNS_RUN_DIR=\"/var/run/netns\" -DNETNS_ETC_DIR=\"/etc/netns\" -DARPDDIR=\"/var/lib/arpd\" -DCONF_COLOR=COLOR_OPT_NEVER -D_GNU_SOURCE -D_FILE_OFFSET_BITS=64 -D_LARGEFILE_SOURCE -D_LARGEFILE64_SOURCE -DHAVE_SETNS -DHAVE_HANDLE_AT -DHAVE_LIBBPF  -DLIBBPF_VERSION=\"1.3.0\" -DLIBBPF_DYNAMIC -DHAVE_LIBBPF_SECTION_NAME  -DHAVE_ELF  -DHAVE_LIBMNL  -DHAVE_LIBCAP  -DHAVE_SETNS -DHAVE_HANDLE_AT -DHAVE_LIBBPF  -DLIBBPF_VERSION=\"1.3.0\" -DLIBBPF_DYNAMIC -DHAVE_LIBBPF_SECTION_NAME  -DHAVE_ELF  -DHAVE_LIBMNL  -DHAVE_LIBCAP  -DCONFIG_GACT -DCONFIG_GACT_PROB -DYY_NO_INPUT   -c -o q_ets.o q_ets.c
#21 15.02 gcc -Wall -Wstrict-prototypes  -Wmissing-prototypes -Wmissing-declarations -Wold-style-definition -Wformat=2 -O2 -pipe -I../include -I../include/uapi -DRESOLVE_HOSTNAMES -DLIBDIR=\"/usr/lib/x86_64-linux-gnu\" -DCONF_USR_DIR=\"/usr/share/iproute2\" -DCONF_ETC_DIR=\"/etc/iproute2\" -DNETNS_RUN_DIR=\"/var/run/netns\" -DNETNS_ETC_DIR=\"/etc/netns\" -DARPDDIR=\"/var/lib/arpd\" -DCONF_COLOR=COLOR_OPT_NEVER -D_GNU_SOURCE -D_FILE_OFFSET_BITS=64 -D_LARGEFILE_SOURCE -D_LARGEFILE64_SOURCE -DHAVE_SETNS -DHAVE_HANDLE_AT -DHAVE_LIBBPF  -DLIBBPF_VERSION=\"1.3.0\" -DLIBBPF_DYNAMIC -DHAVE_LIBBPF_SECTION_NAME  -DHAVE_ELF  -DHAVE_LIBMNL  -DHAVE_LIBCAP  -DHAVE_SETNS -DHAVE_HANDLE_AT -DHAVE_LIBBPF  -DLIBBPF_VERSION=\"1.3.0\" -DLIBBPF_DYNAMIC -DHAVE_LIBBPF_SECTION_NAME  -DHAVE_ELF  -DHAVE_LIBMNL  -DHAVE_LIBCAP  -DCONFIG_GACT -DCONFIG_GACT_PROB -DYY_NO_INPUT   -c -o tc_core.o tc_core.c
#21 15.09 gcc -Wall -Wstrict-prototypes  -Wmissing-prototypes -Wmissing-declarations -Wold-style-definition -Wformat=2 -O2 -pipe -I../include -I../include/uapi -DRESOLVE_HOSTNAMES -DLIBDIR=\"/usr/lib/x86_64-linux-gnu\" -DCONF_USR_DIR=\"/usr/share/iproute2\" -DCONF_ETC_DIR=\"/etc/iproute2\" -DNETNS_RUN_DIR=\"/var/run/netns\" -DNETNS_ETC_DIR=\"/etc/netns\" -DARPDDIR=\"/var/lib/arpd\" -DCONF_COLOR=COLOR_OPT_NEVER -D_GNU_SOURCE -D_FILE_OFFSET_BITS=64 -D_LARGEFILE_SOURCE -D_LARGEFILE64_SOURCE -DHAVE_SETNS -DHAVE_HANDLE_AT -DHAVE_LIBBPF  -DLIBBPF_VERSION=\"1.3.0\" -DLIBBPF_DYNAMIC -DHAVE_LIBBPF_SECTION_NAME  -DHAVE_ELF  -DHAVE_LIBMNL  -DHAVE_LIBCAP  -DHAVE_SETNS -DHAVE_HANDLE_AT -DHAVE_LIBBPF  -DLIBBPF_VERSION=\"1.3.0\" -DLIBBPF_DYNAMIC -DHAVE_LIBBPF_SECTION_NAME  -DHAVE_ELF  -DHAVE_LIBMNL  -DHAVE_LIBCAP  -DCONFIG_GACT -DCONFIG_GACT_PROB -DYY_NO_INPUT   -c -o tc_red.o tc_red.c
#21 15.14 gcc -Wall -Wstrict-prototypes  -Wmissing-prototypes -Wmissing-declarations -Wold-style-definition -Wformat=2 -O2 -pipe -I../include -I../include/uapi -DRESOLVE_HOSTNAMES -DLIBDIR=\"/usr/lib/x86_64-linux-gnu\" -DCONF_USR_DIR=\"/usr/share/iproute2\" -DCONF_ETC_DIR=\"/etc/iproute2\" -DNETNS_RUN_DIR=\"/var/run/netns\" -DNETNS_ETC_DIR=\"/etc/netns\" -DARPDDIR=\"/var/lib/arpd\" -DCONF_COLOR=COLOR_OPT_NEVER -D_GNU_SOURCE -D_FILE_OFFSET_BITS=64 -D_LARGEFILE_SOURCE -D_LARGEFILE64_SOURCE -DHAVE_SETNS -DHAVE_HANDLE_AT -DHAVE_LIBBPF  -DLIBBPF_VERSION=\"1.3.0\" -DLIBBPF_DYNAMIC -DHAVE_LIBBPF_SECTION_NAME  -DHAVE_ELF  -DHAVE_LIBMNL  -DHAVE_LIBCAP  -DHAVE_SETNS -DHAVE_HANDLE_AT -DHAVE_LIBBPF  -DLIBBPF_VERSION=\"1.3.0\" -DLIBBPF_DYNAMIC -DHAVE_LIBBPF_SECTION_NAME  -DHAVE_ELF  -DHAVE_LIBMNL  -DHAVE_LIBCAP  -DCONFIG_GACT -DCONFIG_GACT_PROB -DYY_NO_INPUT   -c -o tc_estimator.o tc_estimator.c
#21 15.18 gcc -Wall -Wstrict-prototypes  -Wmissing-prototypes -Wmissing-declarations -Wold-style-definition -Wformat=2 -O2 -pipe -I../include -I../include/uapi -DRESOLVE_HOSTNAMES -DLIBDIR=\"/usr/lib/x86_64-linux-gnu\" -DCONF_USR_DIR=\"/usr/share/iproute2\" -DCONF_ETC_DIR=\"/etc/iproute2\" -DNETNS_RUN_DIR=\"/var/run/netns\" -DNETNS_ETC_DIR=\"/etc/netns\" -DARPDDIR=\"/var/lib/arpd\" -DCONF_COLOR=COLOR_OPT_NEVER -D_GNU_SOURCE -D_FILE_OFFSET_BITS=64 -D_LARGEFILE_SOURCE -D_LARGEFILE64_SOURCE -DHAVE_SETNS -DHAVE_HANDLE_AT -DHAVE_LIBBPF  -DLIBBPF_VERSION=\"1.3.0\" -DLIBBPF_DYNAMIC -DHAVE_LIBBPF_SECTION_NAME  -DHAVE_ELF  -DHAVE_LIBMNL  -DHAVE_LIBCAP  -DHAVE_SETNS -DHAVE_HANDLE_AT -DHAVE_LIBBPF  -DLIBBPF_VERSION=\"1.3.0\" -DLIBBPF_DYNAMIC -DHAVE_LIBBPF_SECTION_NAME  -DHAVE_ELF  -DHAVE_LIBMNL  -DHAVE_LIBCAP  -DCONFIG_GACT -DCONFIG_GACT_PROB -DYY_NO_INPUT   -c -o tc_stab.o tc_stab.c
#21 15.24 gcc -Wall -Wstrict-prototypes  -Wmissing-prototypes -Wmissing-declarations -Wold-style-definition -Wformat=2 -O2 -pipe -I../include -I../include/uapi -DRESOLVE_HOSTNAMES -DLIBDIR=\"/usr/lib/x86_64-linux-gnu\" -DCONF_USR_DIR=\"/usr/share/iproute2\" -DCONF_ETC_DIR=\"/etc/iproute2\" -DNETNS_RUN_DIR=\"/var/run/netns\" -DNETNS_ETC_DIR=\"/etc/netns\" -DARPDDIR=\"/var/lib/arpd\" -DCONF_COLOR=COLOR_OPT_NEVER -D_GNU_SOURCE -D_FILE_OFFSET_BITS=64 -D_LARGEFILE_SOURCE -D_LARGEFILE64_SOURCE -DHAVE_SETNS -DHAVE_HANDLE_AT -DHAVE_LIBBPF  -DLIBBPF_VERSION=\"1.3.0\" -DLIBBPF_DYNAMIC -DHAVE_LIBBPF_SECTION_NAME  -DHAVE_ELF  -DHAVE_LIBMNL  -DHAVE_LIBCAP  -DHAVE_SETNS -DHAVE_HANDLE_AT -DHAVE_LIBBPF  -DLIBBPF_VERSION=\"1.3.0\" -DLIBBPF_DYNAMIC -DHAVE_LIBBPF_SECTION_NAME  -DHAVE_ELF  -DHAVE_LIBMNL  -DHAVE_LIBCAP  -DCONFIG_GACT -DCONFIG_GACT_PROB -DYY_NO_INPUT   -c -o tc_qevent.o tc_qevent.c
#21 15.29 ar rcs libtc.a tc_core.o tc_red.o tc_estimator.o tc_stab.o tc_qevent.o
#21 15.29 gcc tc.o tc_qdisc.o tc_class.o tc_filter.o tc_util.o tc_monitor.o tc_exec.o m_police.o m_estimator.o m_action.o m_ematch.o emp_ematch.tab.o emp_ematch.lex.o q_fifo.o q_dualpi2.o q_sfq.o q_red.o q_prio.o q_skbprio.o q_tbf.o q_multiq.o q_netem.o q_choke.o q_sfb.o f_u32.o f_route.o f_fw.o f_basic.o f_bpf.o f_flow.o f_cgroup.o f_flower.o q_gred.o q_ingress.o q_hfsc.o q_htb.o q_drr.o q_qfq.o m_gact.o m_mirred.o m_mpls.o m_nat.o m_pedit.o m_ife.o m_skbedit.o m_skbmod.o m_csum.o m_simple.o m_vlan.o m_connmark.o m_ctinfo.o m_bpf.o m_tunnel_key.o m_sample.o m_ct.o m_gate.o p_ip.o p_ip6.o p_icmp.o p_eth.o p_tcp.o p_udp.o em_nbyte.o em_cmp.o em_u32.o em_canid.o em_meta.o q_mqprio.o q_codel.o q_fq_codel.o q_fq.o q_pie.o q_fq_pie.o q_cake.o q_hhf.o q_clsact.o e_bpf.o f_matchall.o q_cbs.o q_etf.o q_taprio.o q_plug.o q_ets.o ../lib/libutil.a ../lib/libnetlink.a libtc.a -Wl,-export-dynamic -lbpf -lelf  -lmnl  -L/usr/lib64 -lcap  ../lib/libutil.a ../lib/libnetlink.a -lbpf -lelf  -lmnl  -L/usr/lib64 -lcap  -L. -lm -ldl -o tc
#21 15.32 rm emp_ematch.lex.c
#21 15.32 make[1]: Leaving directory '/nipa-data/iproute2/tc'
#21 15.32 
#21 15.32 bridge
#21 15.33 make[1]: Entering directory '/nipa-data/iproute2/bridge'
#21 15.33 gcc -Wall -Wstrict-prototypes  -Wmissing-prototypes -Wmissing-declarations -Wold-style-definition -Wformat=2 -O2 -pipe -I../include -I../include/uapi -DRESOLVE_HOSTNAMES -DLIBDIR=\"/usr/lib/x86_64-linux-gnu\" -DCONF_USR_DIR=\"/usr/share/iproute2\" -DCONF_ETC_DIR=\"/etc/iproute2\" -DNETNS_RUN_DIR=\"/var/run/netns\" -DNETNS_ETC_DIR=\"/etc/netns\" -DARPDDIR=\"/var/lib/arpd\" -DCONF_COLOR=COLOR_OPT_NEVER -D_GNU_SOURCE -D_FILE_OFFSET_BITS=64 -D_LARGEFILE_SOURCE -D_LARGEFILE64_SOURCE -DHAVE_SETNS -DHAVE_HANDLE_AT -DHAVE_LIBBPF  -DLIBBPF_VERSION=\"1.3.0\" -DLIBBPF_DYNAMIC -DHAVE_LIBBPF_SECTION_NAME  -DHAVE_ELF  -DHAVE_LIBMNL  -DHAVE_LIBCAP  -DHAVE_SETNS -DHAVE_HANDLE_AT -DHAVE_LIBBPF  -DLIBBPF_VERSION=\"1.3.0\" -DLIBBPF_DYNAMIC -DHAVE_LIBBPF_SECTION_NAME  -DHAVE_ELF  -DHAVE_LIBMNL  -DHAVE_LIBCAP    -c -o bridge.o bridge.c
#21 15.38 gcc -Wall -Wstrict-prototypes  -Wmissing-prototypes -Wmissing-declarations -Wold-style-definition -Wformat=2 -O2 -pipe -I../include -I../include/uapi -DRESOLVE_HOSTNAMES -DLIBDIR=\"/usr/lib/x86_64-linux-gnu\" -DCONF_USR_DIR=\"/usr/share/iproute2\" -DCONF_ETC_DIR=\"/etc/iproute2\" -DNETNS_RUN_DIR=\"/var/run/netns\" -DNETNS_ETC_DIR=\"/etc/netns\" -DARPDDIR=\"/var/lib/arpd\" -DCONF_COLOR=COLOR_OPT_NEVER -D_GNU_SOURCE -D_FILE_OFFSET_BITS=64 -D_LARGEFILE_SOURCE -D_LARGEFILE64_SOURCE -DHAVE_SETNS -DHAVE_HANDLE_AT -DHAVE_LIBBPF  -DLIBBPF_VERSION=\"1.3.0\" -DLIBBPF_DYNAMIC -DHAVE_LIBBPF_SECTION_NAME  -DHAVE_ELF  -DHAVE_LIBMNL  -DHAVE_LIBCAP  -DHAVE_SETNS -DHAVE_HANDLE_AT -DHAVE_LIBBPF  -DLIBBPF_VERSION=\"1.3.0\" -DLIBBPF_DYNAMIC -DHAVE_LIBBPF_SECTION_NAME  -DHAVE_ELF  -DHAVE_LIBMNL  -DHAVE_LIBCAP    -c -o fdb.o fdb.c
#21 15.53 gcc -Wall -Wstrict-prototypes  -Wmissing-prototypes -Wmissing-declarations -Wold-style-definition -Wformat=2 -O2 -pipe -I../include -I../include/uapi -DRESOLVE_HOSTNAMES -DLIBDIR=\"/usr/lib/x86_64-linux-gnu\" -DCONF_USR_DIR=\"/usr/share/iproute2\" -DCONF_ETC_DIR=\"/etc/iproute2\" -DNETNS_RUN_DIR=\"/var/run/netns\" -DNETNS_ETC_DIR=\"/etc/netns\" -DARPDDIR=\"/var/lib/arpd\" -DCONF_COLOR=COLOR_OPT_NEVER -D_GNU_SOURCE -D_FILE_OFFSET_BITS=64 -D_LARGEFILE_SOURCE -D_LARGEFILE64_SOURCE -DHAVE_SETNS -DHAVE_HANDLE_AT -DHAVE_LIBBPF  -DLIBBPF_VERSION=\"1.3.0\" -DLIBBPF_DYNAMIC -DHAVE_LIBBPF_SECTION_NAME  -DHAVE_ELF  -DHAVE_LIBMNL  -DHAVE_LIBCAP  -DHAVE_SETNS -DHAVE_HANDLE_AT -DHAVE_LIBBPF  -DLIBBPF_VERSION=\"1.3.0\" -DLIBBPF_DYNAMIC -DHAVE_LIBBPF_SECTION_NAME  -DHAVE_ELF  -DHAVE_LIBMNL  -DHAVE_LIBCAP    -c -o monitor.o monitor.c
#21 15.57 gcc -Wall -Wstrict-prototypes  -Wmissing-prototypes -Wmissing-declarations -Wold-style-definition -Wformat=2 -O2 -pipe -I../include -I../include/uapi -DRESOLVE_HOSTNAMES -DLIBDIR=\"/usr/lib/x86_64-linux-gnu\" -DCONF_USR_DIR=\"/usr/share/iproute2\" -DCONF_ETC_DIR=\"/etc/iproute2\" -DNETNS_RUN_DIR=\"/var/run/netns\" -DNETNS_ETC_DIR=\"/etc/netns\" -DARPDDIR=\"/var/lib/arpd\" -DCONF_COLOR=COLOR_OPT_NEVER -D_GNU_SOURCE -D_FILE_OFFSET_BITS=64 -D_LARGEFILE_SOURCE -D_LARGEFILE64_SOURCE -DHAVE_SETNS -DHAVE_HANDLE_AT -DHAVE_LIBBPF  -DLIBBPF_VERSION=\"1.3.0\" -DLIBBPF_DYNAMIC -DHAVE_LIBBPF_SECTION_NAME  -DHAVE_ELF  -DHAVE_LIBMNL  -DHAVE_LIBCAP  -DHAVE_SETNS -DHAVE_HANDLE_AT -DHAVE_LIBBPF  -DLIBBPF_VERSION=\"1.3.0\" -DLIBBPF_DYNAMIC -DHAVE_LIBBPF_SECTION_NAME  -DHAVE_ELF  -DHAVE_LIBMNL  -DHAVE_LIBCAP    -c -o link.o link.c
#21 15.68 gcc -Wall -Wstrict-prototypes  -Wmissing-prototypes -Wmissing-declarations -Wold-style-definition -Wformat=2 -O2 -pipe -I../include -I../include/uapi -DRESOLVE_HOSTNAMES -DLIBDIR=\"/usr/lib/x86_64-linux-gnu\" -DCONF_USR_DIR=\"/usr/share/iproute2\" -DCONF_ETC_DIR=\"/etc/iproute2\" -DNETNS_RUN_DIR=\"/var/run/netns\" -DNETNS_ETC_DIR=\"/etc/netns\" -DARPDDIR=\"/var/lib/arpd\" -DCONF_COLOR=COLOR_OPT_NEVER -D_GNU_SOURCE -D_FILE_OFFSET_BITS=64 -D_LARGEFILE_SOURCE -D_LARGEFILE64_SOURCE -DHAVE_SETNS -DHAVE_HANDLE_AT -DHAVE_LIBBPF  -DLIBBPF_VERSION=\"1.3.0\" -DLIBBPF_DYNAMIC -DHAVE_LIBBPF_SECTION_NAME  -DHAVE_ELF  -DHAVE_LIBMNL  -DHAVE_LIBCAP  -DHAVE_SETNS -DHAVE_HANDLE_AT -DHAVE_LIBBPF  -DLIBBPF_VERSION=\"1.3.0\" -DLIBBPF_DYNAMIC -DHAVE_LIBBPF_SECTION_NAME  -DHAVE_ELF  -DHAVE_LIBMNL  -DHAVE_LIBCAP    -c -o mdb.o mdb.c
#21 15.83 gcc -Wall -Wstrict-prototypes  -Wmissing-prototypes -Wmissing-declarations -Wold-style-definition -Wformat=2 -O2 -pipe -I../include -I../include/uapi -DRESOLVE_HOSTNAMES -DLIBDIR=\"/usr/lib/x86_64-linux-gnu\" -DCONF_USR_DIR=\"/usr/share/iproute2\" -DCONF_ETC_DIR=\"/etc/iproute2\" -DNETNS_RUN_DIR=\"/var/run/netns\" -DNETNS_ETC_DIR=\"/etc/netns\" -DARPDDIR=\"/var/lib/arpd\" -DCONF_COLOR=COLOR_OPT_NEVER -D_GNU_SOURCE -D_FILE_OFFSET_BITS=64 -D_LARGEFILE_SOURCE -D_LARGEFILE64_SOURCE -DHAVE_SETNS -DHAVE_HANDLE_AT -DHAVE_LIBBPF  -DLIBBPF_VERSION=\"1.3.0\" -DLIBBPF_DYNAMIC -DHAVE_LIBBPF_SECTION_NAME  -DHAVE_ELF  -DHAVE_LIBMNL  -DHAVE_LIBCAP  -DHAVE_SETNS -DHAVE_HANDLE_AT -DHAVE_LIBBPF  -DLIBBPF_VERSION=\"1.3.0\" -DLIBBPF_DYNAMIC -DHAVE_LIBBPF_SECTION_NAME  -DHAVE_ELF  -DHAVE_LIBMNL  -DHAVE_LIBCAP    -c -o mst.o mst.c
#21 15.88 gcc -Wall -Wstrict-prototypes  -Wmissing-prototypes -Wmissing-declarations -Wold-style-definition -Wformat=2 -O2 -pipe -I../include -I../include/uapi -DRESOLVE_HOSTNAMES -DLIBDIR=\"/usr/lib/x86_64-linux-gnu\" -DCONF_USR_DIR=\"/usr/share/iproute2\" -DCONF_ETC_DIR=\"/etc/iproute2\" -DNETNS_RUN_DIR=\"/var/run/netns\" -DNETNS_ETC_DIR=\"/etc/netns\" -DARPDDIR=\"/var/lib/arpd\" -DCONF_COLOR=COLOR_OPT_NEVER -D_GNU_SOURCE -D_FILE_OFFSET_BITS=64 -D_LARGEFILE_SOURCE -D_LARGEFILE64_SOURCE -DHAVE_SETNS -DHAVE_HANDLE_AT -DHAVE_LIBBPF  -DLIBBPF_VERSION=\"1.3.0\" -DLIBBPF_DYNAMIC -DHAVE_LIBBPF_SECTION_NAME  -DHAVE_ELF  -DHAVE_LIBMNL  -DHAVE_LIBCAP  -DHAVE_SETNS -DHAVE_HANDLE_AT -DHAVE_LIBBPF  -DLIBBPF_VERSION=\"1.3.0\" -DLIBBPF_DYNAMIC -DHAVE_LIBBPF_SECTION_NAME  -DHAVE_ELF  -DHAVE_LIBMNL  -DHAVE_LIBCAP    -c -o vlan.o vlan.c
#21 16.04 gcc -Wall -Wstrict-prototypes  -Wmissing-prototypes -Wmissing-declarations -Wold-style-definition -Wformat=2 -O2 -pipe -I../include -I../include/uapi -DRESOLVE_HOSTNAMES -DLIBDIR=\"/usr/lib/x86_64-linux-gnu\" -DCONF_USR_DIR=\"/usr/share/iproute2\" -DCONF_ETC_DIR=\"/etc/iproute2\" -DNETNS_RUN_DIR=\"/var/run/netns\" -DNETNS_ETC_DIR=\"/etc/netns\" -DARPDDIR=\"/var/lib/arpd\" -DCONF_COLOR=COLOR_OPT_NEVER -D_GNU_SOURCE -D_FILE_OFFSET_BITS=64 -D_LARGEFILE_SOURCE -D_LARGEFILE64_SOURCE -DHAVE_SETNS -DHAVE_HANDLE_AT -DHAVE_LIBBPF  -DLIBBPF_VERSION=\"1.3.0\" -DLIBBPF_DYNAMIC -DHAVE_LIBBPF_SECTION_NAME  -DHAVE_ELF  -DHAVE_LIBMNL  -DHAVE_LIBCAP  -DHAVE_SETNS -DHAVE_HANDLE_AT -DHAVE_LIBBPF  -DLIBBPF_VERSION=\"1.3.0\" -DLIBBPF_DYNAMIC -DHAVE_LIBBPF_SECTION_NAME  -DHAVE_ELF  -DHAVE_LIBMNL  -DHAVE_LIBCAP    -c -o vni.o vni.c
#21 16.11 gcc bridge.o fdb.o monitor.o link.o mdb.o mst.o vlan.o vni.o ../lib/libutil.a ../lib/libnetlink.a  -lbpf -lelf  -lmnl  -L/usr/lib64 -lcap  ../lib/libutil.a ../lib/libnetlink.a -lbpf -lelf  -lmnl  -L/usr/lib64 -lcap  -o bridge
#21 16.13 make[1]: Leaving directory '/nipa-data/iproute2/bridge'
#21 16.13 
#21 16.13 misc
#21 16.13 make[1]: Entering directory '/nipa-data/iproute2/misc'
#21 16.13 gcc -Wall -Wstrict-prototypes  -Wmissing-prototypes -Wmissing-declarations -Wold-style-definition -Wformat=2 -O2 -pipe -I../include -I../include/uapi -DRESOLVE_HOSTNAMES -DLIBDIR=\"/usr/lib/x86_64-linux-gnu\" -DCONF_USR_DIR=\"/usr/share/iproute2\" -DCONF_ETC_DIR=\"/etc/iproute2\" -DNETNS_RUN_DIR=\"/var/run/netns\" -DNETNS_ETC_DIR=\"/etc/netns\" -DARPDDIR=\"/var/lib/arpd\" -DCONF_COLOR=COLOR_OPT_NEVER -D_GNU_SOURCE -D_FILE_OFFSET_BITS=64 -D_LARGEFILE_SOURCE -D_LARGEFILE64_SOURCE -DHAVE_SETNS -DHAVE_HANDLE_AT -DHAVE_LIBBPF  -DLIBBPF_VERSION=\"1.3.0\" -DLIBBPF_DYNAMIC -DHAVE_LIBBPF_SECTION_NAME  -DHAVE_ELF  -DHAVE_LIBMNL  -DHAVE_LIBCAP  -DHAVE_SETNS -DHAVE_HANDLE_AT -DHAVE_LIBBPF  -DLIBBPF_VERSION=\"1.3.0\" -DLIBBPF_DYNAMIC -DHAVE_LIBBPF_SECTION_NAME  -DHAVE_ELF  -DHAVE_LIBMNL  -DHAVE_LIBCAP    -c -o ss.o ss.c
#21 16.81 gcc -Wall -Wstrict-prototypes  -Wmissing-prototypes -Wmissing-declarations -Wold-style-definition -Wformat=2 -O2 -pipe -I../include -I../include/uapi -DRESOLVE_HOSTNAMES -DLIBDIR=\"/usr/lib/x86_64-linux-gnu\" -DCONF_USR_DIR=\"/usr/share/iproute2\" -DCONF_ETC_DIR=\"/etc/iproute2\" -DNETNS_RUN_DIR=\"/var/run/netns\" -DNETNS_ETC_DIR=\"/etc/netns\" -DARPDDIR=\"/var/lib/arpd\" -DCONF_COLOR=COLOR_OPT_NEVER -D_GNU_SOURCE -D_FILE_OFFSET_BITS=64 -D_LARGEFILE_SOURCE -D_LARGEFILE64_SOURCE -DHAVE_SETNS -DHAVE_HANDLE_AT -DHAVE_LIBBPF  -DLIBBPF_VERSION=\"1.3.0\" -DLIBBPF_DYNAMIC -DHAVE_LIBBPF_SECTION_NAME  -DHAVE_ELF  -DHAVE_LIBMNL  -DHAVE_LIBCAP  -DHAVE_SETNS -DHAVE_HANDLE_AT -DHAVE_LIBBPF  -DLIBBPF_VERSION=\"1.3.0\" -DLIBBPF_DYNAMIC -DHAVE_LIBBPF_SECTION_NAME  -DHAVE_ELF  -DHAVE_LIBMNL  -DHAVE_LIBCAP    -c -o ssfilter_check.o ssfilter_check.c
#21 16.84 bison -b ssfilter ssfilter.y
#21 16.87 gcc -Wall -Wstrict-prototypes  -Wmissing-prototypes -Wmissing-declarations -Wold-style-definition -Wformat=2 -O2 -pipe -I../include -I../include/uapi -DRESOLVE_HOSTNAMES -DLIBDIR=\"/usr/lib/x86_64-linux-gnu\" -DCONF_USR_DIR=\"/usr/share/iproute2\" -DCONF_ETC_DIR=\"/etc/iproute2\" -DNETNS_RUN_DIR=\"/var/run/netns\" -DNETNS_ETC_DIR=\"/etc/netns\" -DARPDDIR=\"/var/lib/arpd\" -DCONF_COLOR=COLOR_OPT_NEVER -D_GNU_SOURCE -D_FILE_OFFSET_BITS=64 -D_LARGEFILE_SOURCE -D_LARGEFILE64_SOURCE -DHAVE_SETNS -DHAVE_HANDLE_AT -DHAVE_LIBBPF  -DLIBBPF_VERSION=\"1.3.0\" -DLIBBPF_DYNAMIC -DHAVE_LIBBPF_SECTION_NAME  -DHAVE_ELF  -DHAVE_LIBMNL  -DHAVE_LIBCAP  -DHAVE_SETNS -DHAVE_HANDLE_AT -DHAVE_LIBBPF  -DLIBBPF_VERSION=\"1.3.0\" -DLIBBPF_DYNAMIC -DHAVE_LIBBPF_SECTION_NAME  -DHAVE_ELF  -DHAVE_LIBMNL  -DHAVE_LIBCAP    -c -o ssfilter.tab.o ssfilter.tab.c
#21 16.96 gcc ss.o ssfilter_check.o ssfilter.tab.o  -lbpf -lelf  -lmnl  -L/usr/lib64 -lcap  ../lib/libutil.a ../lib/libnetlink.a -lbpf -lelf  -lmnl  -L/usr/lib64 -lcap  -o ss
#21 16.98 gcc -Wall -Wstrict-prototypes  -Wmissing-prototypes -Wmissing-declarations -Wold-style-definition -Wformat=2 -O2 -pipe -I../include -I../include/uapi -DRESOLVE_HOSTNAMES -DLIBDIR=\"/usr/lib/x86_64-linux-gnu\" -DCONF_USR_DIR=\"/usr/share/iproute2\" -DCONF_ETC_DIR=\"/etc/iproute2\" -DNETNS_RUN_DIR=\"/var/run/netns\" -DNETNS_ETC_DIR=\"/etc/netns\" -DARPDDIR=\"/var/lib/arpd\" -DCONF_COLOR=COLOR_OPT_NEVER -D_GNU_SOURCE -D_FILE_OFFSET_BITS=64 -D_LARGEFILE_SOURCE -D_LARGEFILE64_SOURCE -DHAVE_SETNS -DHAVE_HANDLE_AT -DHAVE_LIBBPF  -DLIBBPF_VERSION=\"1.3.0\" -DLIBBPF_DYNAMIC -DHAVE_LIBBPF_SECTION_NAME  -DHAVE_ELF  -DHAVE_LIBMNL  -DHAVE_LIBCAP  -DHAVE_SETNS -DHAVE_HANDLE_AT -DHAVE_LIBBPF  -DLIBBPF_VERSION=\"1.3.0\" -DLIBBPF_DYNAMIC -DHAVE_LIBBPF_SECTION_NAME  -DHAVE_ELF  -DHAVE_LIBMNL  -DHAVE_LIBCAP    -o nstat nstat.c -lbpf -lelf  -lmnl  -L/usr/lib64 -lcap  ../lib/libutil.a ../lib/libnetlink.a -lbpf -lelf  -lmnl  -L/usr/lib64 -lcap  -lm
#21 17.11 gcc -Wall -Wstrict-prototypes  -Wmissing-prototypes -Wmissing-declarations -Wold-style-definition -Wformat=2 -O2 -pipe -I../include -I../include/uapi -DRESOLVE_HOSTNAMES -DLIBDIR=\"/usr/lib/x86_64-linux-gnu\" -DCONF_USR_DIR=\"/usr/share/iproute2\" -DCONF_ETC_DIR=\"/etc/iproute2\" -DNETNS_RUN_DIR=\"/var/run/netns\" -DNETNS_ETC_DIR=\"/etc/netns\" -DARPDDIR=\"/var/lib/arpd\" -DCONF_COLOR=COLOR_OPT_NEVER -D_GNU_SOURCE -D_FILE_OFFSET_BITS=64 -D_LARGEFILE_SOURCE -D_LARGEFILE64_SOURCE -DHAVE_SETNS -DHAVE_HANDLE_AT -DHAVE_LIBBPF  -DLIBBPF_VERSION=\"1.3.0\" -DLIBBPF_DYNAMIC -DHAVE_LIBBPF_SECTION_NAME  -DHAVE_ELF  -DHAVE_LIBMNL  -DHAVE_LIBCAP  -DHAVE_SETNS -DHAVE_HANDLE_AT -DHAVE_LIBBPF  -DLIBBPF_VERSION=\"1.3.0\" -DLIBBPF_DYNAMIC -DHAVE_LIBBPF_SECTION_NAME  -DHAVE_ELF  -DHAVE_LIBMNL  -DHAVE_LIBCAP    -o ifstat ifstat.c -lbpf -lelf  -lmnl  -L/usr/lib64 -lcap  ../lib/libutil.a ../lib/libnetlink.a -lbpf -lelf  -lmnl  -L/usr/lib64 -lcap  -lm
#21 17.29 gcc -Wall -Wstrict-prototypes  -Wmissing-prototypes -Wmissing-declarations -Wold-style-definition -Wformat=2 -O2 -pipe -I../include -I../include/uapi -DRESOLVE_HOSTNAMES -DLIBDIR=\"/usr/lib/x86_64-linux-gnu\" -DCONF_USR_DIR=\"/usr/share/iproute2\" -DCONF_ETC_DIR=\"/etc/iproute2\" -DNETNS_RUN_DIR=\"/var/run/netns\" -DNETNS_ETC_DIR=\"/etc/netns\" -DARPDDIR=\"/var/lib/arpd\" -DCONF_COLOR=COLOR_OPT_NEVER -D_GNU_SOURCE -D_FILE_OFFSET_BITS=64 -D_LARGEFILE_SOURCE -D_LARGEFILE64_SOURCE -DHAVE_SETNS -DHAVE_HANDLE_AT -DHAVE_LIBBPF  -DLIBBPF_VERSION=\"1.3.0\" -DLIBBPF_DYNAMIC -DHAVE_LIBBPF_SECTION_NAME  -DHAVE_ELF  -DHAVE_LIBMNL  -DHAVE_LIBCAP  -DHAVE_SETNS -DHAVE_HANDLE_AT -DHAVE_LIBBPF  -DLIBBPF_VERSION=\"1.3.0\" -DLIBBPF_DYNAMIC -DHAVE_LIBBPF_SECTION_NAME  -DHAVE_ELF  -DHAVE_LIBMNL  -DHAVE_LIBCAP    -o rtacct rtacct.c -lbpf -lelf  -lmnl  -L/usr/lib64 -lcap  ../lib/libutil.a ../lib/libnetlink.a -lbpf -lelf  -lmnl  -L/usr/lib64 -lcap  -lm
#21 17.42 gcc -Wall -Wstrict-prototypes  -Wmissing-prototypes -Wmissing-declarations -Wold-style-definition -Wformat=2 -O2 -pipe -I../include -I../include/uapi -DRESOLVE_HOSTNAMES -DLIBDIR=\"/usr/lib/x86_64-linux-gnu\" -DCONF_USR_DIR=\"/usr/share/iproute2\" -DCONF_ETC_DIR=\"/etc/iproute2\" -DNETNS_RUN_DIR=\"/var/run/netns\" -DNETNS_ETC_DIR=\"/etc/netns\" -DARPDDIR=\"/var/lib/arpd\" -DCONF_COLOR=COLOR_OPT_NEVER -D_GNU_SOURCE -D_FILE_OFFSET_BITS=64 -D_LARGEFILE_SOURCE -D_LARGEFILE64_SOURCE -DHAVE_SETNS -DHAVE_HANDLE_AT -DHAVE_LIBBPF  -DLIBBPF_VERSION=\"1.3.0\" -DLIBBPF_DYNAMIC -DHAVE_LIBBPF_SECTION_NAME  -DHAVE_ELF  -DHAVE_LIBMNL  -DHAVE_LIBCAP  -DHAVE_SETNS -DHAVE_HANDLE_AT -DHAVE_LIBBPF  -DLIBBPF_VERSION=\"1.3.0\" -DLIBBPF_DYNAMIC -DHAVE_LIBBPF_SECTION_NAME  -DHAVE_ELF  -DHAVE_LIBMNL  -DHAVE_LIBCAP    -c -o lnstat.o lnstat.c
#21 17.48 gcc -Wall -Wstrict-prototypes  -Wmissing-prototypes -Wmissing-declarations -Wold-style-definition -Wformat=2 -O2 -pipe -I../include -I../include/uapi -DRESOLVE_HOSTNAMES -DLIBDIR=\"/usr/lib/x86_64-linux-gnu\" -DCONF_USR_DIR=\"/usr/share/iproute2\" -DCONF_ETC_DIR=\"/etc/iproute2\" -DNETNS_RUN_DIR=\"/var/run/netns\" -DNETNS_ETC_DIR=\"/etc/netns\" -DARPDDIR=\"/var/lib/arpd\" -DCONF_COLOR=COLOR_OPT_NEVER -D_GNU_SOURCE -D_FILE_OFFSET_BITS=64 -D_LARGEFILE_SOURCE -D_LARGEFILE64_SOURCE -DHAVE_SETNS -DHAVE_HANDLE_AT -DHAVE_LIBBPF  -DLIBBPF_VERSION=\"1.3.0\" -DLIBBPF_DYNAMIC -DHAVE_LIBBPF_SECTION_NAME  -DHAVE_ELF  -DHAVE_LIBMNL  -DHAVE_LIBCAP  -DHAVE_SETNS -DHAVE_HANDLE_AT -DHAVE_LIBBPF  -DLIBBPF_VERSION=\"1.3.0\" -DLIBBPF_DYNAMIC -DHAVE_LIBBPF_SECTION_NAME  -DHAVE_ELF  -DHAVE_LIBMNL  -DHAVE_LIBCAP    -c -o lnstat_util.o lnstat_util.c
#21 17.53 gcc lnstat.o lnstat_util.o  -lbpf -lelf  -lmnl  -L/usr/lib64 -lcap  ../lib/libutil.a ../lib/libnetlink.a -lbpf -lelf  -lmnl  -L/usr/lib64 -lcap  -o lnstat
#21 17.55 make[1]: Leaving directory '/nipa-data/iproute2/misc'
#21 17.55 
#21 17.55 netem
#21 17.55 make[1]: Entering directory '/nipa-data/iproute2/netem'
#21 17.55 gcc  -I../include -o maketable maketable.c -lm
#21 17.60 gcc  -I../include -o normal normal.c -lm
#21 17.63 gcc  -I../include -o pareto pareto.c -lm
#21 17.66 gcc  -I../include -o paretonormal paretonormal.c -lm
#21 17.70 ./normal > normal.dist
#21 17.71 ./pareto > pareto.dist
#21 17.71 ./paretonormal > paretonormal.dist
#21 17.71 ./maketable experimental.dat > experimental.dist
#21 17.72 make[1]: Leaving directory '/nipa-data/iproute2/netem'
#21 17.72 
#21 17.72 genl
#21 17.72 make[1]: Entering directory '/nipa-data/iproute2/genl'
#21 17.72 gcc -Wall -Wstrict-prototypes  -Wmissing-prototypes -Wmissing-declarations -Wold-style-definition -Wformat=2 -O2 -pipe -I../include -I../include/uapi -DRESOLVE_HOSTNAMES -DLIBDIR=\"/usr/lib/x86_64-linux-gnu\" -DCONF_USR_DIR=\"/usr/share/iproute2\" -DCONF_ETC_DIR=\"/etc/iproute2\" -DNETNS_RUN_DIR=\"/var/run/netns\" -DNETNS_ETC_DIR=\"/etc/netns\" -DARPDDIR=\"/var/lib/arpd\" -DCONF_COLOR=COLOR_OPT_NEVER -D_GNU_SOURCE -D_FILE_OFFSET_BITS=64 -D_LARGEFILE_SOURCE -D_LARGEFILE64_SOURCE -DHAVE_SETNS -DHAVE_HANDLE_AT -DHAVE_LIBBPF  -DLIBBPF_VERSION=\"1.3.0\" -DLIBBPF_DYNAMIC -DHAVE_LIBBPF_SECTION_NAME  -DHAVE_ELF  -DHAVE_LIBMNL  -DHAVE_LIBCAP  -DHAVE_SETNS -DHAVE_HANDLE_AT -DHAVE_LIBBPF  -DLIBBPF_VERSION=\"1.3.0\" -DLIBBPF_DYNAMIC -DHAVE_LIBBPF_SECTION_NAME  -DHAVE_ELF  -DHAVE_LIBMNL  -DHAVE_LIBCAP  -fno-strict-aliasing   -c -o genl.o genl.c
#21 17.76 gcc -Wall -Wstrict-prototypes  -Wmissing-prototypes -Wmissing-declarations -Wold-style-definition -Wformat=2 -O2 -pipe -I../include -I../include/uapi -DRESOLVE_HOSTNAMES -DLIBDIR=\"/usr/lib/x86_64-linux-gnu\" -DCONF_USR_DIR=\"/usr/share/iproute2\" -DCONF_ETC_DIR=\"/etc/iproute2\" -DNETNS_RUN_DIR=\"/var/run/netns\" -DNETNS_ETC_DIR=\"/etc/netns\" -DARPDDIR=\"/var/lib/arpd\" -DCONF_COLOR=COLOR_OPT_NEVER -D_GNU_SOURCE -D_FILE_OFFSET_BITS=64 -D_LARGEFILE_SOURCE -D_LARGEFILE64_SOURCE -DHAVE_SETNS -DHAVE_HANDLE_AT -DHAVE_LIBBPF  -DLIBBPF_VERSION=\"1.3.0\" -DLIBBPF_DYNAMIC -DHAVE_LIBBPF_SECTION_NAME  -DHAVE_ELF  -DHAVE_LIBMNL  -DHAVE_LIBCAP  -DHAVE_SETNS -DHAVE_HANDLE_AT -DHAVE_LIBBPF  -DLIBBPF_VERSION=\"1.3.0\" -DLIBBPF_DYNAMIC -DHAVE_LIBBPF_SECTION_NAME  -DHAVE_ELF  -DHAVE_LIBMNL  -DHAVE_LIBCAP  -fno-strict-aliasing   -c -o ctrl.o ctrl.c
#21 17.85 gcc genl.o ctrl.o ../lib/libutil.a ../lib/libnetlink.a -Wl,-export-dynamic -lbpf -lelf  -lmnl  -L/usr/lib64 -lcap  ../lib/libutil.a ../lib/libnetlink.a -lbpf -lelf  -lmnl  -L/usr/lib64 -lcap  -lm -ldl -o genl
#21 17.86 make[1]: Leaving directory '/nipa-data/iproute2/genl'
#21 17.86 
#21 17.86 man
#21 17.86 make[1]: Entering directory '/nipa-data/iproute2/man'
#21 17.86 make[2]: Entering directory '/nipa-data/iproute2/man/man7'
#21 17.86 make[2]: Nothing to be done for 'all'.
#21 17.86 make[2]: Leaving directory '/nipa-data/iproute2/man/man7'
#21 17.86 make[2]: Entering directory '/nipa-data/iproute2/man/man8'
#21 17.86 sed \
#21 17.86 	-e "s|@NETNS_ETC_DIR@|/etc/netns|g" \
#21 17.86 	-e "s|@NETNS_RUN_DIR@|/var/run/netns|g" \
#21 17.86 	-e "s|@SYSCONF_ETC_DIR@|/etc/iproute2|g" \
#21 17.86 	-e "s|@SYSCONF_USR_DIR@|/usr/share/iproute2|g" \
#21 17.86 	ip-address.8.in > ip-address.8
#21 17.88 sed \
#21 17.88 	-e "s|@NETNS_ETC_DIR@|/etc/netns|g" \
#21 17.88 	-e "s|@NETNS_RUN_DIR@|/var/run/netns|g" \
#21 17.88 	-e "s|@SYSCONF_ETC_DIR@|/etc/iproute2|g" \
#21 17.88 	-e "s|@SYSCONF_USR_DIR@|/usr/share/iproute2|g" \
#21 17.88 	ip-link.8.in > ip-link.8
#21 17.88 sed \
#21 17.88 	-e "s|@NETNS_ETC_DIR@|/etc/netns|g" \
#21 17.88 	-e "s|@NETNS_RUN_DIR@|/var/run/netns|g" \
#21 17.88 	-e "s|@SYSCONF_ETC_DIR@|/etc/iproute2|g" \
#21 17.88 	-e "s|@SYSCONF_USR_DIR@|/usr/share/iproute2|g" \
#21 17.88 	ip-netns.8.in > ip-netns.8
#21 17.88 sed \
#21 17.88 	-e "s|@NETNS_ETC_DIR@|/etc/netns|g" \
#21 17.88 	-e "s|@NETNS_RUN_DIR@|/var/run/netns|g" \
#21 17.88 	-e "s|@SYSCONF_ETC_DIR@|/etc/iproute2|g" \
#21 17.88 	-e "s|@SYSCONF_USR_DIR@|/usr/share/iproute2|g" \
#21 17.88 	ip-route.8.in > ip-route.8
#21 17.88 sed \
#21 17.88 	-e "s|@NETNS_ETC_DIR@|/etc/netns|g" \
#21 17.88 	-e "s|@NETNS_RUN_DIR@|/var/run/netns|g" \
#21 17.88 	-e "s|@SYSCONF_ETC_DIR@|/etc/iproute2|g" \
#21 17.88 	-e "s|@SYSCONF_USR_DIR@|/usr/share/iproute2|g" \
#21 17.88 	ip-rule.8.in > ip-rule.8
#21 17.89 make[2]: Leaving directory '/nipa-data/iproute2/man/man8'
#21 17.89 make[1]: Leaving directory '/nipa-data/iproute2/man'
#21 17.89 
#21 17.89 tipc
#21 17.89 make[1]: Entering directory '/nipa-data/iproute2/tipc'
#21 17.89 gcc -Wall -Wstrict-prototypes  -Wmissing-prototypes -Wmissing-declarations -Wold-style-definition -Wformat=2 -O2 -pipe -I../include -I../include/uapi -DRESOLVE_HOSTNAMES -DLIBDIR=\"/usr/lib/x86_64-linux-gnu\" -DCONF_USR_DIR=\"/usr/share/iproute2\" -DCONF_ETC_DIR=\"/etc/iproute2\" -DNETNS_RUN_DIR=\"/var/run/netns\" -DNETNS_ETC_DIR=\"/etc/netns\" -DARPDDIR=\"/var/lib/arpd\" -DCONF_COLOR=COLOR_OPT_NEVER -D_GNU_SOURCE -D_FILE_OFFSET_BITS=64 -D_LARGEFILE_SOURCE -D_LARGEFILE64_SOURCE -DHAVE_SETNS -DHAVE_HANDLE_AT -DHAVE_LIBBPF  -DLIBBPF_VERSION=\"1.3.0\" -DLIBBPF_DYNAMIC -DHAVE_LIBBPF_SECTION_NAME  -DHAVE_ELF  -DHAVE_LIBMNL  -DHAVE_LIBCAP  -DHAVE_SETNS -DHAVE_HANDLE_AT -DHAVE_LIBBPF  -DLIBBPF_VERSION=\"1.3.0\" -DLIBBPF_DYNAMIC -DHAVE_LIBBPF_SECTION_NAME  -DHAVE_ELF  -DHAVE_LIBMNL  -DHAVE_LIBCAP    -c -o bearer.o bearer.c
#21 18.03 gcc -Wall -Wstrict-prototypes  -Wmissing-prototypes -Wmissing-declarations -Wold-style-definition -Wformat=2 -O2 -pipe -I../include -I../include/uapi -DRESOLVE_HOSTNAMES -DLIBDIR=\"/usr/lib/x86_64-linux-gnu\" -DCONF_USR_DIR=\"/usr/share/iproute2\" -DCONF_ETC_DIR=\"/etc/iproute2\" -DNETNS_RUN_DIR=\"/var/run/netns\" -DNETNS_ETC_DIR=\"/etc/netns\" -DARPDDIR=\"/var/lib/arpd\" -DCONF_COLOR=COLOR_OPT_NEVER -D_GNU_SOURCE -D_FILE_OFFSET_BITS=64 -D_LARGEFILE_SOURCE -D_LARGEFILE64_SOURCE -DHAVE_SETNS -DHAVE_HANDLE_AT -DHAVE_LIBBPF  -DLIBBPF_VERSION=\"1.3.0\" -DLIBBPF_DYNAMIC -DHAVE_LIBBPF_SECTION_NAME  -DHAVE_ELF  -DHAVE_LIBMNL  -DHAVE_LIBCAP  -DHAVE_SETNS -DHAVE_HANDLE_AT -DHAVE_LIBBPF  -DLIBBPF_VERSION=\"1.3.0\" -DLIBBPF_DYNAMIC -DHAVE_LIBBPF_SECTION_NAME  -DHAVE_ELF  -DHAVE_LIBMNL  -DHAVE_LIBCAP    -c -o cmdl.o cmdl.c
#21 18.07 gcc -Wall -Wstrict-prototypes  -Wmissing-prototypes -Wmissing-declarations -Wold-style-definition -Wformat=2 -O2 -pipe -I../include -I../include/uapi -DRESOLVE_HOSTNAMES -DLIBDIR=\"/usr/lib/x86_64-linux-gnu\" -DCONF_USR_DIR=\"/usr/share/iproute2\" -DCONF_ETC_DIR=\"/etc/iproute2\" -DNETNS_RUN_DIR=\"/var/run/netns\" -DNETNS_ETC_DIR=\"/etc/netns\" -DARPDDIR=\"/var/lib/arpd\" -DCONF_COLOR=COLOR_OPT_NEVER -D_GNU_SOURCE -D_FILE_OFFSET_BITS=64 -D_LARGEFILE_SOURCE -D_LARGEFILE64_SOURCE -DHAVE_SETNS -DHAVE_HANDLE_AT -DHAVE_LIBBPF  -DLIBBPF_VERSION=\"1.3.0\" -DLIBBPF_DYNAMIC -DHAVE_LIBBPF_SECTION_NAME  -DHAVE_ELF  -DHAVE_LIBMNL  -DHAVE_LIBCAP  -DHAVE_SETNS -DHAVE_HANDLE_AT -DHAVE_LIBBPF  -DLIBBPF_VERSION=\"1.3.0\" -DLIBBPF_DYNAMIC -DHAVE_LIBBPF_SECTION_NAME  -DHAVE_ELF  -DHAVE_LIBMNL  -DHAVE_LIBCAP    -c -o link.o link.c
#21 18.20 gcc -Wall -Wstrict-prototypes  -Wmissing-prototypes -Wmissing-declarations -Wold-style-definition -Wformat=2 -O2 -pipe -I../include -I../include/uapi -DRESOLVE_HOSTNAMES -DLIBDIR=\"/usr/lib/x86_64-linux-gnu\" -DCONF_USR_DIR=\"/usr/share/iproute2\" -DCONF_ETC_DIR=\"/etc/iproute2\" -DNETNS_RUN_DIR=\"/var/run/netns\" -DNETNS_ETC_DIR=\"/etc/netns\" -DARPDDIR=\"/var/lib/arpd\" -DCONF_COLOR=COLOR_OPT_NEVER -D_GNU_SOURCE -D_FILE_OFFSET_BITS=64 -D_LARGEFILE_SOURCE -D_LARGEFILE64_SOURCE -DHAVE_SETNS -DHAVE_HANDLE_AT -DHAVE_LIBBPF  -DLIBBPF_VERSION=\"1.3.0\" -DLIBBPF_DYNAMIC -DHAVE_LIBBPF_SECTION_NAME  -DHAVE_ELF  -DHAVE_LIBMNL  -DHAVE_LIBCAP  -DHAVE_SETNS -DHAVE_HANDLE_AT -DHAVE_LIBBPF  -DLIBBPF_VERSION=\"1.3.0\" -DLIBBPF_DYNAMIC -DHAVE_LIBBPF_SECTION_NAME  -DHAVE_ELF  -DHAVE_LIBMNL  -DHAVE_LIBCAP    -c -o media.o media.c
#21 18.25 gcc -Wall -Wstrict-prototypes  -Wmissing-prototypes -Wmissing-declarations -Wold-style-definition -Wformat=2 -O2 -pipe -I../include -I../include/uapi -DRESOLVE_HOSTNAMES -DLIBDIR=\"/usr/lib/x86_64-linux-gnu\" -DCONF_USR_DIR=\"/usr/share/iproute2\" -DCONF_ETC_DIR=\"/etc/iproute2\" -DNETNS_RUN_DIR=\"/var/run/netns\" -DNETNS_ETC_DIR=\"/etc/netns\" -DARPDDIR=\"/var/lib/arpd\" -DCONF_COLOR=COLOR_OPT_NEVER -D_GNU_SOURCE -D_FILE_OFFSET_BITS=64 -D_LARGEFILE_SOURCE -D_LARGEFILE64_SOURCE -DHAVE_SETNS -DHAVE_HANDLE_AT -DHAVE_LIBBPF  -DLIBBPF_VERSION=\"1.3.0\" -DLIBBPF_DYNAMIC -DHAVE_LIBBPF_SECTION_NAME  -DHAVE_ELF  -DHAVE_LIBMNL  -DHAVE_LIBCAP  -DHAVE_SETNS -DHAVE_HANDLE_AT -DHAVE_LIBBPF  -DLIBBPF_VERSION=\"1.3.0\" -DLIBBPF_DYNAMIC -DHAVE_LIBBPF_SECTION_NAME  -DHAVE_ELF  -DHAVE_LIBMNL  -DHAVE_LIBCAP    -c -o misc.o misc.c
#21 18.29 gcc -Wall -Wstrict-prototypes  -Wmissing-prototypes -Wmissing-declarations -Wold-style-definition -Wformat=2 -O2 -pipe -I../include -I../include/uapi -DRESOLVE_HOSTNAMES -DLIBDIR=\"/usr/lib/x86_64-linux-gnu\" -DCONF_USR_DIR=\"/usr/share/iproute2\" -DCONF_ETC_DIR=\"/etc/iproute2\" -DNETNS_RUN_DIR=\"/var/run/netns\" -DNETNS_ETC_DIR=\"/etc/netns\" -DARPDDIR=\"/var/lib/arpd\" -DCONF_COLOR=COLOR_OPT_NEVER -D_GNU_SOURCE -D_FILE_OFFSET_BITS=64 -D_LARGEFILE_SOURCE -D_LARGEFILE64_SOURCE -DHAVE_SETNS -DHAVE_HANDLE_AT -DHAVE_LIBBPF  -DLIBBPF_VERSION=\"1.3.0\" -DLIBBPF_DYNAMIC -DHAVE_LIBBPF_SECTION_NAME  -DHAVE_ELF  -DHAVE_LIBMNL  -DHAVE_LIBCAP  -DHAVE_SETNS -DHAVE_HANDLE_AT -DHAVE_LIBBPF  -DLIBBPF_VERSION=\"1.3.0\" -DLIBBPF_DYNAMIC -DHAVE_LIBBPF_SECTION_NAME  -DHAVE_ELF  -DHAVE_LIBMNL  -DHAVE_LIBCAP    -c -o msg.o msg.c
#21 18.32 gcc -Wall -Wstrict-prototypes  -Wmissing-prototypes -Wmissing-declarations -Wold-style-definition -Wformat=2 -O2 -pipe -I../include -I../include/uapi -DRESOLVE_HOSTNAMES -DLIBDIR=\"/usr/lib/x86_64-linux-gnu\" -DCONF_USR_DIR=\"/usr/share/iproute2\" -DCONF_ETC_DIR=\"/etc/iproute2\" -DNETNS_RUN_DIR=\"/var/run/netns\" -DNETNS_ETC_DIR=\"/etc/netns\" -DARPDDIR=\"/var/lib/arpd\" -DCONF_COLOR=COLOR_OPT_NEVER -D_GNU_SOURCE -D_FILE_OFFSET_BITS=64 -D_LARGEFILE_SOURCE -D_LARGEFILE64_SOURCE -DHAVE_SETNS -DHAVE_HANDLE_AT -DHAVE_LIBBPF  -DLIBBPF_VERSION=\"1.3.0\" -DLIBBPF_DYNAMIC -DHAVE_LIBBPF_SECTION_NAME  -DHAVE_ELF  -DHAVE_LIBMNL  -DHAVE_LIBCAP  -DHAVE_SETNS -DHAVE_HANDLE_AT -DHAVE_LIBBPF  -DLIBBPF_VERSION=\"1.3.0\" -DLIBBPF_DYNAMIC -DHAVE_LIBBPF_SECTION_NAME  -DHAVE_ELF  -DHAVE_LIBMNL  -DHAVE_LIBCAP    -c -o nametable.o nametable.c
#21 18.35 gcc -Wall -Wstrict-prototypes  -Wmissing-prototypes -Wmissing-declarations -Wold-style-definition -Wformat=2 -O2 -pipe -I../include -I../include/uapi -DRESOLVE_HOSTNAMES -DLIBDIR=\"/usr/lib/x86_64-linux-gnu\" -DCONF_USR_DIR=\"/usr/share/iproute2\" -DCONF_ETC_DIR=\"/etc/iproute2\" -DNETNS_RUN_DIR=\"/var/run/netns\" -DNETNS_ETC_DIR=\"/etc/netns\" -DARPDDIR=\"/var/lib/arpd\" -DCONF_COLOR=COLOR_OPT_NEVER -D_GNU_SOURCE -D_FILE_OFFSET_BITS=64 -D_LARGEFILE_SOURCE -D_LARGEFILE64_SOURCE -DHAVE_SETNS -DHAVE_HANDLE_AT -DHAVE_LIBBPF  -DLIBBPF_VERSION=\"1.3.0\" -DLIBBPF_DYNAMIC -DHAVE_LIBBPF_SECTION_NAME  -DHAVE_ELF  -DHAVE_LIBMNL  -DHAVE_LIBCAP  -DHAVE_SETNS -DHAVE_HANDLE_AT -DHAVE_LIBBPF  -DLIBBPF_VERSION=\"1.3.0\" -DLIBBPF_DYNAMIC -DHAVE_LIBBPF_SECTION_NAME  -DHAVE_ELF  -DHAVE_LIBMNL  -DHAVE_LIBCAP    -c -o node.o node.c
#21 18.42 gcc -Wall -Wstrict-prototypes  -Wmissing-prototypes -Wmissing-declarations -Wold-style-definition -Wformat=2 -O2 -pipe -I../include -I../include/uapi -DRESOLVE_HOSTNAMES -DLIBDIR=\"/usr/lib/x86_64-linux-gnu\" -DCONF_USR_DIR=\"/usr/share/iproute2\" -DCONF_ETC_DIR=\"/etc/iproute2\" -DNETNS_RUN_DIR=\"/var/run/netns\" -DNETNS_ETC_DIR=\"/etc/netns\" -DARPDDIR=\"/var/lib/arpd\" -DCONF_COLOR=COLOR_OPT_NEVER -D_GNU_SOURCE -D_FILE_OFFSET_BITS=64 -D_LARGEFILE_SOURCE -D_LARGEFILE64_SOURCE -DHAVE_SETNS -DHAVE_HANDLE_AT -DHAVE_LIBBPF  -DLIBBPF_VERSION=\"1.3.0\" -DLIBBPF_DYNAMIC -DHAVE_LIBBPF_SECTION_NAME  -DHAVE_ELF  -DHAVE_LIBMNL  -DHAVE_LIBCAP  -DHAVE_SETNS -DHAVE_HANDLE_AT -DHAVE_LIBBPF  -DLIBBPF_VERSION=\"1.3.0\" -DLIBBPF_DYNAMIC -DHAVE_LIBBPF_SECTION_NAME  -DHAVE_ELF  -DHAVE_LIBMNL  -DHAVE_LIBCAP    -c -o socket.o socket.c
#21 18.45 gcc -Wall -Wstrict-prototypes  -Wmissing-prototypes -Wmissing-declarations -Wold-style-definition -Wformat=2 -O2 -pipe -I../include -I../include/uapi -DRESOLVE_HOSTNAMES -DLIBDIR=\"/usr/lib/x86_64-linux-gnu\" -DCONF_USR_DIR=\"/usr/share/iproute2\" -DCONF_ETC_DIR=\"/etc/iproute2\" -DNETNS_RUN_DIR=\"/var/run/netns\" -DNETNS_ETC_DIR=\"/etc/netns\" -DARPDDIR=\"/var/lib/arpd\" -DCONF_COLOR=COLOR_OPT_NEVER -D_GNU_SOURCE -D_FILE_OFFSET_BITS=64 -D_LARGEFILE_SOURCE -D_LARGEFILE64_SOURCE -DHAVE_SETNS -DHAVE_HANDLE_AT -DHAVE_LIBBPF  -DLIBBPF_VERSION=\"1.3.0\" -DLIBBPF_DYNAMIC -DHAVE_LIBBPF_SECTION_NAME  -DHAVE_ELF  -DHAVE_LIBMNL  -DHAVE_LIBCAP  -DHAVE_SETNS -DHAVE_HANDLE_AT -DHAVE_LIBBPF  -DLIBBPF_VERSION=\"1.3.0\" -DLIBBPF_DYNAMIC -DHAVE_LIBBPF_SECTION_NAME  -DHAVE_ELF  -DHAVE_LIBMNL  -DHAVE_LIBCAP    -c -o peer.o peer.c
#21 18.48 gcc -Wall -Wstrict-prototypes  -Wmissing-prototypes -Wmissing-declarations -Wold-style-definition -Wformat=2 -O2 -pipe -I../include -I../include/uapi -DRESOLVE_HOSTNAMES -DLIBDIR=\"/usr/lib/x86_64-linux-gnu\" -DCONF_USR_DIR=\"/usr/share/iproute2\" -DCONF_ETC_DIR=\"/etc/iproute2\" -DNETNS_RUN_DIR=\"/var/run/netns\" -DNETNS_ETC_DIR=\"/etc/netns\" -DARPDDIR=\"/var/lib/arpd\" -DCONF_COLOR=COLOR_OPT_NEVER -D_GNU_SOURCE -D_FILE_OFFSET_BITS=64 -D_LARGEFILE_SOURCE -D_LARGEFILE64_SOURCE -DHAVE_SETNS -DHAVE_HANDLE_AT -DHAVE_LIBBPF  -DLIBBPF_VERSION=\"1.3.0\" -DLIBBPF_DYNAMIC -DHAVE_LIBBPF_SECTION_NAME  -DHAVE_ELF  -DHAVE_LIBMNL  -DHAVE_LIBCAP  -DHAVE_SETNS -DHAVE_HANDLE_AT -DHAVE_LIBBPF  -DLIBBPF_VERSION=\"1.3.0\" -DLIBBPF_DYNAMIC -DHAVE_LIBBPF_SECTION_NAME  -DHAVE_ELF  -DHAVE_LIBMNL  -DHAVE_LIBCAP    -c -o tipc.o tipc.c
#21 18.51 gcc bearer.o cmdl.o link.o media.o misc.o msg.o nametable.o node.o socket.o peer.o tipc.o  -lbpf -lelf  -lmnl  -L/usr/lib64 -lcap  ../lib/libutil.a ../lib/libnetlink.a -lbpf -lelf  -lmnl  -L/usr/lib64 -lcap  -o tipc
#21 18.53 make[1]: Leaving directory '/nipa-data/iproute2/tipc'
#21 18.53 
#21 18.53 devlink
#21 18.53 make[1]: Entering directory '/nipa-data/iproute2/devlink'
#21 18.53 gcc -Wall -Wstrict-prototypes  -Wmissing-prototypes -Wmissing-declarations -Wold-style-definition -Wformat=2 -O2 -pipe -I../include -I../include/uapi -DRESOLVE_HOSTNAMES -DLIBDIR=\"/usr/lib/x86_64-linux-gnu\" -DCONF_USR_DIR=\"/usr/share/iproute2\" -DCONF_ETC_DIR=\"/etc/iproute2\" -DNETNS_RUN_DIR=\"/var/run/netns\" -DNETNS_ETC_DIR=\"/etc/netns\" -DARPDDIR=\"/var/lib/arpd\" -DCONF_COLOR=COLOR_OPT_NEVER -D_GNU_SOURCE -D_FILE_OFFSET_BITS=64 -D_LARGEFILE_SOURCE -D_LARGEFILE64_SOURCE -DHAVE_SETNS -DHAVE_HANDLE_AT -DHAVE_LIBBPF  -DLIBBPF_VERSION=\"1.3.0\" -DLIBBPF_DYNAMIC -DHAVE_LIBBPF_SECTION_NAME  -DHAVE_ELF  -DHAVE_LIBMNL  -DHAVE_LIBCAP  -DHAVE_SETNS -DHAVE_HANDLE_AT -DHAVE_LIBBPF  -DLIBBPF_VERSION=\"1.3.0\" -DLIBBPF_DYNAMIC -DHAVE_LIBBPF_SECTION_NAME  -DHAVE_ELF  -DHAVE_LIBMNL  -DHAVE_LIBCAP    -c -o devlink.o devlink.c
#21 19.79 gcc devlink.o ../lib/libutil.a ../lib/libnetlink.a  -lbpf -lelf  -lmnl  -L/usr/lib64 -lcap  ../lib/libutil.a ../lib/libnetlink.a -lbpf -lelf  -lmnl  -L/usr/lib64 -lcap  -lm -o devlink
#21 19.80 make[1]: Leaving directory '/nipa-data/iproute2/devlink'
#21 19.80 
#21 19.80 rdma
#21 19.80 make[1]: Entering directory '/nipa-data/iproute2/rdma'
#21 19.80 gcc -Wall -Wstrict-prototypes  -Wmissing-prototypes -Wmissing-declarations -Wold-style-definition -Wformat=2 -O2 -pipe -I../include -I../include/uapi -DRESOLVE_HOSTNAMES -DLIBDIR=\"/usr/lib/x86_64-linux-gnu\" -DCONF_USR_DIR=\"/usr/share/iproute2\" -DCONF_ETC_DIR=\"/etc/iproute2\" -DNETNS_RUN_DIR=\"/var/run/netns\" -DNETNS_ETC_DIR=\"/etc/netns\" -DARPDDIR=\"/var/lib/arpd\" -DCONF_COLOR=COLOR_OPT_NEVER -D_GNU_SOURCE -D_FILE_OFFSET_BITS=64 -D_LARGEFILE_SOURCE -D_LARGEFILE64_SOURCE -DHAVE_SETNS -DHAVE_HANDLE_AT -DHAVE_LIBBPF  -DLIBBPF_VERSION=\"1.3.0\" -DLIBBPF_DYNAMIC -DHAVE_LIBBPF_SECTION_NAME  -DHAVE_ELF  -DHAVE_LIBMNL  -DHAVE_LIBCAP  -DHAVE_SETNS -DHAVE_HANDLE_AT -DHAVE_LIBBPF  -DLIBBPF_VERSION=\"1.3.0\" -DLIBBPF_DYNAMIC -DHAVE_LIBBPF_SECTION_NAME  -DHAVE_ELF  -DHAVE_LIBMNL  -DHAVE_LIBCAP  -I./include/uapi/   -c -o rdma.o rdma.c
#21 19.86 gcc -Wall -Wstrict-prototypes  -Wmissing-prototypes -Wmissing-declarations -Wold-style-definition -Wformat=2 -O2 -pipe -I../include -I../include/uapi -DRESOLVE_HOSTNAMES -DLIBDIR=\"/usr/lib/x86_64-linux-gnu\" -DCONF_USR_DIR=\"/usr/share/iproute2\" -DCONF_ETC_DIR=\"/etc/iproute2\" -DNETNS_RUN_DIR=\"/var/run/netns\" -DNETNS_ETC_DIR=\"/etc/netns\" -DARPDDIR=\"/var/lib/arpd\" -DCONF_COLOR=COLOR_OPT_NEVER -D_GNU_SOURCE -D_FILE_OFFSET_BITS=64 -D_LARGEFILE_SOURCE -D_LARGEFILE64_SOURCE -DHAVE_SETNS -DHAVE_HANDLE_AT -DHAVE_LIBBPF  -DLIBBPF_VERSION=\"1.3.0\" -DLIBBPF_DYNAMIC -DHAVE_LIBBPF_SECTION_NAME  -DHAVE_ELF  -DHAVE_LIBMNL  -DHAVE_LIBCAP  -DHAVE_SETNS -DHAVE_HANDLE_AT -DHAVE_LIBBPF  -DLIBBPF_VERSION=\"1.3.0\" -DLIBBPF_DYNAMIC -DHAVE_LIBBPF_SECTION_NAME  -DHAVE_ELF  -DHAVE_LIBMNL  -DHAVE_LIBCAP  -I./include/uapi/   -c -o utils.o utils.c
#21 19.99 gcc -Wall -Wstrict-prototypes  -Wmissing-prototypes -Wmissing-declarations -Wold-style-definition -Wformat=2 -O2 -pipe -I../include -I../include/uapi -DRESOLVE_HOSTNAMES -DLIBDIR=\"/usr/lib/x86_64-linux-gnu\" -DCONF_USR_DIR=\"/usr/share/iproute2\" -DCONF_ETC_DIR=\"/etc/iproute2\" -DNETNS_RUN_DIR=\"/var/run/netns\" -DNETNS_ETC_DIR=\"/etc/netns\" -DARPDDIR=\"/var/lib/arpd\" -DCONF_COLOR=COLOR_OPT_NEVER -D_GNU_SOURCE -D_FILE_OFFSET_BITS=64 -D_LARGEFILE_SOURCE -D_LARGEFILE64_SOURCE -DHAVE_SETNS -DHAVE_HANDLE_AT -DHAVE_LIBBPF  -DLIBBPF_VERSION=\"1.3.0\" -DLIBBPF_DYNAMIC -DHAVE_LIBBPF_SECTION_NAME  -DHAVE_ELF  -DHAVE_LIBMNL  -DHAVE_LIBCAP  -DHAVE_SETNS -DHAVE_HANDLE_AT -DHAVE_LIBBPF  -DLIBBPF_VERSION=\"1.3.0\" -DLIBBPF_DYNAMIC -DHAVE_LIBBPF_SECTION_NAME  -DHAVE_ELF  -DHAVE_LIBMNL  -DHAVE_LIBCAP  -I./include/uapi/   -c -o dev.o dev.c
#21 20.06 gcc -Wall -Wstrict-prototypes  -Wmissing-prototypes -Wmissing-declarations -Wold-style-definition -Wformat=2 -O2 -pipe -I../include -I../include/uapi -DRESOLVE_HOSTNAMES -DLIBDIR=\"/usr/lib/x86_64-linux-gnu\" -DCONF_USR_DIR=\"/usr/share/iproute2\" -DCONF_ETC_DIR=\"/etc/iproute2\" -DNETNS_RUN_DIR=\"/var/run/netns\" -DNETNS_ETC_DIR=\"/etc/netns\" -DARPDDIR=\"/var/lib/arpd\" -DCONF_COLOR=COLOR_OPT_NEVER -D_GNU_SOURCE -D_FILE_OFFSET_BITS=64 -D_LARGEFILE_SOURCE -D_LARGEFILE64_SOURCE -DHAVE_SETNS -DHAVE_HANDLE_AT -DHAVE_LIBBPF  -DLIBBPF_VERSION=\"1.3.0\" -DLIBBPF_DYNAMIC -DHAVE_LIBBPF_SECTION_NAME  -DHAVE_ELF  -DHAVE_LIBMNL  -DHAVE_LIBCAP  -DHAVE_SETNS -DHAVE_HANDLE_AT -DHAVE_LIBBPF  -DLIBBPF_VERSION=\"1.3.0\" -DLIBBPF_DYNAMIC -DHAVE_LIBBPF_SECTION_NAME  -DHAVE_ELF  -DHAVE_LIBMNL  -DHAVE_LIBCAP  -I./include/uapi/   -c -o link.o link.c
#21 20.12 gcc -Wall -Wstrict-prototypes  -Wmissing-prototypes -Wmissing-declarations -Wold-style-definition -Wformat=2 -O2 -pipe -I../include -I../include/uapi -DRESOLVE_HOSTNAMES -DLIBDIR=\"/usr/lib/x86_64-linux-gnu\" -DCONF_USR_DIR=\"/usr/share/iproute2\" -DCONF_ETC_DIR=\"/etc/iproute2\" -DNETNS_RUN_DIR=\"/var/run/netns\" -DNETNS_ETC_DIR=\"/etc/netns\" -DARPDDIR=\"/var/lib/arpd\" -DCONF_COLOR=COLOR_OPT_NEVER -D_GNU_SOURCE -D_FILE_OFFSET_BITS=64 -D_LARGEFILE_SOURCE -D_LARGEFILE64_SOURCE -DHAVE_SETNS -DHAVE_HANDLE_AT -DHAVE_LIBBPF  -DLIBBPF_VERSION=\"1.3.0\" -DLIBBPF_DYNAMIC -DHAVE_LIBBPF_SECTION_NAME  -DHAVE_ELF  -DHAVE_LIBMNL  -DHAVE_LIBCAP  -DHAVE_SETNS -DHAVE_HANDLE_AT -DHAVE_LIBBPF  -DLIBBPF_VERSION=\"1.3.0\" -DLIBBPF_DYNAMIC -DHAVE_LIBBPF_SECTION_NAME  -DHAVE_ELF  -DHAVE_LIBMNL  -DHAVE_LIBCAP  -I./include/uapi/   -c -o res.o res.c
#21 20.20 gcc -Wall -Wstrict-prototypes  -Wmissing-prototypes -Wmissing-declarations -Wold-style-definition -Wformat=2 -O2 -pipe -I../include -I../include/uapi -DRESOLVE_HOSTNAMES -DLIBDIR=\"/usr/lib/x86_64-linux-gnu\" -DCONF_USR_DIR=\"/usr/share/iproute2\" -DCONF_ETC_DIR=\"/etc/iproute2\" -DNETNS_RUN_DIR=\"/var/run/netns\" -DNETNS_ETC_DIR=\"/etc/netns\" -DARPDDIR=\"/var/lib/arpd\" -DCONF_COLOR=COLOR_OPT_NEVER -D_GNU_SOURCE -D_FILE_OFFSET_BITS=64 -D_LARGEFILE_SOURCE -D_LARGEFILE64_SOURCE -DHAVE_SETNS -DHAVE_HANDLE_AT -DHAVE_LIBBPF  -DLIBBPF_VERSION=\"1.3.0\" -DLIBBPF_DYNAMIC -DHAVE_LIBBPF_SECTION_NAME  -DHAVE_ELF  -DHAVE_LIBMNL  -DHAVE_LIBCAP  -DHAVE_SETNS -DHAVE_HANDLE_AT -DHAVE_LIBBPF  -DLIBBPF_VERSION=\"1.3.0\" -DLIBBPF_DYNAMIC -DHAVE_LIBBPF_SECTION_NAME  -DHAVE_ELF  -DHAVE_LIBMNL  -DHAVE_LIBCAP  -I./include/uapi/   -c -o res-pd.o res-pd.c
#21 20.25 gcc -Wall -Wstrict-prototypes  -Wmissing-prototypes -Wmissing-declarations -Wold-style-definition -Wformat=2 -O2 -pipe -I../include -I../include/uapi -DRESOLVE_HOSTNAMES -DLIBDIR=\"/usr/lib/x86_64-linux-gnu\" -DCONF_USR_DIR=\"/usr/share/iproute2\" -DCONF_ETC_DIR=\"/etc/iproute2\" -DNETNS_RUN_DIR=\"/var/run/netns\" -DNETNS_ETC_DIR=\"/etc/netns\" -DARPDDIR=\"/var/lib/arpd\" -DCONF_COLOR=COLOR_OPT_NEVER -D_GNU_SOURCE -D_FILE_OFFSET_BITS=64 -D_LARGEFILE_SOURCE -D_LARGEFILE64_SOURCE -DHAVE_SETNS -DHAVE_HANDLE_AT -DHAVE_LIBBPF  -DLIBBPF_VERSION=\"1.3.0\" -DLIBBPF_DYNAMIC -DHAVE_LIBBPF_SECTION_NAME  -DHAVE_ELF  -DHAVE_LIBMNL  -DHAVE_LIBCAP  -DHAVE_SETNS -DHAVE_HANDLE_AT -DHAVE_LIBBPF  -DLIBBPF_VERSION=\"1.3.0\" -DLIBBPF_DYNAMIC -DHAVE_LIBBPF_SECTION_NAME  -DHAVE_ELF  -DHAVE_LIBMNL  -DHAVE_LIBCAP  -I./include/uapi/   -c -o res-mr.o res-mr.c
#21 20.30 gcc -Wall -Wstrict-prototypes  -Wmissing-prototypes -Wmissing-declarations -Wold-style-definition -Wformat=2 -O2 -pipe -I../include -I../include/uapi -DRESOLVE_HOSTNAMES -DLIBDIR=\"/usr/lib/x86_64-linux-gnu\" -DCONF_USR_DIR=\"/usr/share/iproute2\" -DCONF_ETC_DIR=\"/etc/iproute2\" -DNETNS_RUN_DIR=\"/var/run/netns\" -DNETNS_ETC_DIR=\"/etc/netns\" -DARPDDIR=\"/var/lib/arpd\" -DCONF_COLOR=COLOR_OPT_NEVER -D_GNU_SOURCE -D_FILE_OFFSET_BITS=64 -D_LARGEFILE_SOURCE -D_LARGEFILE64_SOURCE -DHAVE_SETNS -DHAVE_HANDLE_AT -DHAVE_LIBBPF  -DLIBBPF_VERSION=\"1.3.0\" -DLIBBPF_DYNAMIC -DHAVE_LIBBPF_SECTION_NAME  -DHAVE_ELF  -DHAVE_LIBMNL  -DHAVE_LIBCAP  -DHAVE_SETNS -DHAVE_HANDLE_AT -DHAVE_LIBBPF  -DLIBBPF_VERSION=\"1.3.0\" -DLIBBPF_DYNAMIC -DHAVE_LIBBPF_SECTION_NAME  -DHAVE_ELF  -DHAVE_LIBMNL  -DHAVE_LIBCAP  -I./include/uapi/   -c -o res-cq.o res-cq.c
#21 20.35 gcc -Wall -Wstrict-prototypes  -Wmissing-prototypes -Wmissing-declarations -Wold-style-definition -Wformat=2 -O2 -pipe -I../include -I../include/uapi -DRESOLVE_HOSTNAMES -DLIBDIR=\"/usr/lib/x86_64-linux-gnu\" -DCONF_USR_DIR=\"/usr/share/iproute2\" -DCONF_ETC_DIR=\"/etc/iproute2\" -DNETNS_RUN_DIR=\"/var/run/netns\" -DNETNS_ETC_DIR=\"/etc/netns\" -DARPDDIR=\"/var/lib/arpd\" -DCONF_COLOR=COLOR_OPT_NEVER -D_GNU_SOURCE -D_FILE_OFFSET_BITS=64 -D_LARGEFILE_SOURCE -D_LARGEFILE64_SOURCE -DHAVE_SETNS -DHAVE_HANDLE_AT -DHAVE_LIBBPF  -DLIBBPF_VERSION=\"1.3.0\" -DLIBBPF_DYNAMIC -DHAVE_LIBBPF_SECTION_NAME  -DHAVE_ELF  -DHAVE_LIBMNL  -DHAVE_LIBCAP  -DHAVE_SETNS -DHAVE_HANDLE_AT -DHAVE_LIBBPF  -DLIBBPF_VERSION=\"1.3.0\" -DLIBBPF_DYNAMIC -DHAVE_LIBBPF_SECTION_NAME  -DHAVE_ELF  -DHAVE_LIBMNL  -DHAVE_LIBCAP  -I./include/uapi/   -c -o res-cmid.o res-cmid.c
#21 20.40 gcc -Wall -Wstrict-prototypes  -Wmissing-prototypes -Wmissing-declarations -Wold-style-definition -Wformat=2 -O2 -pipe -I../include -I../include/uapi -DRESOLVE_HOSTNAMES -DLIBDIR=\"/usr/lib/x86_64-linux-gnu\" -DCONF_USR_DIR=\"/usr/share/iproute2\" -DCONF_ETC_DIR=\"/etc/iproute2\" -DNETNS_RUN_DIR=\"/var/run/netns\" -DNETNS_ETC_DIR=\"/etc/netns\" -DARPDDIR=\"/var/lib/arpd\" -DCONF_COLOR=COLOR_OPT_NEVER -D_GNU_SOURCE -D_FILE_OFFSET_BITS=64 -D_LARGEFILE_SOURCE -D_LARGEFILE64_SOURCE -DHAVE_SETNS -DHAVE_HANDLE_AT -DHAVE_LIBBPF  -DLIBBPF_VERSION=\"1.3.0\" -DLIBBPF_DYNAMIC -DHAVE_LIBBPF_SECTION_NAME  -DHAVE_ELF  -DHAVE_LIBMNL  -DHAVE_LIBCAP  -DHAVE_SETNS -DHAVE_HANDLE_AT -DHAVE_LIBBPF  -DLIBBPF_VERSION=\"1.3.0\" -DLIBBPF_DYNAMIC -DHAVE_LIBBPF_SECTION_NAME  -DHAVE_ELF  -DHAVE_LIBMNL  -DHAVE_LIBCAP  -I./include/uapi/   -c -o res-qp.o res-qp.c
#21 20.45 gcc -Wall -Wstrict-prototypes  -Wmissing-prototypes -Wmissing-declarations -Wold-style-definition -Wformat=2 -O2 -pipe -I../include -I../include/uapi -DRESOLVE_HOSTNAMES -DLIBDIR=\"/usr/lib/x86_64-linux-gnu\" -DCONF_USR_DIR=\"/usr/share/iproute2\" -DCONF_ETC_DIR=\"/etc/iproute2\" -DNETNS_RUN_DIR=\"/var/run/netns\" -DNETNS_ETC_DIR=\"/etc/netns\" -DARPDDIR=\"/var/lib/arpd\" -DCONF_COLOR=COLOR_OPT_NEVER -D_GNU_SOURCE -D_FILE_OFFSET_BITS=64 -D_LARGEFILE_SOURCE -D_LARGEFILE64_SOURCE -DHAVE_SETNS -DHAVE_HANDLE_AT -DHAVE_LIBBPF  -DLIBBPF_VERSION=\"1.3.0\" -DLIBBPF_DYNAMIC -DHAVE_LIBBPF_SECTION_NAME  -DHAVE_ELF  -DHAVE_LIBMNL  -DHAVE_LIBCAP  -DHAVE_SETNS -DHAVE_HANDLE_AT -DHAVE_LIBBPF  -DLIBBPF_VERSION=\"1.3.0\" -DLIBBPF_DYNAMIC -DHAVE_LIBBPF_SECTION_NAME  -DHAVE_ELF  -DHAVE_LIBMNL  -DHAVE_LIBCAP  -I./include/uapi/   -c -o sys.o sys.c
#21 20.50 gcc -Wall -Wstrict-prototypes  -Wmissing-prototypes -Wmissing-declarations -Wold-style-definition -Wformat=2 -O2 -pipe -I../include -I../include/uapi -DRESOLVE_HOSTNAMES -DLIBDIR=\"/usr/lib/x86_64-linux-gnu\" -DCONF_USR_DIR=\"/usr/share/iproute2\" -DCONF_ETC_DIR=\"/etc/iproute2\" -DNETNS_RUN_DIR=\"/var/run/netns\" -DNETNS_ETC_DIR=\"/etc/netns\" -DARPDDIR=\"/var/lib/arpd\" -DCONF_COLOR=COLOR_OPT_NEVER -D_GNU_SOURCE -D_FILE_OFFSET_BITS=64 -D_LARGEFILE_SOURCE -D_LARGEFILE64_SOURCE -DHAVE_SETNS -DHAVE_HANDLE_AT -DHAVE_LIBBPF  -DLIBBPF_VERSION=\"1.3.0\" -DLIBBPF_DYNAMIC -DHAVE_LIBBPF_SECTION_NAME  -DHAVE_ELF  -DHAVE_LIBMNL  -DHAVE_LIBCAP  -DHAVE_SETNS -DHAVE_HANDLE_AT -DHAVE_LIBBPF  -DLIBBPF_VERSION=\"1.3.0\" -DLIBBPF_DYNAMIC -DHAVE_LIBBPF_SECTION_NAME  -DHAVE_ELF  -DHAVE_LIBMNL  -DHAVE_LIBCAP  -I./include/uapi/   -c -o stat.o stat.c
#21 20.65 gcc -Wall -Wstrict-prototypes  -Wmissing-prototypes -Wmissing-declarations -Wold-style-definition -Wformat=2 -O2 -pipe -I../include -I../include/uapi -DRESOLVE_HOSTNAMES -DLIBDIR=\"/usr/lib/x86_64-linux-gnu\" -DCONF_USR_DIR=\"/usr/share/iproute2\" -DCONF_ETC_DIR=\"/etc/iproute2\" -DNETNS_RUN_DIR=\"/var/run/netns\" -DNETNS_ETC_DIR=\"/etc/netns\" -DARPDDIR=\"/var/lib/arpd\" -DCONF_COLOR=COLOR_OPT_NEVER -D_GNU_SOURCE -D_FILE_OFFSET_BITS=64 -D_LARGEFILE_SOURCE -D_LARGEFILE64_SOURCE -DHAVE_SETNS -DHAVE_HANDLE_AT -DHAVE_LIBBPF  -DLIBBPF_VERSION=\"1.3.0\" -DLIBBPF_DYNAMIC -DHAVE_LIBBPF_SECTION_NAME  -DHAVE_ELF  -DHAVE_LIBMNL  -DHAVE_LIBCAP  -DHAVE_SETNS -DHAVE_HANDLE_AT -DHAVE_LIBBPF  -DLIBBPF_VERSION=\"1.3.0\" -DLIBBPF_DYNAMIC -DHAVE_LIBBPF_SECTION_NAME  -DHAVE_ELF  -DHAVE_LIBMNL  -DHAVE_LIBCAP  -I./include/uapi/   -c -o stat-mr.o stat-mr.c
#21 20.69 gcc -Wall -Wstrict-prototypes  -Wmissing-prototypes -Wmissing-declarations -Wold-style-definition -Wformat=2 -O2 -pipe -I../include -I../include/uapi -DRESOLVE_HOSTNAMES -DLIBDIR=\"/usr/lib/x86_64-linux-gnu\" -DCONF_USR_DIR=\"/usr/share/iproute2\" -DCONF_ETC_DIR=\"/etc/iproute2\" -DNETNS_RUN_DIR=\"/var/run/netns\" -DNETNS_ETC_DIR=\"/etc/netns\" -DARPDDIR=\"/var/lib/arpd\" -DCONF_COLOR=COLOR_OPT_NEVER -D_GNU_SOURCE -D_FILE_OFFSET_BITS=64 -D_LARGEFILE_SOURCE -D_LARGEFILE64_SOURCE -DHAVE_SETNS -DHAVE_HANDLE_AT -DHAVE_LIBBPF  -DLIBBPF_VERSION=\"1.3.0\" -DLIBBPF_DYNAMIC -DHAVE_LIBBPF_SECTION_NAME  -DHAVE_ELF  -DHAVE_LIBMNL  -DHAVE_LIBCAP  -DHAVE_SETNS -DHAVE_HANDLE_AT -DHAVE_LIBBPF  -DLIBBPF_VERSION=\"1.3.0\" -DLIBBPF_DYNAMIC -DHAVE_LIBBPF_SECTION_NAME  -DHAVE_ELF  -DHAVE_LIBMNL  -DHAVE_LIBCAP  -I./include/uapi/   -c -o res-ctx.o res-ctx.c
#21 20.73 gcc -Wall -Wstrict-prototypes  -Wmissing-prototypes -Wmissing-declarations -Wold-style-definition -Wformat=2 -O2 -pipe -I../include -I../include/uapi -DRESOLVE_HOSTNAMES -DLIBDIR=\"/usr/lib/x86_64-linux-gnu\" -DCONF_USR_DIR=\"/usr/share/iproute2\" -DCONF_ETC_DIR=\"/etc/iproute2\" -DNETNS_RUN_DIR=\"/var/run/netns\" -DNETNS_ETC_DIR=\"/etc/netns\" -DARPDDIR=\"/var/lib/arpd\" -DCONF_COLOR=COLOR_OPT_NEVER -D_GNU_SOURCE -D_FILE_OFFSET_BITS=64 -D_LARGEFILE_SOURCE -D_LARGEFILE64_SOURCE -DHAVE_SETNS -DHAVE_HANDLE_AT -DHAVE_LIBBPF  -DLIBBPF_VERSION=\"1.3.0\" -DLIBBPF_DYNAMIC -DHAVE_LIBBPF_SECTION_NAME  -DHAVE_ELF  -DHAVE_LIBMNL  -DHAVE_LIBCAP  -DHAVE_SETNS -DHAVE_HANDLE_AT -DHAVE_LIBBPF  -DLIBBPF_VERSION=\"1.3.0\" -DLIBBPF_DYNAMIC -DHAVE_LIBBPF_SECTION_NAME  -DHAVE_ELF  -DHAVE_LIBMNL  -DHAVE_LIBCAP  -I./include/uapi/   -c -o res-srq.o res-srq.c
#21 20.79 gcc -Wall -Wstrict-prototypes  -Wmissing-prototypes -Wmissing-declarations -Wold-style-definition -Wformat=2 -O2 -pipe -I../include -I../include/uapi -DRESOLVE_HOSTNAMES -DLIBDIR=\"/usr/lib/x86_64-linux-gnu\" -DCONF_USR_DIR=\"/usr/share/iproute2\" -DCONF_ETC_DIR=\"/etc/iproute2\" -DNETNS_RUN_DIR=\"/var/run/netns\" -DNETNS_ETC_DIR=\"/etc/netns\" -DARPDDIR=\"/var/lib/arpd\" -DCONF_COLOR=COLOR_OPT_NEVER -D_GNU_SOURCE -D_FILE_OFFSET_BITS=64 -D_LARGEFILE_SOURCE -D_LARGEFILE64_SOURCE -DHAVE_SETNS -DHAVE_HANDLE_AT -DHAVE_LIBBPF  -DLIBBPF_VERSION=\"1.3.0\" -DLIBBPF_DYNAMIC -DHAVE_LIBBPF_SECTION_NAME  -DHAVE_ELF  -DHAVE_LIBMNL  -DHAVE_LIBCAP  -DHAVE_SETNS -DHAVE_HANDLE_AT -DHAVE_LIBBPF  -DLIBBPF_VERSION=\"1.3.0\" -DLIBBPF_DYNAMIC -DHAVE_LIBBPF_SECTION_NAME  -DHAVE_ELF  -DHAVE_LIBMNL  -DHAVE_LIBCAP  -I./include/uapi/   -c -o monitor.o monitor.c
#21 20.84 gcc -Wall -Wstrict-prototypes  -Wmissing-prototypes -Wmissing-declarations -Wold-style-definition -Wformat=2 -O2 -pipe -I../include -I../include/uapi -DRESOLVE_HOSTNAMES -DLIBDIR=\"/usr/lib/x86_64-linux-gnu\" -DCONF_USR_DIR=\"/usr/share/iproute2\" -DCONF_ETC_DIR=\"/etc/iproute2\" -DNETNS_RUN_DIR=\"/var/run/netns\" -DNETNS_ETC_DIR=\"/etc/netns\" -DARPDDIR=\"/var/lib/arpd\" -DCONF_COLOR=COLOR_OPT_NEVER -D_GNU_SOURCE -D_FILE_OFFSET_BITS=64 -D_LARGEFILE_SOURCE -D_LARGEFILE64_SOURCE -DHAVE_SETNS -DHAVE_HANDLE_AT -DHAVE_LIBBPF  -DLIBBPF_VERSION=\"1.3.0\" -DLIBBPF_DYNAMIC -DHAVE_LIBBPF_SECTION_NAME  -DHAVE_ELF  -DHAVE_LIBMNL  -DHAVE_LIBCAP  -DHAVE_SETNS -DHAVE_HANDLE_AT -DHAVE_LIBBPF  -DLIBBPF_VERSION=\"1.3.0\" -DLIBBPF_DYNAMIC -DHAVE_LIBBPF_SECTION_NAME  -DHAVE_ELF  -DHAVE_LIBMNL  -DHAVE_LIBCAP  -I./include/uapi/   -c -o res-frmr-pools.o res-frmr-pools.c
#21 20.90 gcc rdma.o utils.o dev.o link.o res.o res-pd.o res-mr.o res-cq.o res-cmid.o res-qp.o sys.o stat.o stat-mr.o res-ctx.o res-srq.o monitor.o res-frmr-pools.o  -lbpf -lelf  -lmnl  -L/usr/lib64 -lcap  ../lib/libutil.a ../lib/libnetlink.a -lbpf -lelf  -lmnl  -L/usr/lib64 -lcap  -o rdma
#21 20.91 make[1]: Leaving directory '/nipa-data/iproute2/rdma'
#21 20.91 
#21 20.91 dcb
#21 20.92 make[1]: Entering directory '/nipa-data/iproute2/dcb'
#21 20.92 gcc -Wall -Wstrict-prototypes  -Wmissing-prototypes -Wmissing-declarations -Wold-style-definition -Wformat=2 -O2 -pipe -I../include -I../include/uapi -DRESOLVE_HOSTNAMES -DLIBDIR=\"/usr/lib/x86_64-linux-gnu\" -DCONF_USR_DIR=\"/usr/share/iproute2\" -DCONF_ETC_DIR=\"/etc/iproute2\" -DNETNS_RUN_DIR=\"/var/run/netns\" -DNETNS_ETC_DIR=\"/etc/netns\" -DARPDDIR=\"/var/lib/arpd\" -DCONF_COLOR=COLOR_OPT_NEVER -D_GNU_SOURCE -D_FILE_OFFSET_BITS=64 -D_LARGEFILE_SOURCE -D_LARGEFILE64_SOURCE -DHAVE_SETNS -DHAVE_HANDLE_AT -DHAVE_LIBBPF  -DLIBBPF_VERSION=\"1.3.0\" -DLIBBPF_DYNAMIC -DHAVE_LIBBPF_SECTION_NAME  -DHAVE_ELF  -DHAVE_LIBMNL  -DHAVE_LIBCAP  -DHAVE_SETNS -DHAVE_HANDLE_AT -DHAVE_LIBBPF  -DLIBBPF_VERSION=\"1.3.0\" -DLIBBPF_DYNAMIC -DHAVE_LIBBPF_SECTION_NAME  -DHAVE_ELF  -DHAVE_LIBMNL  -DHAVE_LIBCAP    -c -o dcb.o dcb.c
#21 21.01 gcc -Wall -Wstrict-prototypes  -Wmissing-prototypes -Wmissing-declarations -Wold-style-definition -Wformat=2 -O2 -pipe -I../include -I../include/uapi -DRESOLVE_HOSTNAMES -DLIBDIR=\"/usr/lib/x86_64-linux-gnu\" -DCONF_USR_DIR=\"/usr/share/iproute2\" -DCONF_ETC_DIR=\"/etc/iproute2\" -DNETNS_RUN_DIR=\"/var/run/netns\" -DNETNS_ETC_DIR=\"/etc/netns\" -DARPDDIR=\"/var/lib/arpd\" -DCONF_COLOR=COLOR_OPT_NEVER -D_GNU_SOURCE -D_FILE_OFFSET_BITS=64 -D_LARGEFILE_SOURCE -D_LARGEFILE64_SOURCE -DHAVE_SETNS -DHAVE_HANDLE_AT -DHAVE_LIBBPF  -DLIBBPF_VERSION=\"1.3.0\" -DLIBBPF_DYNAMIC -DHAVE_LIBBPF_SECTION_NAME  -DHAVE_ELF  -DHAVE_LIBMNL  -DHAVE_LIBCAP  -DHAVE_SETNS -DHAVE_HANDLE_AT -DHAVE_LIBBPF  -DLIBBPF_VERSION=\"1.3.0\" -DLIBBPF_DYNAMIC -DHAVE_LIBBPF_SECTION_NAME  -DHAVE_ELF  -DHAVE_LIBMNL  -DHAVE_LIBCAP    -c -o dcb_app.o dcb_app.c
#21 21.14 gcc -Wall -Wstrict-prototypes  -Wmissing-prototypes -Wmissing-declarations -Wold-style-definition -Wformat=2 -O2 -pipe -I../include -I../include/uapi -DRESOLVE_HOSTNAMES -DLIBDIR=\"/usr/lib/x86_64-linux-gnu\" -DCONF_USR_DIR=\"/usr/share/iproute2\" -DCONF_ETC_DIR=\"/etc/iproute2\" -DNETNS_RUN_DIR=\"/var/run/netns\" -DNETNS_ETC_DIR=\"/etc/netns\" -DARPDDIR=\"/var/lib/arpd\" -DCONF_COLOR=COLOR_OPT_NEVER -D_GNU_SOURCE -D_FILE_OFFSET_BITS=64 -D_LARGEFILE_SOURCE -D_LARGEFILE64_SOURCE -DHAVE_SETNS -DHAVE_HANDLE_AT -DHAVE_LIBBPF  -DLIBBPF_VERSION=\"1.3.0\" -DLIBBPF_DYNAMIC -DHAVE_LIBBPF_SECTION_NAME  -DHAVE_ELF  -DHAVE_LIBMNL  -DHAVE_LIBCAP  -DHAVE_SETNS -DHAVE_HANDLE_AT -DHAVE_LIBBPF  -DLIBBPF_VERSION=\"1.3.0\" -DLIBBPF_DYNAMIC -DHAVE_LIBBPF_SECTION_NAME  -DHAVE_ELF  -DHAVE_LIBMNL  -DHAVE_LIBCAP    -c -o dcb_buffer.o dcb_buffer.c
#21 21.19 gcc -Wall -Wstrict-prototypes  -Wmissing-prototypes -Wmissing-declarations -Wold-style-definition -Wformat=2 -O2 -pipe -I../include -I../include/uapi -DRESOLVE_HOSTNAMES -DLIBDIR=\"/usr/lib/x86_64-linux-gnu\" -DCONF_USR_DIR=\"/usr/share/iproute2\" -DCONF_ETC_DIR=\"/etc/iproute2\" -DNETNS_RUN_DIR=\"/var/run/netns\" -DNETNS_ETC_DIR=\"/etc/netns\" -DARPDDIR=\"/var/lib/arpd\" -DCONF_COLOR=COLOR_OPT_NEVER -D_GNU_SOURCE -D_FILE_OFFSET_BITS=64 -D_LARGEFILE_SOURCE -D_LARGEFILE64_SOURCE -DHAVE_SETNS -DHAVE_HANDLE_AT -DHAVE_LIBBPF  -DLIBBPF_VERSION=\"1.3.0\" -DLIBBPF_DYNAMIC -DHAVE_LIBBPF_SECTION_NAME  -DHAVE_ELF  -DHAVE_LIBMNL  -DHAVE_LIBCAP  -DHAVE_SETNS -DHAVE_HANDLE_AT -DHAVE_LIBBPF  -DLIBBPF_VERSION=\"1.3.0\" -DLIBBPF_DYNAMIC -DHAVE_LIBBPF_SECTION_NAME  -DHAVE_ELF  -DHAVE_LIBMNL  -DHAVE_LIBCAP    -c -o dcb_dcbx.o dcb_dcbx.c
#21 21.24 gcc -Wall -Wstrict-prototypes  -Wmissing-prototypes -Wmissing-declarations -Wold-style-definition -Wformat=2 -O2 -pipe -I../include -I../include/uapi -DRESOLVE_HOSTNAMES -DLIBDIR=\"/usr/lib/x86_64-linux-gnu\" -DCONF_USR_DIR=\"/usr/share/iproute2\" -DCONF_ETC_DIR=\"/etc/iproute2\" -DNETNS_RUN_DIR=\"/var/run/netns\" -DNETNS_ETC_DIR=\"/etc/netns\" -DARPDDIR=\"/var/lib/arpd\" -DCONF_COLOR=COLOR_OPT_NEVER -D_GNU_SOURCE -D_FILE_OFFSET_BITS=64 -D_LARGEFILE_SOURCE -D_LARGEFILE64_SOURCE -DHAVE_SETNS -DHAVE_HANDLE_AT -DHAVE_LIBBPF  -DLIBBPF_VERSION=\"1.3.0\" -DLIBBPF_DYNAMIC -DHAVE_LIBBPF_SECTION_NAME  -DHAVE_ELF  -DHAVE_LIBMNL  -DHAVE_LIBCAP  -DHAVE_SETNS -DHAVE_HANDLE_AT -DHAVE_LIBBPF  -DLIBBPF_VERSION=\"1.3.0\" -DLIBBPF_DYNAMIC -DHAVE_LIBBPF_SECTION_NAME  -DHAVE_ELF  -DHAVE_LIBMNL  -DHAVE_LIBCAP    -c -o dcb_ets.o dcb_ets.c
#21 21.30 gcc -Wall -Wstrict-prototypes  -Wmissing-prototypes -Wmissing-declarations -Wold-style-definition -Wformat=2 -O2 -pipe -I../include -I../include/uapi -DRESOLVE_HOSTNAMES -DLIBDIR=\"/usr/lib/x86_64-linux-gnu\" -DCONF_USR_DIR=\"/usr/share/iproute2\" -DCONF_ETC_DIR=\"/etc/iproute2\" -DNETNS_RUN_DIR=\"/var/run/netns\" -DNETNS_ETC_DIR=\"/etc/netns\" -DARPDDIR=\"/var/lib/arpd\" -DCONF_COLOR=COLOR_OPT_NEVER -D_GNU_SOURCE -D_FILE_OFFSET_BITS=64 -D_LARGEFILE_SOURCE -D_LARGEFILE64_SOURCE -DHAVE_SETNS -DHAVE_HANDLE_AT -DHAVE_LIBBPF  -DLIBBPF_VERSION=\"1.3.0\" -DLIBBPF_DYNAMIC -DHAVE_LIBBPF_SECTION_NAME  -DHAVE_ELF  -DHAVE_LIBMNL  -DHAVE_LIBCAP  -DHAVE_SETNS -DHAVE_HANDLE_AT -DHAVE_LIBBPF  -DLIBBPF_VERSION=\"1.3.0\" -DLIBBPF_DYNAMIC -DHAVE_LIBBPF_SECTION_NAME  -DHAVE_ELF  -DHAVE_LIBMNL  -DHAVE_LIBCAP    -c -o dcb_maxrate.o dcb_maxrate.c
#21 21.35 gcc -Wall -Wstrict-prototypes  -Wmissing-prototypes -Wmissing-declarations -Wold-style-definition -Wformat=2 -O2 -pipe -I../include -I../include/uapi -DRESOLVE_HOSTNAMES -DLIBDIR=\"/usr/lib/x86_64-linux-gnu\" -DCONF_USR_DIR=\"/usr/share/iproute2\" -DCONF_ETC_DIR=\"/etc/iproute2\" -DNETNS_RUN_DIR=\"/var/run/netns\" -DNETNS_ETC_DIR=\"/etc/netns\" -DARPDDIR=\"/var/lib/arpd\" -DCONF_COLOR=COLOR_OPT_NEVER -D_GNU_SOURCE -D_FILE_OFFSET_BITS=64 -D_LARGEFILE_SOURCE -D_LARGEFILE64_SOURCE -DHAVE_SETNS -DHAVE_HANDLE_AT -DHAVE_LIBBPF  -DLIBBPF_VERSION=\"1.3.0\" -DLIBBPF_DYNAMIC -DHAVE_LIBBPF_SECTION_NAME  -DHAVE_ELF  -DHAVE_LIBMNL  -DHAVE_LIBCAP  -DHAVE_SETNS -DHAVE_HANDLE_AT -DHAVE_LIBBPF  -DLIBBPF_VERSION=\"1.3.0\" -DLIBBPF_DYNAMIC -DHAVE_LIBBPF_SECTION_NAME  -DHAVE_ELF  -DHAVE_LIBMNL  -DHAVE_LIBCAP    -c -o dcb_pfc.o dcb_pfc.c
#21 21.40 gcc -Wall -Wstrict-prototypes  -Wmissing-prototypes -Wmissing-declarations -Wold-style-definition -Wformat=2 -O2 -pipe -I../include -I../include/uapi -DRESOLVE_HOSTNAMES -DLIBDIR=\"/usr/lib/x86_64-linux-gnu\" -DCONF_USR_DIR=\"/usr/share/iproute2\" -DCONF_ETC_DIR=\"/etc/iproute2\" -DNETNS_RUN_DIR=\"/var/run/netns\" -DNETNS_ETC_DIR=\"/etc/netns\" -DARPDDIR=\"/var/lib/arpd\" -DCONF_COLOR=COLOR_OPT_NEVER -D_GNU_SOURCE -D_FILE_OFFSET_BITS=64 -D_LARGEFILE_SOURCE -D_LARGEFILE64_SOURCE -DHAVE_SETNS -DHAVE_HANDLE_AT -DHAVE_LIBBPF  -DLIBBPF_VERSION=\"1.3.0\" -DLIBBPF_DYNAMIC -DHAVE_LIBBPF_SECTION_NAME  -DHAVE_ELF  -DHAVE_LIBMNL  -DHAVE_LIBCAP  -DHAVE_SETNS -DHAVE_HANDLE_AT -DHAVE_LIBBPF  -DLIBBPF_VERSION=\"1.3.0\" -DLIBBPF_DYNAMIC -DHAVE_LIBBPF_SECTION_NAME  -DHAVE_ELF  -DHAVE_LIBMNL  -DHAVE_LIBCAP    -c -o dcb_apptrust.o dcb_apptrust.c
#21 21.45 gcc -Wall -Wstrict-prototypes  -Wmissing-prototypes -Wmissing-declarations -Wold-style-definition -Wformat=2 -O2 -pipe -I../include -I../include/uapi -DRESOLVE_HOSTNAMES -DLIBDIR=\"/usr/lib/x86_64-linux-gnu\" -DCONF_USR_DIR=\"/usr/share/iproute2\" -DCONF_ETC_DIR=\"/etc/iproute2\" -DNETNS_RUN_DIR=\"/var/run/netns\" -DNETNS_ETC_DIR=\"/etc/netns\" -DARPDDIR=\"/var/lib/arpd\" -DCONF_COLOR=COLOR_OPT_NEVER -D_GNU_SOURCE -D_FILE_OFFSET_BITS=64 -D_LARGEFILE_SOURCE -D_LARGEFILE64_SOURCE -DHAVE_SETNS -DHAVE_HANDLE_AT -DHAVE_LIBBPF  -DLIBBPF_VERSION=\"1.3.0\" -DLIBBPF_DYNAMIC -DHAVE_LIBBPF_SECTION_NAME  -DHAVE_ELF  -DHAVE_LIBMNL  -DHAVE_LIBCAP  -DHAVE_SETNS -DHAVE_HANDLE_AT -DHAVE_LIBBPF  -DLIBBPF_VERSION=\"1.3.0\" -DLIBBPF_DYNAMIC -DHAVE_LIBBPF_SECTION_NAME  -DHAVE_ELF  -DHAVE_LIBMNL  -DHAVE_LIBCAP    -c -o dcb_rewr.o dcb_rewr.c
#21 21.52 gcc dcb.o dcb_app.o dcb_buffer.o dcb_dcbx.o dcb_ets.o dcb_maxrate.o dcb_pfc.o dcb_apptrust.o dcb_rewr.o ../lib/libutil.a ../lib/libnetlink.a  -lbpf -lelf  -lmnl  -L/usr/lib64 -lcap  ../lib/libutil.a ../lib/libnetlink.a -lbpf -lelf  -lmnl  -L/usr/lib64 -lcap  -lm -o dcb
#21 21.53 make[1]: Leaving directory '/nipa-data/iproute2/dcb'
#21 21.53 
#21 21.53 vdpa
#21 21.53 make[1]: Entering directory '/nipa-data/iproute2/vdpa'
#21 21.53 gcc -Wall -Wstrict-prototypes  -Wmissing-prototypes -Wmissing-declarations -Wold-style-definition -Wformat=2 -O2 -pipe -I../include -I../include/uapi -DRESOLVE_HOSTNAMES -DLIBDIR=\"/usr/lib/x86_64-linux-gnu\" -DCONF_USR_DIR=\"/usr/share/iproute2\" -DCONF_ETC_DIR=\"/etc/iproute2\" -DNETNS_RUN_DIR=\"/var/run/netns\" -DNETNS_ETC_DIR=\"/etc/netns\" -DARPDDIR=\"/var/lib/arpd\" -DCONF_COLOR=COLOR_OPT_NEVER -D_GNU_SOURCE -D_FILE_OFFSET_BITS=64 -D_LARGEFILE_SOURCE -D_LARGEFILE64_SOURCE -DHAVE_SETNS -DHAVE_HANDLE_AT -DHAVE_LIBBPF  -DLIBBPF_VERSION=\"1.3.0\" -DLIBBPF_DYNAMIC -DHAVE_LIBBPF_SECTION_NAME  -DHAVE_ELF  -DHAVE_LIBMNL  -DHAVE_LIBCAP  -DHAVE_SETNS -DHAVE_HANDLE_AT -DHAVE_LIBBPF  -DLIBBPF_VERSION=\"1.3.0\" -DLIBBPF_DYNAMIC -DHAVE_LIBBPF_SECTION_NAME  -DHAVE_ELF  -DHAVE_LIBMNL  -DHAVE_LIBCAP  -I./include/uapi/   -c -o vdpa.o vdpa.c
#21 21.66 gcc vdpa.o  -lbpf -lelf  -lmnl  -L/usr/lib64 -lcap  ../lib/libutil.a ../lib/libnetlink.a -lbpf -lelf  -lmnl  -L/usr/lib64 -lcap  -o vdpa
#21 21.67 make[1]: Leaving directory '/nipa-data/iproute2/vdpa'
#21 21.67 
#21 21.67 netshaper
#21 21.67 make[1]: Entering directory '/nipa-data/iproute2/netshaper'
#21 21.67 gcc -Wall -Wstrict-prototypes  -Wmissing-prototypes -Wmissing-declarations -Wold-style-definition -Wformat=2 -O2 -pipe -I../include -I../include/uapi -DRESOLVE_HOSTNAMES -DLIBDIR=\"/usr/lib/x86_64-linux-gnu\" -DCONF_USR_DIR=\"/usr/share/iproute2\" -DCONF_ETC_DIR=\"/etc/iproute2\" -DNETNS_RUN_DIR=\"/var/run/netns\" -DNETNS_ETC_DIR=\"/etc/netns\" -DARPDDIR=\"/var/lib/arpd\" -DCONF_COLOR=COLOR_OPT_NEVER -D_GNU_SOURCE -D_FILE_OFFSET_BITS=64 -D_LARGEFILE_SOURCE -D_LARGEFILE64_SOURCE -DHAVE_SETNS -DHAVE_HANDLE_AT -DHAVE_LIBBPF  -DLIBBPF_VERSION=\"1.3.0\" -DLIBBPF_DYNAMIC -DHAVE_LIBBPF_SECTION_NAME  -DHAVE_ELF  -DHAVE_LIBMNL  -DHAVE_LIBCAP  -DHAVE_SETNS -DHAVE_HANDLE_AT -DHAVE_LIBBPF  -DLIBBPF_VERSION=\"1.3.0\" -DLIBBPF_DYNAMIC -DHAVE_LIBBPF_SECTION_NAME  -DHAVE_ELF  -DHAVE_LIBMNL  -DHAVE_LIBCAP    -c -o netshaper.o netshaper.c
#21 21.79 gcc netshaper.o  -lbpf -lelf  -lmnl  -L/usr/lib64 -lcap  ../lib/libutil.a ../lib/libnetlink.a -lbpf -lelf  -lmnl  -L/usr/lib64 -lcap  -lm -o netshaper
#21 21.81 make[1]: Leaving directory '/nipa-data/iproute2/netshaper'
#21 21.81 
#21 21.81 dpll
#21 21.81 make[1]: Entering directory '/nipa-data/iproute2/dpll'
#21 21.81 gcc -Wall -Wstrict-prototypes  -Wmissing-prototypes -Wmissing-declarations -Wold-style-definition -Wformat=2 -O2 -pipe -I../include -I../include/uapi -DRESOLVE_HOSTNAMES -DLIBDIR=\"/usr/lib/x86_64-linux-gnu\" -DCONF_USR_DIR=\"/usr/share/iproute2\" -DCONF_ETC_DIR=\"/etc/iproute2\" -DNETNS_RUN_DIR=\"/var/run/netns\" -DNETNS_ETC_DIR=\"/etc/netns\" -DARPDDIR=\"/var/lib/arpd\" -DCONF_COLOR=COLOR_OPT_NEVER -D_GNU_SOURCE -D_FILE_OFFSET_BITS=64 -D_LARGEFILE_SOURCE -D_LARGEFILE64_SOURCE -DHAVE_SETNS -DHAVE_HANDLE_AT -DHAVE_LIBBPF  -DLIBBPF_VERSION=\"1.3.0\" -DLIBBPF_DYNAMIC -DHAVE_LIBBPF_SECTION_NAME  -DHAVE_ELF  -DHAVE_LIBMNL  -DHAVE_LIBCAP  -DHAVE_SETNS -DHAVE_HANDLE_AT -DHAVE_LIBBPF  -DLIBBPF_VERSION=\"1.3.0\" -DLIBBPF_DYNAMIC -DHAVE_LIBBPF_SECTION_NAME  -DHAVE_ELF  -DHAVE_LIBMNL  -DHAVE_LIBCAP  -I../include -I../include/uapi -I../include -I../include/uapi   -c -o dpll.o dpll.c
#21 22.07 gcc dpll.o ../lib/libutil.a ../lib/libnetlink.a  -lbpf -lelf  -lmnl  -L/usr/lib64 -lcap  ../lib/libutil.a ../lib/libnetlink.a -lbpf -lelf  -lmnl  -L/usr/lib64 -lcap  -o dpll
#21 22.09 make[1]: Leaving directory '/nipa-data/iproute2/dpll'
#21 DONE 22.3s

#22 [18/20] RUN git clone --depth=1 -b test_update https://github.com/p4tc-dev/new-nipa.git nipa
#22 0.263 Cloning into 'nipa'...
#22 DONE 0.9s

#23 [19/20] RUN sed -i '/\["-serial", "none"\]/d' /usr/lib/python3/dist-packages/virtme/commands/run.py
#23 DONE 0.2s

#24 [20/20] COPY entrypoint.sh /entrypoint.sh
#24 DONE 0.0s

#25 exporting to image
#25 exporting layers
#25 exporting layers 4.8s done
#25 writing image sha256:a96124fc9f1460735a3d318087886289a4b60887feef14cfd5f926b4920baa2a done
#25 naming to docker.io/library/nipa-executor done
#25 DONE 4.8s
+ git config --global --add safe.directory /nipa-data/kernel
++ cat /debug-mode
+ '[' true = true ']'
+ echo '=== >>> DEBUG KERNEL <<< ==='
=== >>> DEBUG KERNEL <<< ===
+ timeout -v 15m ./nipa/contest/remote/vmksft-p.py /tmp/tdc-debug.config
NIPA version: 8eb9fc9 (Remove ANSI escape sequences, 2026-05-10)
INFO: Last run date: 2026-07-02 09:00:19.007333+00:00
Testing  {'branch': 'net-next-2026-07-02--12-00', 'date': '2026-07-02T12:00:03.201896+00:00', 'base': 'b3fcf5afa370a374a03802c4e2372b919bd533c7', 'url': 'https://github.com/linux-netdev/testing.git net-next-2026-07-02--12-00'}
Auto packing the repository in background for optimum performance.
See "git help gc" for manual housekeeping.
HEAD is now at 09f77ad051 nipa-local: selftests/nci: increase t4t_tag_read timeout for debug kernels
error: No valid patches in input (allow with "--allow-empty")
Checking patch tools/testing/selftests/tc-testing/tdc_config.py...
Applied patch tools/testing/selftests/tc-testing/tdc_config.py cleanly.
Run at 2026-07-02 12:38:25.347485
INFO: building kernel
INFO: starting VM 0
INFO: thr0-0 VM starting: vng -v -r arch/x86/boot/bzImage --user root --name tdc+kasan+ubsan,debug-threads=on --rwdir=/nipa-data/kernel/
INFO: thr0-0 expecting prompt: '/nipa-data/kernel# '
INFO: thr0-0 reached initial prompt
INFO: thr-0 testing == tdc.sh
INFO: thr-0 tdc.sh >> retcode: 0 result: pass found {'fail': False, 'skip': False, 'pass': True}
INFO: thr-0 has no more work, exiting
INFO: thr0-0 VM stopped
Done at 2026-07-02 12:44:32.317445
NIPA quitting!
+ chown -R 1001:1001 /nipa-data/kernel/
+ chown -R 1001:1001 /storage
~/nipa/tc-executor/testing ~/nipa/tc-executor
~/nipa/tc-executor
/
~/nipa/tc-executor/tc-executor-storage /
