~/nipa/tc-executor/tc-executor-storage /
Switched to branch 'storage'
Your branch is ahead of 'origin/storage' by 3032 commits.
  (use "git push" to publish your local commits)
/
~/nipa/tc-executor /
~/nipa/tc-executor/testing ~/nipa/tc-executor
From https://github.com/linux-netdev/testing
 * [new branch]              net-next-2026-03-31--09-00 -> origin/net-next-2026-03-31--09-00
 * [new branch]              net-next-hw-2026-03-31--08-00 -> origin/net-next-hw-2026-03-31--08-00
~/nipa/tc-executor
Error response from daemon: No such image: nipa-executor:latest
#0 building with "default" instance using docker driver

#1 [internal] load build definition from Dockerfile
#1 transferring dockerfile: 2.52kB done
#1 DONE 0.0s

#2 [internal] load metadata for docker.io/library/ubuntu:24.04
#2 DONE 0.9s

#3 [internal] load .dockerignore
#3 transferring context: 2B done
#3 DONE 0.0s

#4 [internal] load build context
#4 transferring context: 3.18kB done
#4 DONE 0.0s

#5 [ 1/20] FROM docker.io/library/ubuntu:24.04@sha256:186072bba1b2f436cbb91ef2567abca677337cfc786c86e107d25b7072feef0c
#5 resolve docker.io/library/ubuntu:24.04@sha256:186072bba1b2f436cbb91ef2567abca677337cfc786c86e107d25b7072feef0c 0.0s done
#5 sha256:186072bba1b2f436cbb91ef2567abca677337cfc786c86e107d25b7072feef0c 6.69kB / 6.69kB done
#5 sha256:67efaecc0031a612cf7bb3c863407018dbbef0a971f62032b77aa542ac8ac0d2 424B / 424B done
#5 sha256:f794f40ddfff5af8ef1b39ee29eab3b5400ea70b9ebefd286812dbbe0054ad6b 2.30kB / 2.30kB done
#5 sha256:817807f3c64e0b90b66edc7d90297f121cad2a7c2a3ee05a731557762f91e6c7 0B / 29.73MB 0.1s
#5 sha256:817807f3c64e0b90b66edc7d90297f121cad2a7c2a3ee05a731557762f91e6c7 16.78MB / 29.73MB 0.3s
#5 sha256:817807f3c64e0b90b66edc7d90297f121cad2a7c2a3ee05a731557762f91e6c7 26.21MB / 29.73MB 0.4s
#5 sha256:817807f3c64e0b90b66edc7d90297f121cad2a7c2a3ee05a731557762f91e6c7 29.73MB / 29.73MB 0.5s done
#5 extracting sha256:817807f3c64e0b90b66edc7d90297f121cad2a7c2a3ee05a731557762f91e6c7 0.1s
#5 extracting sha256:817807f3c64e0b90b66edc7d90297f121cad2a7c2a3ee05a731557762f91e6c7 0.4s done
#5 DONE 0.9s

#6 [ 2/20] RUN echo 'Acquire::Retries "5";' > /etc/apt/apt.conf.d/80-retries
#6 DONE 3.0s

#7 [ 3/20] RUN apt update && apt install -y    adduser    virtme-ng    git    python3-requests    python3-psutil    python3-setuptools    python3-pyroute2    python3-argcomplete    qemu-system-x86    scapy    make    gcc    musl-dev    flex    bison    linux-headers-generic    elfutils    util-linux    coreutils    diffutils    findutils    file    bash    kmod    perl    libcap-dev    libmnl-dev    iproute2     jq    libbpf-dev    rsync    libssl-dev    bc    kbd    pkg-config    iputils-ping    ethtool
#7 0.195 
#7 0.195 WARNING: apt does not have a stable CLI interface. Use with caution in scripts.
#7 0.195 
#7 0.260 Get:1 http://security.ubuntu.com/ubuntu noble-security InRelease [126 kB]
#7 0.387 Get:2 http://security.ubuntu.com/ubuntu noble-security/universe amd64 Packages [1504 kB]
#7 0.454 Get:3 http://archive.ubuntu.com/ubuntu noble InRelease [256 kB]
#7 0.492 Get:4 http://security.ubuntu.com/ubuntu noble-security/restricted amd64 Packages [3429 kB]
#7 0.604 Get:5 http://security.ubuntu.com/ubuntu noble-security/multiverse amd64 Packages [34.8 kB]
#7 0.604 Get:6 http://security.ubuntu.com/ubuntu noble-security/main amd64 Packages [1954 kB]
#7 1.189 Get:7 http://archive.ubuntu.com/ubuntu noble-updates InRelease [126 kB]
#7 1.355 Get:8 http://archive.ubuntu.com/ubuntu noble-backports InRelease [126 kB]
#7 1.521 Get:9 http://archive.ubuntu.com/ubuntu noble/multiverse amd64 Packages [331 kB]
#7 1.641 Get:10 http://archive.ubuntu.com/ubuntu noble/universe amd64 Packages [19.3 MB]
#7 2.968 Get:11 http://archive.ubuntu.com/ubuntu noble/main amd64 Packages [1808 kB]
#7 3.036 Get:12 http://archive.ubuntu.com/ubuntu noble/restricted amd64 Packages [117 kB]
#7 3.041 Get:13 http://archive.ubuntu.com/ubuntu noble-updates/universe amd64 Packages [2155 kB]
#7 3.125 Get:14 http://archive.ubuntu.com/ubuntu noble-updates/restricted amd64 Packages [3601 kB]
#7 3.266 Get:15 http://archive.ubuntu.com/ubuntu noble-updates/main amd64 Packages [2334 kB]
#7 3.356 Get:16 http://archive.ubuntu.com/ubuntu noble-updates/multiverse amd64 Packages [38.1 kB]
#7 3.357 Get:17 http://archive.ubuntu.com/ubuntu noble-backports/multiverse amd64 Packages [695 B]
#7 3.357 Get:18 http://archive.ubuntu.com/ubuntu noble-backports/main amd64 Packages [49.5 kB]
#7 3.359 Get:19 http://archive.ubuntu.com/ubuntu noble-backports/universe amd64 Packages [36.1 kB]
#7 3.524 Fetched 37.3 MB in 3s (11.3 MB/s)
#7 3.524 Reading package lists...
#7 3.955 Building dependency tree...
#7 4.042 Reading state information...
#7 4.053 10 packages can be upgraded. Run 'apt list --upgradable' to see them.
#7 4.056 
#7 4.056 WARNING: apt does not have a stable CLI interface. Use with caution in scripts.
#7 4.056 
#7 4.058 Reading package lists...
#7 4.485 Building dependency tree...
#7 4.572 Reading state information...
#7 4.672 diffutils is already the newest version (1:3.10-1build1).
#7 4.672 findutils is already the newest version (4.9.0-5build1).
#7 4.672 bash is already the newest version (5.2.21-2ubuntu4).
#7 4.672 The following additional packages will be installed:
#7 4.672   acl adwaita-icon-theme alsa-topology-conf alsa-ucm-conf at-spi2-common
#7 4.672   at-spi2-core binutils binutils-common binutils-x86-64-linux-gnu blt bsdutils
#7 4.672   ca-certificates console-setup console-setup-linux cpp cpp-13
#7 4.672   cpp-13-x86-64-linux-gnu cpp-x86-64-linux-gnu cpu-checker dbus dbus-bin
#7 4.672   dbus-daemon dbus-session-bus-common dbus-system-bus-common dbus-user-session
#7 4.672   dconf-gsettings-backend dconf-service dmsetup fontconfig fontconfig-config
#7 4.672   fonts-dejavu-core fonts-dejavu-mono fonts-lyx g++ g++-13
#7 4.672   g++-13-x86-64-linux-gnu g++-x86-64-linux-gnu gcc-13 gcc-13-base
#7 4.672   gcc-13-x86-64-linux-gnu gcc-x86-64-linux-gnu gir1.2-girepository-2.0
#7 4.672   gir1.2-glib-2.0 git-man glib-networking glib-networking-common
#7 4.672   glib-networking-services gsettings-desktop-schemas gstreamer1.0-plugins-base
#7 4.672   gstreamer1.0-plugins-good gstreamer1.0-x gtk-update-icon-cache
#7 4.672   hicolor-icon-theme humanity-icon-theme ibverbs-providers ipxe-qemu
#7 4.672   ipxe-qemu-256k-compat-efi-roms ipython3 iso-codes isympy-common isympy3
#7 4.672   javascript-common keyboard-configuration krb5-locales less libaa1 libaio1t64
#7 4.672   libaom3 libapparmor1 libargon2-1 libasan8 libasm1t64 libasound2-data
#7 4.672   libasound2t64 libasyncns0 libatk-bridge2.0-0t64 libatk1.0-0t64 libatm1t64
#7 4.672   libatomic1 libatspi2.0-0t64 libavahi-client3 libavahi-common-data
#7 4.672   libavahi-common3 libavc1394-0 libbinutils libblas3 libblkid1
#7 4.672   libboost-iostreams1.83.0 libboost-thread1.83.0 libbpf1 libbrlapi0.8
#7 4.672   libbrotli1 libbsd0 libc-dev-bin libc-devtools libc6-dev libcaca0 libcacard0
#7 4.672   libcairo-gobject2 libcairo2 libcap2-bin libcbor0.10 libcc1-0 libcdparanoia0
#7 4.672   libcolord2 libcrypt-dev libcryptsetup12 libctf-nobfd0 libctf0 libcups2t64
#7 4.672   libcurl3t64-gnutls libdatrie1 libdaxctl1 libdbus-1-3 libdconf1 libde265-0
#7 4.672   libdecor-0-0 libdecor-0-plugin-1-gtk libdeflate0 libdevmapper1.02.1
#7 4.672   libdrm-amdgpu1 libdrm-common libdrm-intel1 libdrm2 libduktape207 libdv4t64
#7 4.672   libdw1t64 libedit2 libelf-dev libelf1t64 libepoxy0 liberror-perl libexpat1
#7 4.672   libfdisk1 libfdt1 libfido2-1 libfl-dev libfl2 libflac12t64 libfontconfig1
#7 4.672   libfreetype6 libfribidi0 libfuse3-3 libgbm1 libgcc-13-dev libgd3
#7 4.672   libgdbm-compat4t64 libgdbm6t64 libgdk-pixbuf-2.0-0 libgdk-pixbuf2.0-bin
#7 4.672   libgdk-pixbuf2.0-common libgfortran5 libgirepository-1.0-1 libgl1
#7 4.672   libgl1-mesa-dri libglib2.0-0t64 libglib2.0-data libglvnd0 libglx-mesa0
#7 4.672   libglx0 libgomp1 libgpm2 libgprofng0 libgraphite2-3 libgssapi-krb5-2
#7 4.672   libgstreamer-plugins-base1.0-0 libgstreamer-plugins-good1.0-0
#7 4.672   libgstreamer1.0-0 libgtk-3-0t64 libgtk-3-bin libgtk-3-common libgudev-1.0-0
#7 4.672   libharfbuzz0b libheif-plugin-aomdec libheif-plugin-aomenc
#7 4.672   libheif-plugin-libde265 libheif1 libhwasan0 libibverbs1 libicu74
#7 4.672   libiec61883-0 libimagequant0 libiscsi7 libisl23 libitm1 libjack-jackd2-0
#7 4.672   libjansson4 libjbig0 libjpeg-turbo8 libjpeg8 libjq1 libjs-jquery
#7 4.672   libjs-jquery-ui libjson-c5 libk5crypto3 libkeyutils1 libkmod2 libkrb5-3
#7 4.672   libkrb5support0 liblapack3 liblbfgsb0 liblcms2-2 libldap-common libldap2
#7 4.672   liblerc4 libllvm20 liblocale-gettext-perl liblsan0 libmagic-mgc libmagic1t64
#7 4.672   libmnl0 libmount1 libmp3lame0 libmpc3 libmpfr6 libmpg123-0t64 libncurses6
#7 4.672   libndctl6 libnfs14 libnghttp2-14 libnl-3-200 libnl-route-3-200 libnspr4
#7 4.672   libnss-systemd libnss3 libnuma1 libogg0 libonig5 libopenjp2-7 libopus0
#7 4.672   liborc-0.4-0t64 libpam-cap libpam-systemd libpango-1.0-0 libpangocairo-1.0-0
#7 4.672   libpangoft2-1.0-0 libpcap0.8t64 libpciaccess0 libpcsclite1 libperl5.38t64
#7 4.672   libpipewire-0.3-0t64 libpipewire-0.3-common libpixman-1-0 libpkgconf3
#7 4.672   libpmem1 libpmemobj1 libpng16-16t64 libpopt0 libproxy1v5 libpsl5t64
#7 4.672   libpulse0 libpython3-stdlib libpython3.12-minimal libpython3.12-stdlib
#7 4.672   libqhull-r8.0 libquadmath0 librados2 libraqm0 libraw1394-11 librbd1
#7 4.672   librdmacm1t64 libreadline8t64 librsvg2-2 librsvg2-common librtmp1
#7 4.672   libsamplerate0 libsasl2-2 libsasl2-modules libsasl2-modules-db libsdl2-2.0-0
#7 4.672   libsensors-config libsensors5 libsframe1 libsharpyuv0 libshout3 libslang2
#7 4.672   libslirp0 libsmartcols1 libsndfile1 libsoup-3.0-0 libsoup-3.0-common
#7 4.672   libspa-0.2-modules libspeex1 libspice-server1 libsqlite3-0 libssh-4
#7 4.672   libstdc++-13-dev libsystemd-shared libsystemd0 libtag1v5 libtag1v5-vanilla
#7 4.672   libtcl8.6 libthai-data libthai0 libtheora0 libtiff6 libtk8.6 libtsan2
#7 4.672   libtwolame0 libubsan1 libudev1 libunwind8 liburing2 libusb-1.0-0
#7 4.672   libusbredirparser1t64 libuuid1 libv4l-0t64 libv4lconvert0t64
#7 4.672   libvirglrenderer1 libvisual-0.4-0 libvorbis0a libvorbisenc2 libvpx9
#7 4.672   libvte-2.91-0 libvte-2.91-common libvulkan1 libwavpack1 libwayland-client0
#7 4.672   libwayland-cursor0 libwayland-egl1 libwebp7 libwebpdemux2 libwebpmux3
#7 4.672   libwebrtc-audio-processing1 libx11-6 libx11-data libx11-xcb1 libxau6
#7 4.672   libxcb-dri3-0 libxcb-glx0 libxcb-present0 libxcb-randr0 libxcb-render0
#7 4.672   libxcb-shm0 libxcb-sync1 libxcb-xfixes0 libxcb1 libxcomposite1 libxcursor1
#7 4.672   libxdamage1 libxdmcp6 libxext6 libxfixes3 libxft2 libxi6 libxinerama1
#7 4.672   libxkbcommon0 libxml2 libxmuu1 libxpm4 libxrandr2 libxrender1 libxshmfence1
#7 4.672   libxslt1.1 libxss1 libxtables12 libxtst6 libxv1 libxxf86vm1 libzstd-dev
#7 4.673   linux-headers-6.8.0-106 linux-headers-6.8.0-106-generic linux-libc-dev m4
#7 4.673   manpages manpages-dev media-types mesa-libgallium mesa-vulkan-drivers mount
#7 4.673   msr-tools musl netbase networkd-dispatcher openssh-client openssl ovmf patch
#7 4.673   perl-modules-5.38 pkgconf pkgconf-bin publicsuffix python-matplotlib-data
#7 4.673   python3 python3-appdirs python3-asttokens python3-attr python3-brotli
#7 4.673   python3-bs4 python3-certifi python3-cffi-backend python3-chardet
#7 4.673   python3-contourpy python3-cryptography python3-cssselect python3-cycler
#7 4.673   python3-dateutil python3-dbus python3-decorator python3-executing
#7 4.673   python3-fonttools python3-fs python3-gi python3-html5lib python3-idna
#7 4.673   python3-ipython python3-jedi python3-kiwisolver python3-lxml python3-lz4
#7 4.673   python3-matplotlib python3-matplotlib-inline python3-minimal python3-mpmath
#7 4.673   python3-numpy python3-olefile python3-packaging python3-parso
#7 4.673   python3-pexpect python3-pil python3-pil.imagetk python3-pkg-resources
#7 4.673   python3-prompt-toolkit python3-ptyprocess python3-pure-eval python3-pygments
#7 4.673   python3-pyparsing python3-scipy python3-six python3-soupsieve
#7 4.673   python3-stack-data python3-sympy python3-tk python3-traitlets
#7 4.673   python3-typeshed python3-tz python3-ufolib2 python3-unicodedata2
#7 4.673   python3-urllib3 python3-wcwidth python3-webencodings python3.12
#7 4.673   python3.12-minimal qemu-block-extra qemu-system-common qemu-system-data
#7 4.673   qemu-system-gui qemu-system-modules-opengl qemu-system-modules-spice
#7 4.673   qemu-utils readline-common rpcsvc-proto seabios session-migration
#7 4.673   shared-mime-info systemd systemd-dev systemd-resolved systemd-sysv
#7 4.673   systemd-timesyncd tk8.6-blt2.5 tzdata ubuntu-mono unicode-data x11-common
#7 4.673   xauth xdg-user-dirs xkb-data zlib1g-dev
#7 4.673 Suggested packages:
#7 4.673   cron quota ecryptfs-utils binutils-doc gprofng-gui bison-doc blt-demo
#7 4.673   locales cpp-doc gcc-13-locales cpp-13-doc build-essential flex-doc
#7 4.673   g++-multilib g++-13-multilib gcc-13-doc gcc-multilib autoconf automake
#7 4.673   libtool gdb gcc-doc gcc-13-multilib gdb-x86-64-linux-gnu gettext-base
#7 4.673   git-daemon-run | git-daemon-sysvinit git-doc git-email git-gui gitk gitweb
#7 4.673   git-cvs git-mediawiki git-svn gvfs iproute2-doc isoquery apache2 | lighttpd
#7 4.673   | httpd alsa-utils libasound2-plugins glibc-doc colord cups-common libdv-bin
#7 4.673   oss-compat fuse3 libgd-tools gdbm-l10n low-memory-monitor gpm krb5-doc
#7 4.673   krb5-user libvisual-0.4-plugins gstreamer1.0-tools libheif-plugin-x265
#7 4.673   libheif-plugin-ffmpegdec libheif-plugin-jpegdec libheif-plugin-jpegenc
#7 4.673   libheif-plugin-j2kdec libheif-plugin-j2kenc libheif-plugin-rav1e
#7 4.673   libheif-plugin-svtenc jackd2 libjs-jquery-ui-docs liblcms2-utils
#7 4.673   cryptsetup-bin opus-tools pciutils pcscd pipewire pulseaudio libraw1394-doc
#7 4.673   librsvg2-bin libsasl2-modules-gssapi-mit | libsasl2-modules-gssapi-heimdal
#7 4.673   libsasl2-modules-ldap libsasl2-modules-otp libsasl2-modules-sql xdg-utils
#7 4.673   lm-sensors speex gstreamer1.0-libav gstreamer1.0-plugins-ugly libssl-doc
#7 4.673   libstdc++-13-doc tcl8.6 tk8.6 m4-doc make-doc man-browser nfs-common iw
#7 4.673   | wireless-tools keychain libpam-ssh monkeysphere ssh-askpass ed
#7 4.673   diffutils-doc perl-doc libterm-readline-gnu-perl
#7 4.673   | libterm-readline-perl-perl libtap-harness-archive-perl python3-doc
#7 4.673   python3-venv python-attr-doc python-cryptography-doc
#7 4.673   python3-cryptography-vectors python-cycler-doc python-dbus-doc
#7 4.673   python3-genshi python-ipython-doc python-lxml-doc cm-super-minimal dvipng
#7 4.673   ffmpeg fonts-staypuft ghostscript gir1.2-gtk-3.0 inkscape python3-cairocffi
#7 4.673   python3-gi-cairo python3-gobject python3-pyqt5 python3-sip python3-tornado
#7 4.673   texlive-extra-utils texlive-latex-extra python-mpmath-doc python3-gmpy2
#7 4.673   gfortran python3-dev python3-pytest python-pexpect-doc python-pil-doc
#7 4.673   python-pygments-doc ttf-bitstream-vera python-pyparsing-doc python3-openssl
#7 4.673   python3-socks python-requests-doc graphviz python-scapy-doc python3-pyx sox
#7 4.673   tcpdump tcpreplay wireshark python-scipy-doc python-setuptools-doc
#7 4.673   texlive-fonts-extra python-sympy-doc tix python3-tk-dbg python3.12-venv
#7 4.673   python3.12-doc binfmt-support samba vde2 readline-doc openssh-server
#7 4.673   python3-braceexpand systemd-container systemd-homed systemd-userdbd
#7 4.673   systemd-boot libip4tc2 libqrencode4 libtss2-esys-3.0.2-0 libtss2-mu-4.0.1-0
#7 4.673   libtss2-rc0 libtss2-tcti-device0 polkitd dosfstools util-linux-extra
#7 4.673   util-linux-locales dbus-x11 pulseaudio-utils qemu-system-arm qemu-system-ppc
#7 4.673   virtiofsd
#7 4.673 Recommended packages:
#7 4.673   bsdextrautils uuid-runtime
#7 5.060 The following NEW packages will be installed:
#7 5.060   acl adduser adwaita-icon-theme alsa-topology-conf alsa-ucm-conf
#7 5.060   at-spi2-common at-spi2-core bc binutils binutils-common
#7 5.060   binutils-x86-64-linux-gnu bison blt ca-certificates console-setup
#7 5.060   console-setup-linux cpp cpp-13 cpp-13-x86-64-linux-gnu cpp-x86-64-linux-gnu
#7 5.060   cpu-checker dbus dbus-bin dbus-daemon dbus-session-bus-common
#7 5.060   dbus-system-bus-common dbus-user-session dconf-gsettings-backend
#7 5.060   dconf-service dmsetup elfutils ethtool file flex fontconfig
#7 5.060   fontconfig-config fonts-dejavu-core fonts-dejavu-mono fonts-lyx g++ g++-13
#7 5.060   g++-13-x86-64-linux-gnu g++-x86-64-linux-gnu gcc gcc-13 gcc-13-base
#7 5.060   gcc-13-x86-64-linux-gnu gcc-x86-64-linux-gnu gir1.2-girepository-2.0
#7 5.060   gir1.2-glib-2.0 git git-man glib-networking glib-networking-common
#7 5.060   glib-networking-services gsettings-desktop-schemas gstreamer1.0-plugins-base
#7 5.060   gstreamer1.0-plugins-good gstreamer1.0-x gtk-update-icon-cache
#7 5.060   hicolor-icon-theme humanity-icon-theme ibverbs-providers iproute2
#7 5.060   iputils-ping ipxe-qemu ipxe-qemu-256k-compat-efi-roms ipython3 iso-codes
#7 5.060   isympy-common isympy3 javascript-common jq kbd keyboard-configuration kmod
#7 5.061   krb5-locales less libaa1 libaio1t64 libaom3 libapparmor1 libargon2-1
#7 5.061   libasan8 libasm1t64 libasound2-data libasound2t64 libasyncns0
#7 5.061   libatk-bridge2.0-0t64 libatk1.0-0t64 libatm1t64 libatomic1 libatspi2.0-0t64
#7 5.061   libavahi-client3 libavahi-common-data libavahi-common3 libavc1394-0
#7 5.061   libbinutils libblas3 libboost-iostreams1.83.0 libboost-thread1.83.0
#7 5.061   libbpf-dev libbpf1 libbrlapi0.8 libbrotli1 libbsd0 libc-dev-bin
#7 5.061   libc-devtools libc6-dev libcaca0 libcacard0 libcairo-gobject2 libcairo2
#7 5.061   libcap-dev libcap2-bin libcbor0.10 libcc1-0 libcdparanoia0 libcolord2
#7 5.061   libcrypt-dev libcryptsetup12 libctf-nobfd0 libctf0 libcups2t64
#7 5.061   libcurl3t64-gnutls libdatrie1 libdaxctl1 libdbus-1-3 libdconf1 libde265-0
#7 5.061   libdecor-0-0 libdecor-0-plugin-1-gtk libdeflate0 libdevmapper1.02.1
#7 5.061   libdrm-amdgpu1 libdrm-common libdrm-intel1 libdrm2 libduktape207 libdv4t64
#7 5.061   libdw1t64 libedit2 libelf-dev libelf1t64 libepoxy0 liberror-perl libexpat1
#7 5.061   libfdisk1 libfdt1 libfido2-1 libfl-dev libfl2 libflac12t64 libfontconfig1
#7 5.061   libfreetype6 libfribidi0 libfuse3-3 libgbm1 libgcc-13-dev libgd3
#7 5.061   libgdbm-compat4t64 libgdbm6t64 libgdk-pixbuf-2.0-0 libgdk-pixbuf2.0-bin
#7 5.061   libgdk-pixbuf2.0-common libgfortran5 libgirepository-1.0-1 libgl1
#7 5.061   libgl1-mesa-dri libglib2.0-0t64 libglib2.0-data libglvnd0 libglx-mesa0
#7 5.061   libglx0 libgomp1 libgpm2 libgprofng0 libgraphite2-3 libgssapi-krb5-2
#7 5.061   libgstreamer-plugins-base1.0-0 libgstreamer-plugins-good1.0-0
#7 5.061   libgstreamer1.0-0 libgtk-3-0t64 libgtk-3-bin libgtk-3-common libgudev-1.0-0
#7 5.061   libharfbuzz0b libheif-plugin-aomdec libheif-plugin-aomenc
#7 5.061   libheif-plugin-libde265 libheif1 libhwasan0 libibverbs1 libicu74
#7 5.061   libiec61883-0 libimagequant0 libiscsi7 libisl23 libitm1 libjack-jackd2-0
#7 5.061   libjansson4 libjbig0 libjpeg-turbo8 libjpeg8 libjq1 libjs-jquery
#7 5.061   libjs-jquery-ui libjson-c5 libk5crypto3 libkeyutils1 libkmod2 libkrb5-3
#7 5.061   libkrb5support0 liblapack3 liblbfgsb0 liblcms2-2 libldap-common libldap2
#7 5.061   liblerc4 libllvm20 liblocale-gettext-perl liblsan0 libmagic-mgc libmagic1t64
#7 5.061   libmnl-dev libmnl0 libmp3lame0 libmpc3 libmpfr6 libmpg123-0t64 libncurses6
#7 5.061   libndctl6 libnfs14 libnghttp2-14 libnl-3-200 libnl-route-3-200 libnspr4
#7 5.061   libnss-systemd libnss3 libnuma1 libogg0 libonig5 libopenjp2-7 libopus0
#7 5.061   liborc-0.4-0t64 libpam-cap libpam-systemd libpango-1.0-0 libpangocairo-1.0-0
#7 5.061   libpangoft2-1.0-0 libpcap0.8t64 libpciaccess0 libpcsclite1 libperl5.38t64
#7 5.061   libpipewire-0.3-0t64 libpipewire-0.3-common libpixman-1-0 libpkgconf3
#7 5.061   libpmem1 libpmemobj1 libpng16-16t64 libpopt0 libproxy1v5 libpsl5t64
#7 5.061   libpulse0 libpython3-stdlib libpython3.12-minimal libpython3.12-stdlib
#7 5.061   libqhull-r8.0 libquadmath0 librados2 libraqm0 libraw1394-11 librbd1
#7 5.061   librdmacm1t64 libreadline8t64 librsvg2-2 librsvg2-common librtmp1
#7 5.061   libsamplerate0 libsasl2-2 libsasl2-modules libsasl2-modules-db libsdl2-2.0-0
#7 5.061   libsensors-config libsensors5 libsframe1 libsharpyuv0 libshout3 libslang2
#7 5.061   libslirp0 libsndfile1 libsoup-3.0-0 libsoup-3.0-common libspa-0.2-modules
#7 5.061   libspeex1 libspice-server1 libsqlite3-0 libssh-4 libssl-dev libstdc++-13-dev
#7 5.061   libsystemd-shared libtag1v5 libtag1v5-vanilla libtcl8.6 libthai-data
#7 5.061   libthai0 libtheora0 libtiff6 libtk8.6 libtsan2 libtwolame0 libubsan1
#7 5.061   libunwind8 liburing2 libusb-1.0-0 libusbredirparser1t64 libv4l-0t64
#7 5.061   libv4lconvert0t64 libvirglrenderer1 libvisual-0.4-0 libvorbis0a
#7 5.061   libvorbisenc2 libvpx9 libvte-2.91-0 libvte-2.91-common libvulkan1
#7 5.061   libwavpack1 libwayland-client0 libwayland-cursor0 libwayland-egl1 libwebp7
#7 5.061   libwebpdemux2 libwebpmux3 libwebrtc-audio-processing1 libx11-6 libx11-data
#7 5.061   libx11-xcb1 libxau6 libxcb-dri3-0 libxcb-glx0 libxcb-present0 libxcb-randr0
#7 5.061   libxcb-render0 libxcb-shm0 libxcb-sync1 libxcb-xfixes0 libxcb1
#7 5.061   libxcomposite1 libxcursor1 libxdamage1 libxdmcp6 libxext6 libxfixes3 libxft2
#7 5.061   libxi6 libxinerama1 libxkbcommon0 libxml2 libxmuu1 libxpm4 libxrandr2
#7 5.061   libxrender1 libxshmfence1 libxslt1.1 libxss1 libxtables12 libxtst6 libxv1
#7 5.061   libxxf86vm1 libzstd-dev linux-headers-6.8.0-106
#7 5.062   linux-headers-6.8.0-106-generic linux-headers-generic linux-libc-dev m4 make
#7 5.062   manpages manpages-dev media-types mesa-libgallium mesa-vulkan-drivers
#7 5.062   msr-tools musl musl-dev netbase networkd-dispatcher openssh-client openssl
#7 5.062   ovmf patch perl perl-modules-5.38 pkg-config pkgconf pkgconf-bin
#7 5.062   publicsuffix python-matplotlib-data python3 python3-appdirs
#7 5.062   python3-argcomplete python3-asttokens python3-attr python3-brotli
#7 5.062   python3-bs4 python3-certifi python3-cffi-backend python3-chardet
#7 5.062   python3-contourpy python3-cryptography python3-cssselect python3-cycler
#7 5.062   python3-dateutil python3-dbus python3-decorator python3-executing
#7 5.062   python3-fonttools python3-fs python3-gi python3-html5lib python3-idna
#7 5.062   python3-ipython python3-jedi python3-kiwisolver python3-lxml python3-lz4
#7 5.062   python3-matplotlib python3-matplotlib-inline python3-minimal python3-mpmath
#7 5.062   python3-numpy python3-olefile python3-packaging python3-parso
#7 5.062   python3-pexpect python3-pil python3-pil.imagetk python3-pkg-resources
#7 5.062   python3-prompt-toolkit python3-psutil python3-ptyprocess python3-pure-eval
#7 5.062   python3-pygments python3-pyparsing python3-pyroute2 python3-requests
#7 5.062   python3-scapy python3-scipy python3-setuptools python3-six python3-soupsieve
#7 5.062   python3-stack-data python3-sympy python3-tk python3-traitlets
#7 5.062   python3-typeshed python3-tz python3-ufolib2 python3-unicodedata2
#7 5.062   python3-urllib3 python3-wcwidth python3-webencodings python3.12
#7 5.062   python3.12-minimal qemu-block-extra qemu-system-common qemu-system-data
#7 5.062   qemu-system-gui qemu-system-modules-opengl qemu-system-modules-spice
#7 5.062   qemu-system-x86 qemu-utils readline-common rpcsvc-proto rsync seabios
#7 5.062   session-migration shared-mime-info systemd systemd-dev systemd-resolved
#7 5.062   systemd-sysv systemd-timesyncd tk8.6-blt2.5 tzdata ubuntu-mono unicode-data
#7 5.062   virtme-ng x11-common xauth xdg-user-dirs xkb-data zlib1g-dev
#7 5.063 The following packages will be upgraded:
#7 5.063   bsdutils coreutils libblkid1 libmount1 libsmartcols1 libsystemd0 libudev1
#7 5.063   libuuid1 mount util-linux
#7 5.310 10 upgraded, 493 newly installed, 0 to remove and 0 not upgraded.
#7 5.310 Need to get 353 MB of archives.
#7 5.310 After this operation, 1512 MB of additional disk space will be used.
#7 5.310 Get:1 http://archive.ubuntu.com/ubuntu noble-updates/main amd64 bsdutils amd64 1:2.39.3-9ubuntu6.5 [96.1 kB]
#7 5.747 Get:2 http://archive.ubuntu.com/ubuntu noble-updates/main amd64 coreutils amd64 9.4-3ubuntu6.2 [1412 kB]
#7 6.222 Get:3 http://archive.ubuntu.com/ubuntu noble-updates/main amd64 util-linux amd64 2.39.3-9ubuntu6.5 [1128 kB]
#7 6.310 Get:4 http://archive.ubuntu.com/ubuntu noble-updates/main amd64 mount amd64 2.39.3-9ubuntu6.5 [118 kB]
#7 6.317 Get:5 http://archive.ubuntu.com/ubuntu noble/main amd64 kbd amd64 2.6.4-2ubuntu2 [241 kB]
#7 6.331 Get:6 http://archive.ubuntu.com/ubuntu noble/main amd64 liblocale-gettext-perl amd64 1.07-6ubuntu5 [15.8 kB]
#7 6.331 Get:7 http://archive.ubuntu.com/ubuntu noble-updates/main amd64 xkb-data all 2.41-2ubuntu1.1 [397 kB]
#7 6.353 Get:8 http://archive.ubuntu.com/ubuntu noble/main amd64 keyboard-configuration all 1.226ubuntu1 [212 kB]
#7 6.362 Get:9 http://archive.ubuntu.com/ubuntu noble/main amd64 console-setup-linux all 1.226ubuntu1 [1880 kB]
#7 6.431 Get:10 http://archive.ubuntu.com/ubuntu noble/main amd64 console-setup all 1.226ubuntu1 [110 kB]
#7 6.434 Get:11 http://archive.ubuntu.com/ubuntu noble-updates/main amd64 libpython3.12-minimal amd64 3.12.3-1ubuntu0.12 [837 kB]
#7 6.458 Get:12 http://archive.ubuntu.com/ubuntu noble-updates/main amd64 libexpat1 amd64 2.6.1-2ubuntu0.4 [88.2 kB]
#7 6.460 Get:13 http://archive.ubuntu.com/ubuntu noble-updates/main amd64 python3.12-minimal amd64 3.12.3-1ubuntu0.12 [2334 kB]
#7 6.654 Get:14 http://archive.ubuntu.com/ubuntu noble-updates/main amd64 python3-minimal amd64 3.12.3-0ubuntu2.1 [27.4 kB]
#7 6.654 Get:15 http://archive.ubuntu.com/ubuntu noble/main amd64 media-types all 10.1.0 [27.5 kB]
#7 6.654 Get:16 http://archive.ubuntu.com/ubuntu noble/main amd64 netbase all 6.4 [13.1 kB]
#7 6.655 Get:17 http://archive.ubuntu.com/ubuntu noble-updates/main amd64 tzdata all 2025b-0ubuntu0.24.04.1 [276 kB]
#7 6.666 Get:18 http://archive.ubuntu.com/ubuntu noble/main amd64 readline-common all 8.2-4build1 [56.5 kB]
#7 6.667 Get:19 http://archive.ubuntu.com/ubuntu noble/main amd64 libreadline8t64 amd64 8.2-4build1 [153 kB]
#7 6.671 Get:20 http://archive.ubuntu.com/ubuntu noble-updates/main amd64 libsqlite3-0 amd64 3.45.1-1ubuntu2.5 [701 kB]
#7 6.674 Get:21 http://archive.ubuntu.com/ubuntu noble-updates/main amd64 libpython3.12-stdlib amd64 3.12.3-1ubuntu0.12 [2069 kB]
#7 6.896 Get:22 http://archive.ubuntu.com/ubuntu noble-updates/main amd64 python3.12 amd64 3.12.3-1ubuntu0.12 [651 kB]
#7 6.985 Get:23 http://archive.ubuntu.com/ubuntu noble-updates/main amd64 libpython3-stdlib amd64 3.12.3-0ubuntu2.1 [10.1 kB]
#7 6.985 Get:24 http://archive.ubuntu.com/ubuntu noble-updates/main amd64 python3 amd64 3.12.3-0ubuntu2.1 [23.0 kB]
#7 6.985 Get:25 http://archive.ubuntu.com/ubuntu noble-updates/main amd64 libapparmor1 amd64 4.0.1really4.0.1-0ubuntu0.24.04.5 [50.5 kB]
#7 6.985 Get:26 http://archive.ubuntu.com/ubuntu noble/main amd64 libargon2-1 amd64 0~20190702+dfsg-4build1 [20.8 kB]
#7 6.985 Get:27 http://archive.ubuntu.com/ubuntu noble-updates/main amd64 libblkid1 amd64 2.39.3-9ubuntu6.5 [123 kB]
#7 6.991 Get:28 http://archive.ubuntu.com/ubuntu noble-updates/main amd64 libudev1 amd64 255.4-1ubuntu8.14 [177 kB]
#7 6.992 Get:29 http://archive.ubuntu.com/ubuntu noble-updates/main amd64 libdevmapper1.02.1 amd64 2:1.02.185-3ubuntu3.2 [139 kB]
#7 6.995 Get:30 http://archive.ubuntu.com/ubuntu noble/main amd64 libjson-c5 amd64 0.17-1build1 [35.3 kB]
#7 7.005 Get:31 http://archive.ubuntu.com/ubuntu noble-updates/main amd64 libuuid1 amd64 2.39.3-9ubuntu6.5 [36.1 kB]
#7 7.114 Get:32 http://archive.ubuntu.com/ubuntu noble-updates/main amd64 libcryptsetup12 amd64 2:2.7.0-1ubuntu4.2 [266 kB]
#7 7.225 Get:33 http://archive.ubuntu.com/ubuntu noble-updates/main amd64 libfdisk1 amd64 2.39.3-9ubuntu6.5 [146 kB]
#7 7.226 Get:34 http://archive.ubuntu.com/ubuntu noble-updates/main amd64 libkmod2 amd64 31+20240202-2ubuntu7.1 [51.7 kB]
#7 7.227 Get:35 http://archive.ubuntu.com/ubuntu noble-updates/main amd64 libmount1 amd64 2.39.3-9ubuntu6.5 [134 kB]
#7 7.229 Get:36 http://archive.ubuntu.com/ubuntu noble-updates/main amd64 libsystemd-shared amd64 255.4-1ubuntu8.14 [2074 kB]
#7 7.254 Get:37 http://archive.ubuntu.com/ubuntu noble-updates/main amd64 libsystemd0 amd64 255.4-1ubuntu8.14 [435 kB]
#7 7.259 Get:38 http://archive.ubuntu.com/ubuntu noble-updates/main amd64 systemd-dev all 255.4-1ubuntu8.14 [106 kB]
#7 7.346 Get:39 http://archive.ubuntu.com/ubuntu noble-updates/main amd64 systemd amd64 255.4-1ubuntu8.14 [3475 kB]
#7 7.587 Get:40 http://archive.ubuntu.com/ubuntu noble-updates/main amd64 systemd-sysv amd64 255.4-1ubuntu8.14 [11.9 kB]
#7 7.587 Get:41 http://archive.ubuntu.com/ubuntu noble/main amd64 libpopt0 amd64 1.19+dfsg-1build1 [28.6 kB]
#7 7.588 Get:42 http://archive.ubuntu.com/ubuntu noble-updates/main amd64 rsync amd64 3.2.7-1ubuntu1.2 [436 kB]
#7 7.603 Get:43 http://archive.ubuntu.com/ubuntu noble/main amd64 m4 amd64 1.4.19-4build1 [244 kB]
#7 7.612 Get:44 http://archive.ubuntu.com/ubuntu noble/main amd64 flex amd64 2.6.4-8.2build1 [301 kB]
#7 7.622 Get:45 http://archive.ubuntu.com/ubuntu noble-updates/main amd64 perl-modules-5.38 all 5.38.2-3.2ubuntu0.2 [3110 kB]
#7 7.732 Get:46 http://archive.ubuntu.com/ubuntu noble/main amd64 libgdbm6t64 amd64 1.23-5.1build1 [34.4 kB]
#7 7.733 Get:47 http://archive.ubuntu.com/ubuntu noble/main amd64 libgdbm-compat4t64 amd64 1.23-5.1build1 [6710 B]
#7 7.733 Get:48 http://archive.ubuntu.com/ubuntu noble-updates/main amd64 libperl5.38t64 amd64 5.38.2-3.2ubuntu0.2 [4874 kB]
#7 7.905 Get:49 http://archive.ubuntu.com/ubuntu noble-updates/main amd64 perl amd64 5.38.2-3.2ubuntu0.2 [231 kB]
#7 7.912 Get:50 http://archive.ubuntu.com/ubuntu noble-updates/main amd64 libsmartcols1 amd64 2.39.3-9ubuntu6.5 [65.8 kB]
#7 7.915 Get:51 http://archive.ubuntu.com/ubuntu noble/main amd64 adduser all 3.137ubuntu1 [101 kB]
#7 7.918 Get:52 http://archive.ubuntu.com/ubuntu noble-updates/main amd64 openssl amd64 3.0.13-0ubuntu3.7 [1003 kB]
#7 7.953 Get:53 http://archive.ubuntu.com/ubuntu noble/main amd64 ca-certificates all 20240203 [159 kB]
#7 7.958 Get:54 http://archive.ubuntu.com/ubuntu noble-updates/main amd64 libdbus-1-3 amd64 1.14.10-4ubuntu4.1 [210 kB]
#7 7.966 Get:55 http://archive.ubuntu.com/ubuntu noble-updates/main amd64 dbus-bin amd64 1.14.10-4ubuntu4.1 [39.3 kB]
#7 7.966 Get:56 http://archive.ubuntu.com/ubuntu noble-updates/main amd64 dbus-session-bus-common all 1.14.10-4ubuntu4.1 [80.5 kB]
#7 7.970 Get:57 http://archive.ubuntu.com/ubuntu noble-updates/main amd64 dbus-daemon amd64 1.14.10-4ubuntu4.1 [118 kB]
#7 8.026 Get:58 http://archive.ubuntu.com/ubuntu noble-updates/main amd64 dbus-system-bus-common all 1.14.10-4ubuntu4.1 [81.6 kB]
#7 8.027 Get:59 http://archive.ubuntu.com/ubuntu noble-updates/main amd64 dbus amd64 1.14.10-4ubuntu4.1 [24.3 kB]
#7 8.027 Get:60 http://archive.ubuntu.com/ubuntu noble-updates/main amd64 libpam-systemd amd64 255.4-1ubuntu8.14 [235 kB]
#7 8.135 Get:61 http://archive.ubuntu.com/ubuntu noble-updates/main amd64 dbus-user-session amd64 1.14.10-4ubuntu4.1 [9968 B]
#7 8.135 Get:62 http://archive.ubuntu.com/ubuntu noble-updates/main amd64 dmsetup amd64 2:1.02.185-3ubuntu3.2 [79.2 kB]
#7 8.136 Get:63 http://archive.ubuntu.com/ubuntu noble-updates/main amd64 libglib2.0-0t64 amd64 2.80.0-6ubuntu3.8 [1545 kB]
#7 8.179 Get:64 http://archive.ubuntu.com/ubuntu noble-updates/main amd64 gir1.2-glib-2.0 amd64 2.80.0-6ubuntu3.8 [183 kB]
#7 8.187 Get:65 http://archive.ubuntu.com/ubuntu noble/main amd64 libgirepository-1.0-1 amd64 1.80.1-1 [81.9 kB]
#7 8.188 Get:66 http://archive.ubuntu.com/ubuntu noble/main amd64 gir1.2-girepository-2.0 amd64 1.80.1-1 [24.5 kB]
#7 8.188 Get:67 http://archive.ubuntu.com/ubuntu noble-updates/main amd64 libelf1t64 amd64 0.190-1.1ubuntu0.1 [57.8 kB]
#7 8.244 Get:68 http://archive.ubuntu.com/ubuntu noble/main amd64 libbpf1 amd64 1:1.3.0-2build2 [166 kB]
#7 8.248 Get:69 http://archive.ubuntu.com/ubuntu noble/main amd64 libmnl0 amd64 1.0.5-2build1 [12.3 kB]
#7 8.248 Get:70 http://archive.ubuntu.com/ubuntu noble/main amd64 libxtables12 amd64 1.8.10-3ubuntu2 [35.7 kB]
#7 8.353 Get:71 http://archive.ubuntu.com/ubuntu noble-updates/main amd64 libcap2-bin amd64 1:2.66-5ubuntu2.2 [34.2 kB]
#7 8.353 Get:72 http://archive.ubuntu.com/ubuntu noble-updates/main amd64 iproute2 amd64 6.1.0-1ubuntu6.2 [1120 kB]
#7 8.384 Get:73 http://archive.ubuntu.com/ubuntu noble-updates/main amd64 iputils-ping amd64 3:20240117-1ubuntu0.1 [44.6 kB]
#7 8.384 Get:74 http://archive.ubuntu.com/ubuntu noble/main amd64 iso-codes all 4.16.0-1 [3492 kB]
#7 8.508 Get:75 http://archive.ubuntu.com/ubuntu noble-updates/main amd64 kmod amd64 31+20240202-2ubuntu7.1 [101 kB]
#7 8.511 Get:76 http://archive.ubuntu.com/ubuntu noble-updates/main amd64 krb5-locales all 1.20.1-6ubuntu2.6 [14.8 kB]
#7 8.511 Get:77 http://archive.ubuntu.com/ubuntu noble-updates/main amd64 less amd64 590-2ubuntu2.1 [142 kB]
#7 8.515 Get:78 http://archive.ubuntu.com/ubuntu noble/main amd64 libatm1t64 amd64 1:2.5.1-5.1build1 [22.9 kB]
#7 8.516 Get:79 http://archive.ubuntu.com/ubuntu noble-updates/main amd64 libbsd0 amd64 0.12.1-1build1.1 [41.2 kB]
#7 8.517 Get:80 http://archive.ubuntu.com/ubuntu noble/main amd64 libfribidi0 amd64 1.0.13-3build1 [26.1 kB]
#7 8.570 Get:81 http://archive.ubuntu.com/ubuntu noble-updates/main amd64 libglib2.0-data all 2.80.0-6ubuntu3.8 [49.6 kB]
#7 8.571 Get:82 http://archive.ubuntu.com/ubuntu noble-updates/main amd64 libkrb5support0 amd64 1.20.1-6ubuntu2.6 [34.4 kB]
#7 8.572 Get:83 http://archive.ubuntu.com/ubuntu noble-updates/main amd64 libk5crypto3 amd64 1.20.1-6ubuntu2.6 [82.0 kB]
#7 8.679 Get:84 http://archive.ubuntu.com/ubuntu noble/main amd64 libkeyutils1 amd64 1.6.3-3build1 [9490 B]
#7 8.679 Get:85 http://archive.ubuntu.com/ubuntu noble-updates/main amd64 libkrb5-3 amd64 1.20.1-6ubuntu2.6 [348 kB]
#7 8.688 Get:86 http://archive.ubuntu.com/ubuntu noble-updates/main amd64 libgssapi-krb5-2 amd64 1.20.1-6ubuntu2.6 [143 kB]
#7 8.692 Get:87 http://archive.ubuntu.com/ubuntu noble-updates/main amd64 libicu74 amd64 74.2-1ubuntu3.1 [10.9 MB]
#7 9.061 Get:88 http://archive.ubuntu.com/ubuntu noble-updates/main amd64 libnss-systemd amd64 255.4-1ubuntu8.14 [159 kB]
#7 9.064 Get:89 http://archive.ubuntu.com/ubuntu noble-updates/main amd64 libpam-cap amd64 1:2.66-5ubuntu2.2 [12.5 kB]
#7 9.065 Get:90 http://archive.ubuntu.com/ubuntu noble/main amd64 libslang2 amd64 2.3.3-3build2 [506 kB]
#7 9.080 Get:91 http://archive.ubuntu.com/ubuntu noble-updates/main amd64 libxml2 amd64 2.9.14+dfsg-1.3ubuntu3.7 [764 kB]
#7 9.121 Get:92 http://archive.ubuntu.com/ubuntu noble/main amd64 python3-dbus amd64 1.3.2-5build3 [100 kB]
#7 9.124 Get:93 http://archive.ubuntu.com/ubuntu noble/main amd64 python3-gi amd64 3.48.2-1 [232 kB]
#7 9.130 Get:94 http://archive.ubuntu.com/ubuntu noble/main amd64 networkd-dispatcher all 2.2.4-1 [15.5 kB]
#7 9.130 Get:95 http://archive.ubuntu.com/ubuntu noble/main amd64 python3-cffi-backend amd64 1.16.0-2build1 [77.3 kB]
#7 9.132 Get:96 http://archive.ubuntu.com/ubuntu noble-updates/main amd64 python3-pkg-resources all 68.1.2-2ubuntu1.2 [168 kB]
#7 9.170 Get:97 http://archive.ubuntu.com/ubuntu noble/main amd64 python3-pygments all 2.17.2+dfsg-1 [819 kB]
#7 9.279 Get:98 http://archive.ubuntu.com/ubuntu noble/main amd64 shared-mime-info amd64 2.4-4 [474 kB]
#7 9.292 Get:99 http://archive.ubuntu.com/ubuntu noble-updates/main amd64 systemd-resolved amd64 255.4-1ubuntu8.14 [296 kB]
#7 9.299 Get:100 http://archive.ubuntu.com/ubuntu noble-updates/main amd64 systemd-timesyncd amd64 255.4-1ubuntu8.14 [35.3 kB]
#7 9.300 Get:101 http://archive.ubuntu.com/ubuntu noble/main amd64 xdg-user-dirs amd64 0.18-1build1 [18.4 kB]
#7 9.544 Get:102 http://archive.ubuntu.com/ubuntu noble/main amd64 ethtool amd64 1:6.7-1build1 [229 kB]
#7 10.29 Get:103 http://archive.ubuntu.com/ubuntu noble/main amd64 libmagic-mgc amd64 1:5.45-3build1 [307 kB]
#7 10.92 Get:104 http://archive.ubuntu.com/ubuntu noble/main amd64 libmagic1t64 amd64 1:5.45-3build1 [87.2 kB]
#7 11.05 Get:105 http://archive.ubuntu.com/ubuntu noble/main amd64 file amd64 1:5.45-3build1 [22.0 kB]
#7 11.16 Get:106 http://archive.ubuntu.com/ubuntu noble-updates/main amd64 libnl-3-200 amd64 3.7.0-0.3build1.1 [55.7 kB]
#7 11.29 Get:107 http://archive.ubuntu.com/ubuntu noble-updates/main amd64 libnl-route-3-200 amd64 3.7.0-0.3build1.1 [189 kB]
#7 11.44 Get:108 http://archive.ubuntu.com/ubuntu noble-updates/main amd64 libibverbs1 amd64 50.0-2ubuntu0.2 [68.0 kB]
#7 11.57 Get:109 http://archive.ubuntu.com/ubuntu noble-updates/main amd64 ibverbs-providers amd64 50.0-2ubuntu0.2 [381 kB]
#7 11.78 Get:110 http://archive.ubuntu.com/ubuntu noble/main amd64 libcbor0.10 amd64 0.10.2-1.2ubuntu2 [25.8 kB]
#7 11.89 Get:111 http://archive.ubuntu.com/ubuntu noble-updates/main amd64 libdrm-common all 2.4.125-1ubuntu0.1~24.04.1 [9174 B]
#7 12.00 Get:112 http://archive.ubuntu.com/ubuntu noble-updates/main amd64 libdrm2 amd64 2.4.125-1ubuntu0.1~24.04.1 [41.3 kB]
#7 12.12 Get:113 http://archive.ubuntu.com/ubuntu noble/main amd64 libedit2 amd64 3.1-20230828-1build1 [97.6 kB]
#7 12.24 Get:114 http://archive.ubuntu.com/ubuntu noble/main amd64 libfido2-1 amd64 1.14.0-1build3 [83.5 kB]
#7 12.37 Get:115 http://archive.ubuntu.com/ubuntu noble/main amd64 libfuse3-3 amd64 3.14.0-5build1 [83.1 kB]
#7 12.49 Get:116 http://archive.ubuntu.com/ubuntu noble/main amd64 libgpm2 amd64 1.20.7-11 [14.1 kB]
#7 12.60 Get:117 http://archive.ubuntu.com/ubuntu noble/main amd64 libjansson4 amd64 2.14-2build2 [32.8 kB]
#7 12.72 Get:118 http://archive.ubuntu.com/ubuntu noble/main amd64 libncurses6 amd64 6.4+20240113-1ubuntu2 [112 kB]
#7 12.85 Get:119 http://archive.ubuntu.com/ubuntu noble-updates/main amd64 libnghttp2-14 amd64 1.59.0-1ubuntu0.2 [74.3 kB]
#7 12.97 Get:120 http://archive.ubuntu.com/ubuntu noble-updates/main amd64 libnuma1 amd64 2.0.18-1ubuntu0.24.04.1 [23.4 kB]
#7 13.08 Get:121 http://archive.ubuntu.com/ubuntu noble/main amd64 libpcap0.8t64 amd64 1.10.4-4.1ubuntu3 [151 kB]
#7 13.22 Get:122 http://archive.ubuntu.com/ubuntu noble-updates/main amd64 libpng16-16t64 amd64 1.6.43-5ubuntu0.5 [188 kB]
#7 13.36 Get:123 http://archive.ubuntu.com/ubuntu noble/main amd64 libpsl5t64 amd64 0.21.2-1.1build1 [57.1 kB]
#7 13.48 Get:124 http://archive.ubuntu.com/ubuntu noble/main amd64 libsensors-config all 1:3.6.0-9build1 [5546 B]
#7 13.59 Get:125 http://archive.ubuntu.com/ubuntu noble/main amd64 libsensors5 amd64 1:3.6.0-9build1 [26.6 kB]
#7 13.70 Get:126 http://archive.ubuntu.com/ubuntu noble/main amd64 libusb-1.0-0 amd64 2:1.0.27-1 [54.0 kB]
#7 13.82 Get:127 http://archive.ubuntu.com/ubuntu noble/main amd64 libxau6 amd64 1:1.0.9-1build6 [7160 B]
#7 13.93 Get:128 http://archive.ubuntu.com/ubuntu noble/main amd64 libxdmcp6 amd64 1:1.1.3-0ubuntu6 [10.3 kB]
#7 14.04 Get:129 http://archive.ubuntu.com/ubuntu noble/main amd64 libxcb1 amd64 1.15-1ubuntu2 [47.7 kB]
#7 14.30 Get:130 http://archive.ubuntu.com/ubuntu noble/main amd64 libx11-data all 2:1.8.7-1build1 [115 kB]
#7 14.43 Get:131 http://archive.ubuntu.com/ubuntu noble/main amd64 libx11-6 amd64 2:1.8.7-1build1 [650 kB]
#7 14.67 Get:132 http://archive.ubuntu.com/ubuntu noble/main amd64 libxext6 amd64 2:1.3.4-1build2 [30.4 kB]
#7 14.78 Get:133 http://archive.ubuntu.com/ubuntu noble/main amd64 libxkbcommon0 amd64 1.6.0-1build1 [122 kB]
#7 14.89 Get:134 http://archive.ubuntu.com/ubuntu noble/main amd64 libxmuu1 amd64 2:1.1.3-3build2 [8958 B]
#7 15.00 Get:135 http://archive.ubuntu.com/ubuntu noble/main amd64 manpages all 6.7-2 [1384 kB]
#7 15.24 Get:136 http://archive.ubuntu.com/ubuntu noble-updates/main amd64 openssh-client amd64 1:9.6p1-3ubuntu13.15 [906 kB]
#7 15.38 Get:137 http://archive.ubuntu.com/ubuntu noble/main amd64 publicsuffix all 20231001.0357-0.1 [129 kB]
#7 15.49 Get:138 http://archive.ubuntu.com/ubuntu noble/main amd64 xauth amd64 1:1.1.2-1build1 [25.6 kB]
#7 15.60 Get:139 http://archive.ubuntu.com/ubuntu noble-updates/main amd64 acl amd64 2.3.2-1build1.1 [39.4 kB]
#7 15.71 Get:140 http://archive.ubuntu.com/ubuntu noble-updates/main amd64 libgdk-pixbuf2.0-common all 2.42.10+dfsg-3ubuntu3.2 [8192 B]
#7 15.82 Get:141 http://archive.ubuntu.com/ubuntu noble/main amd64 libjpeg-turbo8 amd64 2.1.5-2ubuntu2 [150 kB]
#7 15.93 Get:142 http://archive.ubuntu.com/ubuntu noble/main amd64 libjpeg8 amd64 8c-2ubuntu11 [2148 B]
#7 16.04 Get:143 http://archive.ubuntu.com/ubuntu noble-updates/main amd64 libdeflate0 amd64 1.19-1build1.1 [43.9 kB]
#7 16.15 Get:144 http://archive.ubuntu.com/ubuntu noble/main amd64 libjbig0 amd64 2.1-6.1ubuntu2 [29.7 kB]
#7 16.26 Get:145 http://archive.ubuntu.com/ubuntu noble/main amd64 liblerc4 amd64 4.0.0+ds-4ubuntu2 [179 kB]
#7 16.37 Get:146 http://archive.ubuntu.com/ubuntu noble/main amd64 libsharpyuv0 amd64 1.3.2-0.4build3 [15.8 kB]
#7 16.48 Get:147 http://archive.ubuntu.com/ubuntu noble/main amd64 libwebp7 amd64 1.3.2-0.4build3 [230 kB]
#7 16.59 Get:148 http://archive.ubuntu.com/ubuntu noble-updates/main amd64 libtiff6 amd64 4.5.1+git230720-4ubuntu2.5 [200 kB]
#7 16.71 Get:149 http://archive.ubuntu.com/ubuntu noble-updates/main amd64 libgdk-pixbuf-2.0-0 amd64 2.42.10+dfsg-3ubuntu3.2 [147 kB]
#7 16.82 Get:150 http://archive.ubuntu.com/ubuntu noble-updates/main amd64 gtk-update-icon-cache amd64 3.24.41-4ubuntu1.3 [51.9 kB]
#7 16.93 Get:151 http://archive.ubuntu.com/ubuntu noble/main amd64 hicolor-icon-theme all 0.17-2 [9976 B]
#7 17.04 Get:152 http://archive.ubuntu.com/ubuntu noble/main amd64 humanity-icon-theme all 0.6.16 [1282 kB]
#7 17.19 Get:153 http://archive.ubuntu.com/ubuntu noble/main amd64 ubuntu-mono all 24.04-0ubuntu1 [151 kB]
#7 17.31 Get:154 http://archive.ubuntu.com/ubuntu noble/main amd64 adwaita-icon-theme all 46.0-1 [723 kB]
#7 17.44 Get:155 http://archive.ubuntu.com/ubuntu noble/main amd64 alsa-topology-conf all 1.2.5.1-2 [15.5 kB]
#7 17.70 Get:156 http://archive.ubuntu.com/ubuntu noble-updates/main amd64 libasound2-data all 1.2.11-1ubuntu0.2 [21.3 kB]
#7 17.81 Get:157 http://archive.ubuntu.com/ubuntu noble-updates/main amd64 libasound2t64 amd64 1.2.11-1ubuntu0.2 [398 kB]
#7 17.93 Get:158 http://archive.ubuntu.com/ubuntu noble-updates/main amd64 alsa-ucm-conf all 1.2.10-1ubuntu5.10 [68.6 kB]
#7 18.04 Get:159 http://archive.ubuntu.com/ubuntu noble/main amd64 at-spi2-common all 2.52.0-1build1 [8674 B]
#7 18.15 Get:160 http://archive.ubuntu.com/ubuntu noble/main amd64 libxi6 amd64 2:1.8.1-1build1 [32.4 kB]
#7 18.26 Get:161 http://archive.ubuntu.com/ubuntu noble/main amd64 libatspi2.0-0t64 amd64 2.52.0-1build1 [80.5 kB]
#7 18.37 Get:162 http://archive.ubuntu.com/ubuntu noble/main amd64 x11-common all 1:7.7+23ubuntu3 [21.7 kB]
#7 18.48 Get:163 http://archive.ubuntu.com/ubuntu noble/main amd64 libxtst6 amd64 2:1.2.3-1.1build1 [12.6 kB]
#7 18.59 Get:164 http://archive.ubuntu.com/ubuntu noble-updates/main amd64 libdconf1 amd64 0.40.0-4ubuntu0.1 [39.6 kB]
#7 18.70 Get:165 http://archive.ubuntu.com/ubuntu noble-updates/main amd64 dconf-service amd64 0.40.0-4ubuntu0.1 [27.6 kB]
#7 18.81 Get:166 http://archive.ubuntu.com/ubuntu noble-updates/main amd64 dconf-gsettings-backend amd64 0.40.0-4ubuntu0.1 [22.1 kB]
#7 18.92 Get:167 http://archive.ubuntu.com/ubuntu noble/main amd64 session-migration amd64 0.3.9build1 [9034 B]
#7 19.03 Get:168 http://archive.ubuntu.com/ubuntu noble-updates/main amd64 gsettings-desktop-schemas all 46.1-0ubuntu1 [35.6 kB]
#7 19.14 Get:169 http://archive.ubuntu.com/ubuntu noble/main amd64 at-spi2-core amd64 2.52.0-1build1 [56.6 kB]
#7 19.25 Get:170 http://archive.ubuntu.com/ubuntu noble/main amd64 bc amd64 1.07.1-3ubuntu4 [85.3 kB]
#7 19.36 Get:171 http://archive.ubuntu.com/ubuntu noble-updates/main amd64 binutils-common amd64 2.42-4ubuntu2.10 [240 kB]
#7 19.47 Get:172 http://archive.ubuntu.com/ubuntu noble-updates/main amd64 libsframe1 amd64 2.42-4ubuntu2.10 [15.7 kB]
#7 19.58 Get:173 http://archive.ubuntu.com/ubuntu noble-updates/main amd64 libbinutils amd64 2.42-4ubuntu2.10 [577 kB]
#7 19.71 Get:174 http://archive.ubuntu.com/ubuntu noble-updates/main amd64 libctf-nobfd0 amd64 2.42-4ubuntu2.10 [98.0 kB]
#7 19.82 Get:175 http://archive.ubuntu.com/ubuntu noble-updates/main amd64 libctf0 amd64 2.42-4ubuntu2.10 [94.5 kB]
#7 19.93 Get:176 http://archive.ubuntu.com/ubuntu noble-updates/main amd64 libgprofng0 amd64 2.42-4ubuntu2.10 [849 kB]
#7 20.07 Get:177 http://archive.ubuntu.com/ubuntu noble-updates/main amd64 binutils-x86-64-linux-gnu amd64 2.42-4ubuntu2.10 [2463 kB]
#7 20.27 Get:178 http://archive.ubuntu.com/ubuntu noble-updates/main amd64 binutils amd64 2.42-4ubuntu2.10 [18.2 kB]
#7 20.37 Get:179 http://archive.ubuntu.com/ubuntu noble/main amd64 bison amd64 2:3.8.2+dfsg-1build2 [749 kB]
#7 20.50 Get:180 http://archive.ubuntu.com/ubuntu noble/main amd64 libtcl8.6 amd64 8.6.14+dfsg-1build1 [988 kB]
#7 20.64 Get:181 http://archive.ubuntu.com/ubuntu noble/main amd64 libbrotli1 amd64 1.1.0-2build2 [331 kB]
#7 20.75 Get:182 http://archive.ubuntu.com/ubuntu noble-updates/main amd64 libfreetype6 amd64 2.13.2+dfsg-1ubuntu0.1 [402 kB]
#7 21.02 Get:183 http://archive.ubuntu.com/ubuntu noble/main amd64 fonts-dejavu-mono all 2.37-8 [502 kB]
#7 21.14 Get:184 http://archive.ubuntu.com/ubuntu noble/main amd64 fonts-dejavu-core all 2.37-8 [835 kB]
#7 21.27 Get:185 http://archive.ubuntu.com/ubuntu noble/main amd64 fontconfig-config amd64 2.15.0-1.1ubuntu2 [37.3 kB]
#7 21.38 Get:186 http://archive.ubuntu.com/ubuntu noble/main amd64 libfontconfig1 amd64 2.15.0-1.1ubuntu2 [139 kB]
#7 21.49 Get:187 http://archive.ubuntu.com/ubuntu noble/main amd64 libxrender1 amd64 1:0.9.10-1.1build1 [19.0 kB]
#7 21.60 Get:188 http://archive.ubuntu.com/ubuntu noble/main amd64 libxft2 amd64 2.3.6-1build1 [45.3 kB]
#7 21.71 Get:189 http://archive.ubuntu.com/ubuntu noble/main amd64 libxss1 amd64 1:1.2.3-1build3 [7204 B]
#7 21.82 Get:190 http://archive.ubuntu.com/ubuntu noble/main amd64 libtk8.6 amd64 8.6.14-1build1 [779 kB]
#7 21.95 Get:191 http://archive.ubuntu.com/ubuntu noble/main amd64 tk8.6-blt2.5 amd64 2.5.3+dfsg-7build1 [630 kB]
#7 22.08 Get:192 http://archive.ubuntu.com/ubuntu noble/main amd64 blt amd64 2.5.3+dfsg-7build1 [4840 B]
#7 22.19 Get:193 http://archive.ubuntu.com/ubuntu noble-updates/main amd64 gcc-13-base amd64 13.3.0-6ubuntu2~24.04.1 [51.6 kB]
#7 22.30 Get:194 http://archive.ubuntu.com/ubuntu noble-updates/main amd64 libisl23 amd64 0.26-3build1.1 [680 kB]
#7 22.42 Get:195 http://archive.ubuntu.com/ubuntu noble-updates/main amd64 libmpfr6 amd64 4.2.1-1build1.1 [353 kB]
#7 22.54 Get:196 http://archive.ubuntu.com/ubuntu noble-updates/main amd64 libmpc3 amd64 1.3.1-1build1.1 [54.6 kB]
#7 22.65 Get:197 http://archive.ubuntu.com/ubuntu noble-updates/main amd64 cpp-13-x86-64-linux-gnu amd64 13.3.0-6ubuntu2~24.04.1 [10.7 MB]
#7 23.36 Get:198 http://archive.ubuntu.com/ubuntu noble-updates/main amd64 cpp-13 amd64 13.3.0-6ubuntu2~24.04.1 [1042 B]
#7 23.47 Get:199 http://archive.ubuntu.com/ubuntu noble/main amd64 cpp-x86-64-linux-gnu amd64 4:13.2.0-7ubuntu1 [5326 B]
#7 23.58 Get:200 http://archive.ubuntu.com/ubuntu noble/main amd64 cpp amd64 4:13.2.0-7ubuntu1 [22.4 kB]
#7 23.69 Get:201 http://archive.ubuntu.com/ubuntu noble/main amd64 msr-tools amd64 1.3-5build1 [9610 B]
#7 23.80 Get:202 http://archive.ubuntu.com/ubuntu noble/main amd64 cpu-checker amd64 0.7-1.3build2 [6148 B]
#7 23.91 Get:203 http://archive.ubuntu.com/ubuntu noble-updates/main amd64 libdw1t64 amd64 0.190-1.1ubuntu0.1 [261 kB]
#7 23.96 Get:204 http://archive.ubuntu.com/ubuntu noble-updates/main amd64 libasm1t64 amd64 0.190-1.1ubuntu0.1 [17.5 kB]
#7 24.00 Get:205 http://archive.ubuntu.com/ubuntu noble-updates/main amd64 elfutils amd64 0.190-1.1ubuntu0.1 [525 kB]
#7 24.12 Get:206 http://archive.ubuntu.com/ubuntu noble/main amd64 fontconfig amd64 2.15.0-1.1ubuntu2 [180 kB]
#7 24.15 Get:207 http://archive.ubuntu.com/ubuntu noble/universe amd64 fonts-lyx all 2.4.0~RC3-1build4 [171 kB]
#7 24.17 Get:208 http://archive.ubuntu.com/ubuntu noble-updates/main amd64 libcc1-0 amd64 14.2.0-4ubuntu2~24.04.1 [48.0 kB]
#7 24.19 Get:209 http://archive.ubuntu.com/ubuntu noble-updates/main amd64 libgomp1 amd64 14.2.0-4ubuntu2~24.04.1 [148 kB]
#7 24.22 Get:210 http://archive.ubuntu.com/ubuntu noble-updates/main amd64 libitm1 amd64 14.2.0-4ubuntu2~24.04.1 [29.7 kB]
#7 24.24 Get:211 http://archive.ubuntu.com/ubuntu noble-updates/main amd64 libatomic1 amd64 14.2.0-4ubuntu2~24.04.1 [10.5 kB]
#7 24.26 Get:212 http://archive.ubuntu.com/ubuntu noble-updates/main amd64 libasan8 amd64 14.2.0-4ubuntu2~24.04.1 [3027 kB]
#7 24.36 Get:213 http://archive.ubuntu.com/ubuntu noble-updates/main amd64 liblsan0 amd64 14.2.0-4ubuntu2~24.04.1 [1322 kB]
#7 24.41 Get:214 http://archive.ubuntu.com/ubuntu noble-updates/main amd64 libtsan2 amd64 14.2.0-4ubuntu2~24.04.1 [2772 kB]
#7 24.50 Get:215 http://archive.ubuntu.com/ubuntu noble-updates/main amd64 libubsan1 amd64 14.2.0-4ubuntu2~24.04.1 [1184 kB]
#7 24.56 Get:216 http://archive.ubuntu.com/ubuntu noble-updates/main amd64 libhwasan0 amd64 14.2.0-4ubuntu2~24.04.1 [1641 kB]
#7 24.62 Get:217 http://archive.ubuntu.com/ubuntu noble-updates/main amd64 libquadmath0 amd64 14.2.0-4ubuntu2~24.04.1 [153 kB]
#7 24.66 Get:218 http://archive.ubuntu.com/ubuntu noble-updates/main amd64 libgcc-13-dev amd64 13.3.0-6ubuntu2~24.04.1 [2681 kB]
#7 24.74 Get:219 http://archive.ubuntu.com/ubuntu noble-updates/main amd64 gcc-13-x86-64-linux-gnu amd64 13.3.0-6ubuntu2~24.04.1 [21.1 MB]
#7 25.18 Get:220 http://archive.ubuntu.com/ubuntu noble-updates/main amd64 gcc-13 amd64 13.3.0-6ubuntu2~24.04.1 [494 kB]
#7 25.23 Get:221 http://archive.ubuntu.com/ubuntu noble/main amd64 gcc-x86-64-linux-gnu amd64 4:13.2.0-7ubuntu1 [1212 B]
#7 25.25 Get:222 http://archive.ubuntu.com/ubuntu noble/main amd64 gcc amd64 4:13.2.0-7ubuntu1 [5018 B]
#7 25.27 Get:223 http://archive.ubuntu.com/ubuntu noble-updates/main amd64 libc-dev-bin amd64 2.39-0ubuntu8.7 [20.4 kB]
#7 25.29 Get:224 http://archive.ubuntu.com/ubuntu noble-updates/main amd64 linux-libc-dev amd64 6.8.0-106.106 [2095 kB]
#7 25.36 Get:225 http://archive.ubuntu.com/ubuntu noble/main amd64 libcrypt-dev amd64 1:4.4.36-4build1 [112 kB]
#7 25.38 Get:226 http://archive.ubuntu.com/ubuntu noble/main amd64 rpcsvc-proto amd64 1.4.2-0ubuntu7 [67.4 kB]
#7 25.40 Get:227 http://archive.ubuntu.com/ubuntu noble-updates/main amd64 libc6-dev amd64 2.39-0ubuntu8.7 [2124 kB]
#7 25.46 Get:228 http://archive.ubuntu.com/ubuntu noble-updates/main amd64 libstdc++-13-dev amd64 13.3.0-6ubuntu2~24.04.1 [2420 kB]
#7 25.54 Get:229 http://archive.ubuntu.com/ubuntu noble-updates/main amd64 g++-13-x86-64-linux-gnu amd64 13.3.0-6ubuntu2~24.04.1 [12.2 MB]
#7 25.86 Get:230 http://archive.ubuntu.com/ubuntu noble-updates/main amd64 g++-13 amd64 13.3.0-6ubuntu2~24.04.1 [16.0 kB]
#7 25.88 Get:231 http://archive.ubuntu.com/ubuntu noble/main amd64 g++-x86-64-linux-gnu amd64 4:13.2.0-7ubuntu1 [964 B]
#7 25.90 Get:232 http://archive.ubuntu.com/ubuntu noble/main amd64 g++ amd64 4:13.2.0-7ubuntu1 [1100 B]
#7 25.92 Get:233 http://archive.ubuntu.com/ubuntu noble-updates/main amd64 libsasl2-modules-db amd64 2.1.28+dfsg1-5ubuntu3.1 [20.4 kB]
#7 25.94 Get:234 http://archive.ubuntu.com/ubuntu noble-updates/main amd64 libsasl2-2 amd64 2.1.28+dfsg1-5ubuntu3.1 [53.2 kB]
#7 25.96 Get:235 http://archive.ubuntu.com/ubuntu noble-updates/main amd64 libldap2 amd64 2.6.10+dfsg-0ubuntu0.24.04.1 [198 kB]
#7 26.01 Get:236 http://archive.ubuntu.com/ubuntu noble/main amd64 librtmp1 amd64 2.4+20151223.gitfa8646d.1-2build7 [56.3 kB]
#7 26.04 Get:237 http://archive.ubuntu.com/ubuntu noble-updates/main amd64 libssh-4 amd64 0.10.6-2ubuntu0.4 [190 kB]
#7 26.09 Get:238 http://archive.ubuntu.com/ubuntu noble-updates/main amd64 libcurl3t64-gnutls amd64 8.5.0-2ubuntu10.8 [334 kB]
#7 26.16 Get:239 http://archive.ubuntu.com/ubuntu noble/main amd64 liberror-perl all 0.17029-2 [25.6 kB]
#7 26.18 Get:240 http://archive.ubuntu.com/ubuntu noble-updates/main amd64 git-man all 1:2.43.0-1ubuntu7.3 [1100 kB]
#7 26.32 Get:241 http://archive.ubuntu.com/ubuntu noble-updates/main amd64 git amd64 1:2.43.0-1ubuntu7.3 [3680 kB]
#7 26.50 Get:242 http://archive.ubuntu.com/ubuntu noble/main amd64 libduktape207 amd64 2.7.0+tests-0ubuntu3 [143 kB]
#7 26.53 Get:243 http://archive.ubuntu.com/ubuntu noble/main amd64 libproxy1v5 amd64 0.5.4-4build1 [26.5 kB]
#7 26.55 Get:244 http://archive.ubuntu.com/ubuntu noble/main amd64 glib-networking-common all 2.80.0-1build1 [6702 B]
#7 26.57 Get:245 http://archive.ubuntu.com/ubuntu noble/main amd64 glib-networking-services amd64 2.80.0-1build1 [12.8 kB]
#7 26.59 Get:246 http://archive.ubuntu.com/ubuntu noble/main amd64 glib-networking amd64 2.80.0-1build1 [64.1 kB]
#7 26.61 Get:247 http://archive.ubuntu.com/ubuntu noble/main amd64 libcdparanoia0 amd64 3.10.2+debian-14build3 [48.5 kB]
#7 26.63 Get:248 http://archive.ubuntu.com/ubuntu noble-updates/main amd64 libunwind8 amd64 1.6.2-3build1.1 [55.3 kB]
#7 26.65 Get:249 http://archive.ubuntu.com/ubuntu noble-updates/main amd64 libgstreamer1.0-0 amd64 1.24.2-1ubuntu0.1 [1165 kB]
#7 26.71 Get:250 http://archive.ubuntu.com/ubuntu noble-updates/main amd64 liborc-0.4-0t64 amd64 1:0.4.38-1ubuntu0.1 [207 kB]
#7 26.73 Get:251 http://archive.ubuntu.com/ubuntu noble-updates/main amd64 libgstreamer-plugins-base1.0-0 amd64 1.24.2-1ubuntu0.4 [862 kB]
#7 26.77 Get:252 http://archive.ubuntu.com/ubuntu noble/main amd64 libogg0 amd64 1.3.5-3build1 [22.7 kB]
#7 26.79 Get:253 http://archive.ubuntu.com/ubuntu noble/main amd64 libopus0 amd64 1.4-1build1 [208 kB]
#7 26.82 Get:254 http://archive.ubuntu.com/ubuntu noble/main amd64 libpixman-1-0 amd64 0.42.2-1build1 [279 kB]
#7 26.85 Get:255 http://archive.ubuntu.com/ubuntu noble/main amd64 libxcb-render0 amd64 1.15-1ubuntu2 [16.2 kB]
#7 26.93 Get:256 http://archive.ubuntu.com/ubuntu noble/main amd64 libxcb-shm0 amd64 1.15-1ubuntu2 [5756 B]
#7 26.95 Get:257 http://archive.ubuntu.com/ubuntu noble/main amd64 libcairo2 amd64 1.18.0-3build1 [566 kB]
#7 26.98 Get:258 http://archive.ubuntu.com/ubuntu noble/main amd64 libtheora0 amd64 1.1.1+dfsg.1-16.1build3 [211 kB]
#7 27.01 Get:259 http://archive.ubuntu.com/ubuntu noble/main amd64 libvisual-0.4-0 amd64 0.4.2-2build1 [115 kB]
#7 27.04 Get:260 http://archive.ubuntu.com/ubuntu noble/main amd64 libvorbis0a amd64 1.3.7-1build3 [97.6 kB]
#7 27.06 Get:261 http://archive.ubuntu.com/ubuntu noble/main amd64 libvorbisenc2 amd64 1.3.7-1build3 [80.8 kB]
#7 27.08 Get:262 http://archive.ubuntu.com/ubuntu noble-updates/main amd64 gstreamer1.0-plugins-base amd64 1.24.2-1ubuntu0.4 [721 kB]
#7 27.13 Get:263 http://archive.ubuntu.com/ubuntu noble/main amd64 libaa1 amd64 1.4p5-51.1 [49.9 kB]
#7 27.15 Get:264 http://archive.ubuntu.com/ubuntu noble/main amd64 libraw1394-11 amd64 2.1.2-2build3 [26.2 kB]
#7 27.17 Get:265 http://archive.ubuntu.com/ubuntu noble/main amd64 libavc1394-0 amd64 0.5.4-5build3 [15.4 kB]
#7 27.19 Get:266 http://archive.ubuntu.com/ubuntu noble-updates/main amd64 libcaca0 amd64 0.99.beta20-4ubuntu0.1 [209 kB]
#7 27.21 Get:267 http://archive.ubuntu.com/ubuntu noble/main amd64 libcairo-gobject2 amd64 1.18.0-3build1 [127 kB]
#7 27.24 Get:268 http://archive.ubuntu.com/ubuntu noble/main amd64 libdv4t64 amd64 1.0.0-17.1build1 [63.2 kB]
#7 27.26 Get:269 http://archive.ubuntu.com/ubuntu noble/main amd64 libflac12t64 amd64 1.4.3+ds-2.1ubuntu2 [197 kB]
#7 27.29 Get:270 http://archive.ubuntu.com/ubuntu noble-updates/main amd64 libgstreamer-plugins-good1.0-0 amd64 1.24.2-1ubuntu1.3 [33.1 kB]
#7 27.31 Get:271 http://archive.ubuntu.com/ubuntu noble/main amd64 libgudev-1.0-0 amd64 1:238-5ubuntu1 [15.9 kB]
#7 27.33 Get:272 http://archive.ubuntu.com/ubuntu noble/main amd64 libiec61883-0 amd64 1.2.0-6build1 [24.5 kB]
#7 27.35 Get:273 http://archive.ubuntu.com/ubuntu noble/main amd64 libmp3lame0 amd64 3.100-6build1 [142 kB]
#7 27.37 Get:274 http://archive.ubuntu.com/ubuntu noble-updates/main amd64 libmpg123-0t64 amd64 1.32.5-1ubuntu1.1 [169 kB]
#7 27.40 Get:275 http://archive.ubuntu.com/ubuntu noble/main amd64 libasyncns0 amd64 0.8-6build4 [11.3 kB]
#7 27.42 Get:276 http://archive.ubuntu.com/ubuntu noble-updates/main amd64 libsndfile1 amd64 1.2.2-1ubuntu5.24.04.1 [209 kB]
#7 27.44 Get:277 http://archive.ubuntu.com/ubuntu noble/main amd64 libx11-xcb1 amd64 2:1.8.7-1build1 [7800 B]
#7 27.46 Get:278 http://archive.ubuntu.com/ubuntu noble-updates/main amd64 libpulse0 amd64 1:16.1+dfsg1-2ubuntu10.1 [292 kB]
#7 27.50 Get:279 http://archive.ubuntu.com/ubuntu noble-updates/main amd64 libspeex1 amd64 1.2.1-2ubuntu2.24.04.1 [59.6 kB]
#7 27.52 Get:280 http://archive.ubuntu.com/ubuntu noble/main amd64 libshout3 amd64 2.4.6-1build2 [50.3 kB]
#7 27.54 Get:281 http://archive.ubuntu.com/ubuntu noble/main amd64 libtag1v5-vanilla amd64 1.13.1-1build1 [326 kB]
#7 27.57 Get:282 http://archive.ubuntu.com/ubuntu noble/main amd64 libtag1v5 amd64 1.13.1-1build1 [11.7 kB]
#7 27.65 Get:283 http://archive.ubuntu.com/ubuntu noble/main amd64 libtwolame0 amd64 0.4.0-2build3 [52.3 kB]
#7 27.67 Get:284 http://archive.ubuntu.com/ubuntu noble/main amd64 libv4lconvert0t64 amd64 1.26.1-4build3 [87.6 kB]
#7 27.69 Get:285 http://archive.ubuntu.com/ubuntu noble/main amd64 libv4l-0t64 amd64 1.26.1-4build3 [46.9 kB]
#7 27.71 Get:286 http://archive.ubuntu.com/ubuntu noble-updates/main amd64 libvpx9 amd64 1.14.0-1ubuntu2.3 [1143 kB]
#7 27.76 Get:287 http://archive.ubuntu.com/ubuntu noble/main amd64 libwavpack1 amd64 5.6.0-1build1 [84.6 kB]
#7 27.78 Get:288 http://archive.ubuntu.com/ubuntu noble/main amd64 libxdamage1 amd64 1:1.1.6-1build1 [6150 B]
#7 27.80 Get:289 http://archive.ubuntu.com/ubuntu noble/main amd64 libxfixes3 amd64 1:6.0.0-2build1 [10.8 kB]
#7 27.83 Get:290 http://archive.ubuntu.com/ubuntu noble-updates/main amd64 libsoup-3.0-common all 3.4.4-5ubuntu0.7 [11.6 kB]
#7 27.85 Get:291 http://archive.ubuntu.com/ubuntu noble-updates/main amd64 libsoup-3.0-0 amd64 3.4.4-5ubuntu0.7 [292 kB]
#7 27.87 Get:292 http://archive.ubuntu.com/ubuntu noble-updates/main amd64 gstreamer1.0-plugins-good amd64 1.24.2-1ubuntu1.3 [2236 kB]
#7 27.95 Get:293 http://archive.ubuntu.com/ubuntu noble/main amd64 libgraphite2-3 amd64 1.3.14-2build1 [73.0 kB]
#7 27.98 Get:294 http://archive.ubuntu.com/ubuntu noble/main amd64 libharfbuzz0b amd64 8.3.0-2build2 [469 kB]
#7 28.01 Get:295 http://archive.ubuntu.com/ubuntu noble/main amd64 libthai-data all 0.1.29-2build1 [158 kB]
#7 28.03 Get:296 http://archive.ubuntu.com/ubuntu noble/main amd64 libdatrie1 amd64 0.2.13-3build1 [19.0 kB]
#7 28.05 Get:297 http://archive.ubuntu.com/ubuntu noble/main amd64 libthai0 amd64 0.1.29-2build1 [18.9 kB]
#7 28.07 Get:298 http://archive.ubuntu.com/ubuntu noble/main amd64 libpango-1.0-0 amd64 1.52.1+ds-1build1 [231 kB]
#7 28.11 Get:299 http://archive.ubuntu.com/ubuntu noble/main amd64 libpangoft2-1.0-0 amd64 1.52.1+ds-1build1 [42.5 kB]
#7 28.13 Get:300 http://archive.ubuntu.com/ubuntu noble/main amd64 libpangocairo-1.0-0 amd64 1.52.1+ds-1build1 [28.8 kB]
#7 28.15 Get:301 http://archive.ubuntu.com/ubuntu noble/main amd64 libxv1 amd64 2:1.0.11-1.1build1 [10.7 kB]
#7 28.17 Get:302 http://archive.ubuntu.com/ubuntu noble-updates/main amd64 gstreamer1.0-x amd64 1.24.2-1ubuntu0.4 [85.0 kB]
#7 28.19 Get:303 http://archive.ubuntu.com/ubuntu noble/main amd64 ipxe-qemu all 1.21.1+git-20220113.fbbdc3926-0ubuntu2 [1565 kB]
#7 28.24 Get:304 http://archive.ubuntu.com/ubuntu noble/main amd64 ipxe-qemu-256k-compat-efi-roms all 1.0.0+git-20150424.a25a16d-0ubuntu5 [548 kB]
#7 28.47 Get:305 http://archive.ubuntu.com/ubuntu noble/main amd64 python3-decorator all 5.1.1-5 [10.1 kB]
#7 28.58 Get:306 http://archive.ubuntu.com/ubuntu noble/universe amd64 python3-parso all 0.8.3-1 [67.2 kB]
#7 28.90 Get:307 http://archive.ubuntu.com/ubuntu noble/universe amd64 python3-typeshed all 0.0~git20231111.6764465-3 [1274 kB]
#7 29.50 Get:308 http://archive.ubuntu.com/ubuntu noble/universe amd64 python3-jedi all 0.19.1+ds1-1 [693 kB]
#7 29.65 Get:309 http://archive.ubuntu.com/ubuntu noble/universe amd64 python3-traitlets all 5.5.0-2 [85.0 kB]
#7 29.76 Get:310 http://archive.ubuntu.com/ubuntu noble/universe amd64 python3-matplotlib-inline all 0.1.6-2 [8784 B]
#7 29.87 Get:311 http://archive.ubuntu.com/ubuntu noble/main amd64 python3-ptyprocess all 0.7.0-5 [15.1 kB]
#7 29.98 Get:312 http://archive.ubuntu.com/ubuntu noble/main amd64 python3-pexpect all 4.9-2 [48.1 kB]
#7 30.09 Get:313 http://archive.ubuntu.com/ubuntu noble/main amd64 python3-wcwidth all 0.2.5+dfsg1-1.1ubuntu1 [22.5 kB]
#7 30.20 Get:314 http://archive.ubuntu.com/ubuntu noble/universe amd64 python3-prompt-toolkit all 3.0.43-1 [256 kB]
#7 30.33 Get:315 http://archive.ubuntu.com/ubuntu noble/main amd64 python3-six all 1.16.0-4 [12.4 kB]
#7 30.44 Get:316 http://archive.ubuntu.com/ubuntu noble/universe amd64 python3-asttokens all 2.4.1-1 [20.9 kB]
#7 30.55 Get:317 http://archive.ubuntu.com/ubuntu noble/universe amd64 python3-executing all 2.0.1-0.1 [23.3 kB]
#7 30.66 Get:318 http://archive.ubuntu.com/ubuntu noble/universe amd64 python3-pure-eval all 0.2.2-1 [11.3 kB]
#7 30.77 Get:319 http://archive.ubuntu.com/ubuntu noble/universe amd64 python3-stack-data all 0.6.3-1 [22.0 kB]
#7 30.88 Get:320 http://archive.ubuntu.com/ubuntu noble-updates/main amd64 python3-setuptools all 68.1.2-2ubuntu1.2 [397 kB]
#7 31.01 Get:321 http://archive.ubuntu.com/ubuntu noble/universe amd64 python3-ipython all 8.20.0-1 [561 kB]
#7 31.15 Get:322 http://archive.ubuntu.com/ubuntu noble/universe amd64 ipython3 all 8.20.0-1 [4936 B]
#7 31.26 Get:323 http://archive.ubuntu.com/ubuntu noble/universe amd64 isympy-common all 1.12-7 [109 kB]
#7 31.37 Get:324 http://archive.ubuntu.com/ubuntu noble/universe amd64 python3-mpmath all 1.2.1-3 [421 kB]
#7 31.51 Get:325 http://archive.ubuntu.com/ubuntu noble/universe amd64 python3-sympy all 1.12-7 [3966 kB]
#7 31.83 Get:326 http://archive.ubuntu.com/ubuntu noble/universe amd64 isympy3 all 1.12-7 [3136 B]
#7 31.94 Get:327 http://archive.ubuntu.com/ubuntu noble/main amd64 javascript-common all 11+nmu1 [5936 B]
#7 32.05 Get:328 http://archive.ubuntu.com/ubuntu noble/main amd64 libonig5 amd64 6.9.9-1build1 [172 kB]
#7 32.16 Get:329 http://archive.ubuntu.com/ubuntu noble-updates/main amd64 libjq1 amd64 1.7.1-3ubuntu0.24.04.1 [141 kB]
#7 32.27 Get:330 http://archive.ubuntu.com/ubuntu noble-updates/main amd64 jq amd64 1.7.1-3ubuntu0.24.04.1 [65.7 kB]
#7 32.38 Get:331 http://archive.ubuntu.com/ubuntu noble-updates/main amd64 libaio1t64 amd64 0.3.113-6build1.1 [7210 B]
#7 32.64 Get:332 http://archive.ubuntu.com/ubuntu noble-updates/main amd64 libaom3 amd64 3.8.2-2ubuntu0.1 [1941 kB]
#7 32.79 Get:333 http://archive.ubuntu.com/ubuntu noble/main amd64 libatk1.0-0t64 amd64 2.52.0-1build1 [55.3 kB]
#7 32.90 Get:334 http://archive.ubuntu.com/ubuntu noble/main amd64 libatk-bridge2.0-0t64 amd64 2.52.0-1build1 [66.0 kB]
#7 33.01 Get:335 http://archive.ubuntu.com/ubuntu noble-updates/main amd64 libavahi-common-data amd64 0.8-13ubuntu6.1 [29.9 kB]
#7 33.12 Get:336 http://archive.ubuntu.com/ubuntu noble-updates/main amd64 libavahi-common3 amd64 0.8-13ubuntu6.1 [23.4 kB]
#7 33.23 Get:337 http://archive.ubuntu.com/ubuntu noble-updates/main amd64 libavahi-client3 amd64 0.8-13ubuntu6.1 [26.8 kB]
#7 33.34 Get:338 http://archive.ubuntu.com/ubuntu noble-updates/main amd64 libblas3 amd64 3.12.0-3build1.1 [238 kB]
#7 33.45 Get:339 http://archive.ubuntu.com/ubuntu noble-updates/main amd64 libboost-iostreams1.83.0 amd64 1.83.0-2.1ubuntu3.2 [260 kB]
#7 33.56 Get:340 http://archive.ubuntu.com/ubuntu noble-updates/main amd64 libboost-thread1.83.0 amd64 1.83.0-2.1ubuntu3.2 [276 kB]
#7 33.68 Get:341 http://archive.ubuntu.com/ubuntu noble-updates/main amd64 zlib1g-dev amd64 1:1.3.dfsg-3.1ubuntu2.1 [894 kB]
#7 33.80 Get:342 http://archive.ubuntu.com/ubuntu noble-updates/main amd64 libzstd-dev amd64 1.5.5+dfsg2-2build1.1 [364 kB]
#7 33.92 Get:343 http://archive.ubuntu.com/ubuntu noble-updates/main amd64 libelf-dev amd64 0.190-1.1ubuntu0.1 [68.5 kB]
#7 34.03 Get:344 http://archive.ubuntu.com/ubuntu noble/main amd64 libbpf-dev amd64 1:1.3.0-2build2 [259 kB]
#7 34.14 Get:345 http://archive.ubuntu.com/ubuntu noble/main amd64 libbrlapi0.8 amd64 6.6-4ubuntu5 [31.4 kB]
#7 34.25 Get:346 http://archive.ubuntu.com/ubuntu noble-updates/main amd64 libheif-plugin-aomdec amd64 1.17.6-1ubuntu4.2 [10.6 kB]
#7 34.36 Get:347 http://archive.ubuntu.com/ubuntu noble/main amd64 libde265-0 amd64 1.0.15-1build3 [166 kB]
#7 34.47 Get:348 http://archive.ubuntu.com/ubuntu noble-updates/main amd64 libheif-plugin-libde265 amd64 1.17.6-1ubuntu4.2 [8174 B]
#7 34.58 Get:349 http://archive.ubuntu.com/ubuntu noble-updates/main amd64 libheif1 amd64 1.17.6-1ubuntu4.2 [276 kB]
#7 34.70 Get:350 http://archive.ubuntu.com/ubuntu noble/main amd64 libxpm4 amd64 1:3.5.17-1build2 [36.5 kB]
#7 34.81 Get:351 http://archive.ubuntu.com/ubuntu noble/main amd64 libgd3 amd64 2.3.3-9ubuntu5 [128 kB]
#7 34.92 Get:352 http://archive.ubuntu.com/ubuntu noble-updates/main amd64 libc-devtools amd64 2.39-0ubuntu8.7 [29.3 kB]
#7 35.03 Get:353 http://archive.ubuntu.com/ubuntu noble/main amd64 libnspr4 amd64 2:4.35-1.1build1 [117 kB]
#7 35.14 Get:354 http://archive.ubuntu.com/ubuntu noble-updates/main amd64 libnss3 amd64 2:3.98-1ubuntu0.1 [1445 kB]
#7 35.27 Get:355 http://archive.ubuntu.com/ubuntu noble/main amd64 libpcsclite1 amd64 2.0.3-1build1 [21.4 kB]
#7 35.38 Get:356 http://archive.ubuntu.com/ubuntu noble/main amd64 libcacard0 amd64 1:2.8.0-3build4 [36.5 kB]
#7 35.49 Get:357 http://archive.ubuntu.com/ubuntu noble-updates/main amd64 libcap-dev amd64 1:2.66-5ubuntu2.2 [595 kB]
#7 35.61 Get:358 http://archive.ubuntu.com/ubuntu noble/main amd64 liblcms2-2 amd64 2.14-2build1 [161 kB]
#7 35.87 Get:359 http://archive.ubuntu.com/ubuntu noble/main amd64 libcolord2 amd64 1.4.7-1build2 [149 kB]
#7 35.98 Get:360 http://archive.ubuntu.com/ubuntu noble-updates/main amd64 libcups2t64 amd64 2.4.7-1.2ubuntu7.9 [273 kB]
#7 36.10 Get:361 http://archive.ubuntu.com/ubuntu noble/main amd64 libdaxctl1 amd64 77-2ubuntu2 [21.4 kB]
#7 36.21 Get:362 http://archive.ubuntu.com/ubuntu noble/main amd64 libwayland-client0 amd64 1.22.0-2.1build1 [26.4 kB]
#7 36.32 Get:363 http://archive.ubuntu.com/ubuntu noble/main amd64 libdecor-0-0 amd64 0.2.2-1build2 [16.5 kB]
#7 36.43 Get:364 http://archive.ubuntu.com/ubuntu noble/main amd64 libepoxy0 amd64 1.5.10-1build1 [220 kB]
#7 36.54 Get:365 http://archive.ubuntu.com/ubuntu noble/main amd64 libwayland-cursor0 amd64 1.22.0-2.1build1 [10.4 kB]
#7 36.65 Get:366 http://archive.ubuntu.com/ubuntu noble/main amd64 libwayland-egl1 amd64 1.22.0-2.1build1 [5628 B]
#7 36.76 Get:367 http://archive.ubuntu.com/ubuntu noble/main amd64 libxcomposite1 amd64 1:0.4.5-1build3 [6320 B]
#7 36.87 Get:368 http://archive.ubuntu.com/ubuntu noble/main amd64 libxcursor1 amd64 1:1.2.1-1build1 [20.7 kB]
#7 36.98 Get:369 http://archive.ubuntu.com/ubuntu noble/main amd64 libxinerama1 amd64 2:1.1.4-3build1 [6396 B]
#7 37.09 Get:370 http://archive.ubuntu.com/ubuntu noble/main amd64 libxrandr2 amd64 2:1.5.2-2build1 [19.7 kB]
#7 37.20 Get:371 http://archive.ubuntu.com/ubuntu noble-updates/main amd64 libgtk-3-common all 3.24.41-4ubuntu1.3 [1426 kB]
#7 37.33 Get:372 http://archive.ubuntu.com/ubuntu noble-updates/main amd64 libgtk-3-0t64 amd64 3.24.41-4ubuntu1.3 [2913 kB]
#7 37.50 Get:373 http://archive.ubuntu.com/ubuntu noble/main amd64 libdecor-0-plugin-1-gtk amd64 0.2.2-1build2 [22.2 kB]
#7 37.61 Get:374 http://archive.ubuntu.com/ubuntu noble-updates/main amd64 libdrm-amdgpu1 amd64 2.4.125-1ubuntu0.1~24.04.1 [21.4 kB]
#7 37.72 Get:375 http://archive.ubuntu.com/ubuntu noble-updates/main amd64 libpciaccess0 amd64 0.17-3ubuntu0.24.04.2 [18.9 kB]
#7 37.83 Get:376 http://archive.ubuntu.com/ubuntu noble-updates/main amd64 libdrm-intel1 amd64 2.4.125-1ubuntu0.1~24.04.1 [63.8 kB]
#7 37.94 Get:377 http://archive.ubuntu.com/ubuntu noble/main amd64 libfl2 amd64 2.6.4-8.2build1 [9768 B]
#7 38.05 Get:378 http://archive.ubuntu.com/ubuntu noble/main amd64 libfl-dev amd64 2.6.4-8.2build1 [6250 B]
#7 38.16 Get:379 http://archive.ubuntu.com/ubuntu noble-updates/main amd64 libllvm20 amd64 1:20.1.2-0ubuntu1~24.04.2 [30.6 MB]
#7 39.63 Get:380 http://archive.ubuntu.com/ubuntu noble/main amd64 libxcb-dri3-0 amd64 1.15-1ubuntu2 [7142 B]
#7 39.74 Get:381 http://archive.ubuntu.com/ubuntu noble/main amd64 libxcb-present0 amd64 1.15-1ubuntu2 [5676 B]
#7 39.85 Get:382 http://archive.ubuntu.com/ubuntu noble/main amd64 libxcb-randr0 amd64 1.15-1ubuntu2 [17.9 kB]
#7 39.96 Get:383 http://archive.ubuntu.com/ubuntu noble/main amd64 libxcb-sync1 amd64 1.15-1ubuntu2 [9312 B]
#7 40.07 Get:384 http://archive.ubuntu.com/ubuntu noble/main amd64 libxcb-xfixes0 amd64 1.15-1ubuntu2 [10.2 kB]
#7 40.33 Get:385 http://archive.ubuntu.com/ubuntu noble/main amd64 libxshmfence1 amd64 1.3-1build5 [4764 B]
#7 40.44 Get:386 http://archive.ubuntu.com/ubuntu noble-updates/main amd64 mesa-libgallium amd64 25.2.8-0ubuntu0.24.04.1 [10.8 MB]
#7 40.93 Get:387 http://archive.ubuntu.com/ubuntu noble-updates/main amd64 libgbm1 amd64 25.2.8-0ubuntu0.24.04.1 [34.2 kB]
#7 41.04 Get:388 http://archive.ubuntu.com/ubuntu noble-updates/main amd64 libgdk-pixbuf2.0-bin amd64 2.42.10+dfsg-3ubuntu3.2 [13.9 kB]
#7 41.15 Get:389 http://archive.ubuntu.com/ubuntu noble-updates/main amd64 libgfortran5 amd64 14.2.0-4ubuntu2~24.04.1 [916 kB]
#7 41.29 Get:390 http://archive.ubuntu.com/ubuntu noble/main amd64 libvulkan1 amd64 1.3.275.0-1build1 [142 kB]
#7 41.40 Get:391 http://archive.ubuntu.com/ubuntu noble-updates/main amd64 libgl1-mesa-dri amd64 25.2.8-0ubuntu0.24.04.1 [37.9 kB]
#7 41.51 Get:392 http://archive.ubuntu.com/ubuntu noble/main amd64 libxcb-glx0 amd64 1.15-1ubuntu2 [24.8 kB]
#7 41.63 Get:393 http://archive.ubuntu.com/ubuntu noble/main amd64 libxxf86vm1 amd64 1:1.1.4-1build4 [9282 B]
#7 41.74 Get:394 http://archive.ubuntu.com/ubuntu noble-updates/main amd64 libglx-mesa0 amd64 25.2.8-0ubuntu0.24.04.1 [110 kB]
#7 41.86 Get:395 http://archive.ubuntu.com/ubuntu noble-updates/main amd64 libgtk-3-bin amd64 3.24.41-4ubuntu1.3 [73.9 kB]
#7 41.97 Get:396 http://archive.ubuntu.com/ubuntu noble-updates/main amd64 libheif-plugin-aomenc amd64 1.17.6-1ubuntu4.2 [14.7 kB]
#7 42.08 Get:397 http://archive.ubuntu.com/ubuntu noble/main amd64 libimagequant0 amd64 2.18.0-1build1 [36.3 kB]
#7 42.19 Get:398 http://archive.ubuntu.com/ubuntu noble-updates/main amd64 librdmacm1t64 amd64 50.0-2ubuntu0.2 [70.7 kB]
#7 42.30 Get:399 http://archive.ubuntu.com/ubuntu noble/main amd64 libiscsi7 amd64 1.19.0-3build4 [68.7 kB]
#7 42.41 Get:400 http://archive.ubuntu.com/ubuntu noble/main amd64 libsamplerate0 amd64 0.2.2-4build1 [1344 kB]
#7 42.56 Get:401 http://archive.ubuntu.com/ubuntu noble/main amd64 libjack-jackd2-0 amd64 1.9.21~dfsg-3ubuntu3 [289 kB]
#7 42.68 Get:402 http://archive.ubuntu.com/ubuntu noble/main amd64 libjs-jquery all 3.6.1+dfsg+~3.5.14-1 [328 kB]
#7 42.80 Get:403 http://archive.ubuntu.com/ubuntu noble/universe amd64 libjs-jquery-ui all 1.13.2+dfsg-1 [252 kB]
#7 42.92 Get:404 http://archive.ubuntu.com/ubuntu noble-updates/main amd64 liblapack3 amd64 3.12.0-3build1.1 [2646 kB]
#7 43.12 Get:405 http://archive.ubuntu.com/ubuntu noble/universe amd64 liblbfgsb0 amd64 3.0+dfsg.4-1build1 [29.9 kB]
#7 43.17 Get:406 http://archive.ubuntu.com/ubuntu noble-updates/main amd64 libldap-common all 2.6.10+dfsg-0ubuntu0.24.04.1 [32.9 kB]
#7 43.24 Get:407 http://archive.ubuntu.com/ubuntu noble/main amd64 libndctl6 amd64 77-2ubuntu2 [62.8 kB]
#7 43.30 Get:408 http://archive.ubuntu.com/ubuntu noble/main amd64 libnfs14 amd64 5.0.2-1build1 [109 kB]
#7 43.35 Get:409 http://archive.ubuntu.com/ubuntu noble/main amd64 libwebrtc-audio-processing1 amd64 0.3.1-0ubuntu6 [290 kB]
#7 43.41 Get:410 http://archive.ubuntu.com/ubuntu noble-updates/main amd64 libspa-0.2-modules amd64 1.0.5-1ubuntu3.2 [627 kB]
#7 43.47 Get:411 http://archive.ubuntu.com/ubuntu noble-updates/main amd64 libpipewire-0.3-0t64 amd64 1.0.5-1ubuntu3.2 [252 kB]
#7 43.50 Get:412 http://archive.ubuntu.com/ubuntu noble-updates/main amd64 libpipewire-0.3-common all 1.0.5-1ubuntu3.2 [19.1 kB]
#7 43.53 Get:413 http://archive.ubuntu.com/ubuntu noble/main amd64 libpkgconf3 amd64 1.8.1-2build1 [30.7 kB]
#7 43.55 Get:414 http://archive.ubuntu.com/ubuntu noble/main amd64 libpmem1 amd64 1.13.1-1.1ubuntu2 [84.8 kB]
#7 43.58 Get:415 http://archive.ubuntu.com/ubuntu noble/main amd64 libpmemobj1 amd64 1.13.1-1.1ubuntu2 [116 kB]
#7 43.61 Get:416 http://archive.ubuntu.com/ubuntu noble/universe amd64 libqhull-r8.0 amd64 2020.2-6build1 [193 kB]
#7 43.64 Get:417 http://archive.ubuntu.com/ubuntu noble-updates/main amd64 librados2 amd64 19.2.3-0ubuntu0.24.04.3 [4041 kB]
#7 43.76 Get:418 http://archive.ubuntu.com/ubuntu noble/main amd64 libraqm0 amd64 0.10.1-1build1 [15.0 kB]
#7 43.79 Get:419 http://archive.ubuntu.com/ubuntu noble-updates/main amd64 librbd1 amd64 19.2.3-0ubuntu0.24.04.3 [3413 kB]
#7 43.95 Get:420 http://archive.ubuntu.com/ubuntu noble/main amd64 librsvg2-2 amd64 2.58.0+dfsg-1build1 [2135 kB]
#7 44.03 Get:421 http://archive.ubuntu.com/ubuntu noble/main amd64 librsvg2-common amd64 2.58.0+dfsg-1build1 [11.8 kB]
#7 44.06 Get:422 http://archive.ubuntu.com/ubuntu noble-updates/main amd64 libsasl2-modules amd64 2.1.28+dfsg1-5ubuntu3.1 [69.9 kB]
#7 44.09 Get:423 http://archive.ubuntu.com/ubuntu noble-updates/main amd64 libsdl2-2.0-0 amd64 2.30.0+dfsg-1ubuntu3.1 [686 kB]
#7 44.15 Get:424 http://archive.ubuntu.com/ubuntu noble/main amd64 libslirp0 amd64 4.7.0-1ubuntu3 [63.8 kB]
#7 44.18 Get:425 http://archive.ubuntu.com/ubuntu noble/main amd64 libspice-server1 amd64 0.15.1-1build2 [349 kB]
#7 44.24 Get:426 http://archive.ubuntu.com/ubuntu noble-updates/main amd64 libssl-dev amd64 3.0.13-0ubuntu3.7 [2407 kB]
#7 44.52 Get:427 http://archive.ubuntu.com/ubuntu noble/main amd64 liburing2 amd64 2.5-1build1 [21.1 kB]
#7 44.75 Get:428 http://archive.ubuntu.com/ubuntu noble/main amd64 libusbredirparser1t64 amd64 0.13.0-2.1build1 [16.5 kB]
#7 44.89 Get:429 http://archive.ubuntu.com/ubuntu noble/main amd64 libvirglrenderer1 amd64 1.0.0-1ubuntu2 [226 kB]
#7 45.33 Get:430 http://archive.ubuntu.com/ubuntu noble-updates/main amd64 libvte-2.91-common amd64 0.76.0-1ubuntu0.1 [13.5 kB]
#7 45.44 Get:431 http://archive.ubuntu.com/ubuntu noble-updates/main amd64 libvte-2.91-0 amd64 0.76.0-1ubuntu0.1 [230 kB]
#7 45.62 Get:432 http://archive.ubuntu.com/ubuntu noble/main amd64 libwebpdemux2 amd64 1.3.2-0.4build3 [12.4 kB]
#7 45.73 Get:433 http://archive.ubuntu.com/ubuntu noble/main amd64 libwebpmux3 amd64 1.3.2-0.4build3 [25.7 kB]
#7 45.84 Get:434 http://archive.ubuntu.com/ubuntu noble-updates/main amd64 libxslt1.1 amd64 1.1.39-0exp1ubuntu0.24.04.3 [168 kB]
#7 46.00 Get:435 http://archive.ubuntu.com/ubuntu noble-updates/main amd64 linux-headers-6.8.0-106 all 6.8.0-106.106 [14.2 MB]
#7 47.28 Get:436 http://archive.ubuntu.com/ubuntu noble-updates/main amd64 linux-headers-6.8.0-106-generic amd64 6.8.0-106.106 [4355 kB]
#7 47.54 Get:437 http://archive.ubuntu.com/ubuntu noble-updates/main amd64 linux-headers-generic amd64 6.8.0-106.106 [11.0 kB]
#7 47.65 Get:438 http://archive.ubuntu.com/ubuntu noble/main amd64 make amd64 4.3-4.1build2 [180 kB]
#7 47.77 Get:439 http://archive.ubuntu.com/ubuntu noble/main amd64 manpages-dev all 6.7-2 [2013 kB]
#7 47.95 Get:440 http://archive.ubuntu.com/ubuntu noble-updates/main amd64 mesa-vulkan-drivers amd64 25.2.8-0ubuntu0.24.04.1 [17.5 MB]
#7 48.67 Get:441 http://archive.ubuntu.com/ubuntu noble/main amd64 patch amd64 2.7.6-7build3 [104 kB]
#7 48.78 Get:442 http://archive.ubuntu.com/ubuntu noble/main amd64 pkgconf-bin amd64 1.8.1-2build1 [20.7 kB]
#7 48.89 Get:443 http://archive.ubuntu.com/ubuntu noble/main amd64 pkgconf amd64 1.8.1-2build1 [16.8 kB]
#7 49.00 Get:444 http://archive.ubuntu.com/ubuntu noble/main amd64 pkg-config amd64 1.8.1-2build1 [7264 B]
#7 49.11 Get:445 http://archive.ubuntu.com/ubuntu noble/universe amd64 python-matplotlib-data all 3.6.3-1ubuntu5 [2936 kB]
#7 49.32 Get:446 http://archive.ubuntu.com/ubuntu noble/main amd64 python3-appdirs all 1.4.4-4 [10.9 kB]
#7 49.43 Get:447 http://archive.ubuntu.com/ubuntu noble-updates/universe amd64 python3-argcomplete all 3.1.4-1ubuntu0.1 [33.8 kB]
#7 49.54 Get:448 http://archive.ubuntu.com/ubuntu noble/main amd64 python3-attr all 23.2.0-2 [48.6 kB]
#7 49.65 Get:449 http://archive.ubuntu.com/ubuntu noble/universe amd64 python3-brotli amd64 1.1.0-2build2 [332 kB]
#7 49.77 Get:450 http://archive.ubuntu.com/ubuntu noble/main amd64 python3-soupsieve all 2.5-1 [33.0 kB]
#7 49.88 Get:451 http://archive.ubuntu.com/ubuntu noble/main amd64 python3-bs4 all 4.12.3-1 [109 kB]
#7 49.99 Get:452 http://archive.ubuntu.com/ubuntu noble/main amd64 python3-certifi all 2023.11.17-1 [165 kB]
#7 50.25 Get:453 http://archive.ubuntu.com/ubuntu noble/main amd64 python3-chardet all 5.2.0+dfsg-1 [117 kB]
#7 50.36 Get:454 http://archive.ubuntu.com/ubuntu noble/main amd64 python3-numpy amd64 1:1.26.4+ds-6ubuntu1 [4437 kB]
#7 50.63 Get:455 http://archive.ubuntu.com/ubuntu noble/universe amd64 python3-contourpy amd64 1.0.7-2build1 [181 kB]
#7 50.74 Get:456 http://archive.ubuntu.com/ubuntu noble-updates/main amd64 python3-cryptography amd64 41.0.7-4ubuntu0.4 [815 kB]
#7 50.88 Get:457 http://archive.ubuntu.com/ubuntu noble/universe amd64 python3-cycler all 0.11.0-2 [8202 B]
#7 50.99 Get:458 http://archive.ubuntu.com/ubuntu noble/main amd64 python3-dateutil all 2.8.2-3ubuntu1 [79.4 kB]
#7 51.10 Get:459 http://archive.ubuntu.com/ubuntu noble/universe amd64 python3-scipy amd64 1.11.4-6build1 [15.5 MB]
#7 51.76 Get:460 http://archive.ubuntu.com/ubuntu noble/universe amd64 python3-ufolib2 all 0.16.0+dfsg1-1 [33.5 kB]
#7 51.87 Get:461 http://archive.ubuntu.com/ubuntu noble/main amd64 python3-tz all 2024.1-2 [31.4 kB]
#7 51.98 Get:462 http://archive.ubuntu.com/ubuntu noble/universe amd64 python3-fs all 2.4.16-3 [91.1 kB]
#7 52.09 Get:463 http://archive.ubuntu.com/ubuntu noble/main amd64 python3-lxml amd64 5.2.1-1 [1243 kB]
#7 52.24 Get:464 http://archive.ubuntu.com/ubuntu noble/universe amd64 python3-lz4 amd64 4.0.2+dfsg-1build4 [26.2 kB]
#7 52.35 Get:465 http://archive.ubuntu.com/ubuntu noble/universe amd64 python3-unicodedata2 amd64 15.1.0+ds-1build1 [362 kB]
#7 52.47 Get:466 http://archive.ubuntu.com/ubuntu noble/universe amd64 unicode-data all 15.1.0-1 [8878 kB]
#7 52.89 Get:467 http://archive.ubuntu.com/ubuntu noble/universe amd64 python3-fonttools amd64 4.46.0-1build2 [1436 kB]
#7 53.05 Get:468 http://archive.ubuntu.com/ubuntu noble/main amd64 python3-webencodings all 0.5.1-5 [11.5 kB]
#7 53.16 Get:469 http://archive.ubuntu.com/ubuntu noble/main amd64 python3-html5lib all 1.1-6 [88.8 kB]
#7 53.27 Get:470 http://archive.ubuntu.com/ubuntu noble-updates/main amd64 python3-idna all 3.6-2ubuntu0.1 [49.0 kB]
#7 53.38 Get:471 http://archive.ubuntu.com/ubuntu noble/universe amd64 python3-kiwisolver amd64 1.4.4-2build1 [50.6 kB]
#7 53.49 Get:472 http://archive.ubuntu.com/ubuntu noble-updates/main amd64 libopenjp2-7 amd64 2.5.0-2ubuntu0.4 [173 kB]
#7 53.60 Get:473 http://archive.ubuntu.com/ubuntu noble-updates/main amd64 python3-pil amd64 10.2.0-1ubuntu1 [452 kB]
#7 53.73 Get:474 http://archive.ubuntu.com/ubuntu noble/main amd64 python3-tk amd64 3.12.3-0ubuntu1 [102 kB]
#7 53.84 Get:475 http://archive.ubuntu.com/ubuntu noble-updates/universe amd64 python3-pil.imagetk amd64 10.2.0-1ubuntu1 [9238 B]
#7 53.95 Get:476 http://archive.ubuntu.com/ubuntu noble/main amd64 python3-pyparsing all 3.1.1-1 [86.2 kB]
#7 54.06 Get:477 http://archive.ubuntu.com/ubuntu noble/main amd64 python3-packaging all 24.0-1 [41.1 kB]
#7 54.17 Get:478 http://archive.ubuntu.com/ubuntu noble/universe amd64 python3-matplotlib amd64 3.6.3-1ubuntu5 [6079 kB]
#7 54.49 Get:479 http://archive.ubuntu.com/ubuntu noble/main amd64 python3-olefile all 0.46-3 [33.8 kB]
#7 54.75 Get:480 http://archive.ubuntu.com/ubuntu noble/main amd64 python3-psutil amd64 5.9.8-2build2 [195 kB]
#7 54.86 Get:481 http://archive.ubuntu.com/ubuntu noble/main amd64 python3-pyroute2 all 0.7.11-0ubuntu2 [302 kB]
#7 54.98 Get:482 http://archive.ubuntu.com/ubuntu noble-updates/main amd64 python3-urllib3 all 2.0.7-1ubuntu0.6 [95.2 kB]
#7 55.09 Get:483 http://archive.ubuntu.com/ubuntu noble-updates/main amd64 python3-requests all 2.31.0+dfsg-1ubuntu1.1 [50.8 kB]
#7 55.20 Get:484 http://archive.ubuntu.com/ubuntu noble/universe amd64 python3-scapy all 2.5.0+dfsg-2ubuntu1 [993 kB]
#7 55.34 Get:485 http://archive.ubuntu.com/ubuntu noble/main amd64 libfdt1 amd64 1.7.0-2build1 [20.1 kB]
#7 55.45 Get:486 http://archive.ubuntu.com/ubuntu noble-updates/main amd64 qemu-system-common amd64 1:8.2.2+ds-0ubuntu1.13 [1255 kB]
#7 55.61 Get:487 http://archive.ubuntu.com/ubuntu noble-updates/main amd64 qemu-system-data all 1:8.2.2+ds-0ubuntu1.13 [1795 kB]
#7 55.78 Get:488 http://archive.ubuntu.com/ubuntu noble/main amd64 seabios all 1.16.3-2 [175 kB]
#7 55.89 Get:489 http://archive.ubuntu.com/ubuntu noble-updates/main amd64 qemu-system-x86 amd64 1:8.2.2+ds-0ubuntu1.13 [11.2 MB]
#7 56.39 Get:490 http://archive.ubuntu.com/ubuntu noble-updates/main amd64 qemu-utils amd64 1:8.2.2+ds-0ubuntu1.13 [2224 kB]
#7 56.58 Get:491 http://archive.ubuntu.com/ubuntu noble-updates/main amd64 qemu-block-extra amd64 1:8.2.2+ds-0ubuntu1.13 [113 kB]
#7 56.69 Get:492 http://archive.ubuntu.com/ubuntu noble-updates/main amd64 qemu-system-modules-opengl amd64 1:8.2.2+ds-0ubuntu1.13 [186 kB]
#7 56.81 Get:493 http://archive.ubuntu.com/ubuntu noble/main amd64 libglvnd0 amd64 1.7.0-1build1 [69.6 kB]
#7 56.92 Get:494 http://archive.ubuntu.com/ubuntu noble/main amd64 libglx0 amd64 1.7.0-1build1 [38.6 kB]
#7 57.03 Get:495 http://archive.ubuntu.com/ubuntu noble/main amd64 libgl1 amd64 1.7.0-1build1 [102 kB]
#7 57.15 Get:496 http://archive.ubuntu.com/ubuntu noble-updates/main amd64 qemu-system-gui amd64 1:8.2.2+ds-0ubuntu1.13 [314 kB]
#7 57.26 Get:497 http://archive.ubuntu.com/ubuntu noble-updates/main amd64 qemu-system-modules-spice amd64 1:8.2.2+ds-0ubuntu1.13 [70.3 kB]
#7 57.38 Get:498 http://archive.ubuntu.com/ubuntu noble/universe amd64 virtme-ng all 1.22-1 [53.3 kB]
#7 57.49 Get:499 http://archive.ubuntu.com/ubuntu noble/main amd64 libmnl-dev amd64 1.0.5-2build1 [21.9 kB]
#7 57.60 Get:500 http://archive.ubuntu.com/ubuntu noble/universe amd64 musl amd64 1.2.4-2 [416 kB]
#7 57.72 Get:501 http://archive.ubuntu.com/ubuntu noble/universe amd64 musl-dev amd64 1.2.4-2 [616 kB]
#7 57.85 Get:502 http://archive.ubuntu.com/ubuntu noble-updates/main amd64 ovmf all 2024.02-2ubuntu0.7 [5176 kB]
#7 58.13 Get:503 http://archive.ubuntu.com/ubuntu noble/main amd64 python3-cssselect all 1.2.0-2 [18.5 kB]
#7 58.22 debconf: delaying package configuration, since apt-utils is not installed
#7 58.24 Fetched 353 MB in 53s (6656 kB/s)
#7 58.26 (Reading database ... (Reading database ... 5%(Reading database ... 10%(Reading database ... 15%(Reading database ... 20%(Reading database ... 25%(Reading database ... 30%(Reading database ... 35%(Reading database ... 40%(Reading database ... 45%(Reading database ... 50%(Reading database ... 55%(Reading database ... 60%(Reading database ... 65%(Reading database ... 70%(Reading database ... 75%(Reading database ... 80%(Reading database ... 85%(Reading database ... 90%(Reading database ... 95%(Reading database ... 100%(Reading database ... 4381 files and directories currently installed.)
#7 58.26 Preparing to unpack .../bsdutils_1%3a2.39.3-9ubuntu6.5_amd64.deb ...
#7 58.27 Unpacking bsdutils (1:2.39.3-9ubuntu6.5) over (1:2.39.3-9ubuntu6.4) ...
#7 58.32 Setting up bsdutils (1:2.39.3-9ubuntu6.5) ...
#7 58.35 (Reading database ... (Reading database ... 5%(Reading database ... 10%(Reading database ... 15%(Reading database ... 20%(Reading database ... 25%(Reading database ... 30%(Reading database ... 35%(Reading database ... 40%(Reading database ... 45%(Reading database ... 50%(Reading database ... 55%(Reading database ... 60%(Reading database ... 65%(Reading database ... 70%(Reading database ... 75%(Reading database ... 80%(Reading database ... 85%(Reading database ... 90%(Reading database ... 95%(Reading database ... 100%(Reading database ... 4381 files and directories currently installed.)
#7 58.35 Preparing to unpack .../coreutils_9.4-3ubuntu6.2_amd64.deb ...
#7 58.36 Unpacking coreutils (9.4-3ubuntu6.2) over (9.4-3ubuntu6.1) ...
#7 58.60 Setting up coreutils (9.4-3ubuntu6.2) ...
#7 58.63 (Reading database ... (Reading database ... 5%(Reading database ... 10%(Reading database ... 15%(Reading database ... 20%(Reading database ... 25%(Reading database ... 30%(Reading database ... 35%(Reading database ... 40%(Reading database ... 45%(Reading database ... 50%(Reading database ... 55%(Reading database ... 60%(Reading database ... 65%(Reading database ... 70%(Reading database ... 75%(Reading database ... 80%(Reading database ... 85%(Reading database ... 90%(Reading database ... 95%(Reading database ... 100%(Reading database ... 4381 files and directories currently installed.)
#7 58.63 Preparing to unpack .../util-linux_2.39.3-9ubuntu6.5_amd64.deb ...
#7 58.64 Unpacking util-linux (2.39.3-9ubuntu6.5) over (2.39.3-9ubuntu6.4) ...
#7 58.90 Setting up util-linux (2.39.3-9ubuntu6.5) ...
#7 59.00 (Reading database ... (Reading database ... 5%(Reading database ... 10%(Reading database ... 15%(Reading database ... 20%(Reading database ... 25%(Reading database ... 30%(Reading database ... 35%(Reading database ... 40%(Reading database ... 45%(Reading database ... 50%(Reading database ... 55%(Reading database ... 60%(Reading database ... 65%(Reading database ... 70%(Reading database ... 75%(Reading database ... 80%(Reading database ... 85%(Reading database ... 90%(Reading database ... 95%(Reading database ... 100%(Reading database ... 4381 files and directories currently installed.)
#7 59.00 Preparing to unpack .../0-mount_2.39.3-9ubuntu6.5_amd64.deb ...
#7 59.01 Unpacking mount (2.39.3-9ubuntu6.5) over (2.39.3-9ubuntu6.4) ...
#7 59.05 Selecting previously unselected package kbd.
#7 59.05 Preparing to unpack .../1-kbd_2.6.4-2ubuntu2_amd64.deb ...
#7 59.05 Unpacking kbd (2.6.4-2ubuntu2) ...
#7 59.08 Selecting previously unselected package liblocale-gettext-perl.
#7 59.08 Preparing to unpack .../2-liblocale-gettext-perl_1.07-6ubuntu5_amd64.deb ...
#7 59.08 Unpacking liblocale-gettext-perl (1.07-6ubuntu5) ...
#7 59.10 Selecting previously unselected package xkb-data.
#7 59.10 Preparing to unpack .../3-xkb-data_2.41-2ubuntu1.1_all.deb ...
#7 59.10 Unpacking xkb-data (2.41-2ubuntu1.1) ...
#7 59.16 Selecting previously unselected package keyboard-configuration.
#7 59.16 Preparing to unpack .../4-keyboard-configuration_1.226ubuntu1_all.deb ...
#7 59.16 Unpacking keyboard-configuration (1.226ubuntu1) ...
#7 59.19 Selecting previously unselected package console-setup-linux.
#7 59.19 Preparing to unpack .../5-console-setup-linux_1.226ubuntu1_all.deb ...
#7 59.19 Unpacking console-setup-linux (1.226ubuntu1) ...
#7 59.26 Selecting previously unselected package console-setup.
#7 59.26 Preparing to unpack .../6-console-setup_1.226ubuntu1_all.deb ...
#7 59.26 Unpacking console-setup (1.226ubuntu1) ...
#7 59.29 Selecting previously unselected package libpython3.12-minimal:amd64.
#7 59.29 Preparing to unpack .../7-libpython3.12-minimal_3.12.3-1ubuntu0.12_amd64.deb ...
#7 59.29 Unpacking libpython3.12-minimal:amd64 (3.12.3-1ubuntu0.12) ...
#7 59.35 Selecting previously unselected package libexpat1:amd64.
#7 59.35 Preparing to unpack .../8-libexpat1_2.6.1-2ubuntu0.4_amd64.deb ...
#7 59.35 Unpacking libexpat1:amd64 (2.6.1-2ubuntu0.4) ...
#7 59.38 Selecting previously unselected package python3.12-minimal.
#7 59.38 Preparing to unpack .../9-python3.12-minimal_3.12.3-1ubuntu0.12_amd64.deb ...
#7 59.38 Unpacking python3.12-minimal (3.12.3-1ubuntu0.12) ...
#7 59.43 Setting up libpython3.12-minimal:amd64 (3.12.3-1ubuntu0.12) ...
#7 59.44 Setting up libexpat1:amd64 (2.6.1-2ubuntu0.4) ...
#7 59.45 Setting up python3.12-minimal (3.12.3-1ubuntu0.12) ...
#7 59.84 Selecting previously unselected package python3-minimal.
#7 59.84 (Reading database ... (Reading database ... 5%(Reading database ... 10%(Reading database ... 15%(Reading database ... 20%(Reading database ... 25%(Reading database ... 30%(Reading database ... 35%(Reading database ... 40%(Reading database ... 45%(Reading database ... 50%(Reading database ... 55%(Reading database ... 60%(Reading database ... 65%(Reading database ... 70%(Reading database ... 75%(Reading database ... 80%(Reading database ... 85%(Reading database ... 90%(Reading database ... 95%(Reading database ... 100%(Reading database ... 5712 files and directories currently installed.)
#7 59.85 Preparing to unpack .../0-python3-minimal_3.12.3-0ubuntu2.1_amd64.deb ...
#7 59.85 Unpacking python3-minimal (3.12.3-0ubuntu2.1) ...
#7 59.87 Selecting previously unselected package media-types.
#7 59.87 Preparing to unpack .../1-media-types_10.1.0_all.deb ...
#7 59.88 Unpacking media-types (10.1.0) ...
#7 59.90 Selecting previously unselected package netbase.
#7 59.90 Preparing to unpack .../2-netbase_6.4_all.deb ...
#7 59.91 Unpacking netbase (6.4) ...
#7 59.93 Selecting previously unselected package tzdata.
#7 59.93 Preparing to unpack .../3-tzdata_2025b-0ubuntu0.24.04.1_all.deb ...
#7 59.94 Unpacking tzdata (2025b-0ubuntu0.24.04.1) ...
#7 59.99 Selecting previously unselected package readline-common.
#7 59.99 Preparing to unpack .../4-readline-common_8.2-4build1_all.deb ...
#7 60.00 Unpacking readline-common (8.2-4build1) ...
#7 60.02 Selecting previously unselected package libreadline8t64:amd64.
#7 60.02 Preparing to unpack .../5-libreadline8t64_8.2-4build1_amd64.deb ...
#7 60.03 Adding 'diversion of /lib/x86_64-linux-gnu/libhistory.so.8 to /lib/x86_64-linux-gnu/libhistory.so.8.usr-is-merged by libreadline8t64'
#7 60.03 Adding 'diversion of /lib/x86_64-linux-gnu/libhistory.so.8.2 to /lib/x86_64-linux-gnu/libhistory.so.8.2.usr-is-merged by libreadline8t64'
#7 60.03 Adding 'diversion of /lib/x86_64-linux-gnu/libreadline.so.8 to /lib/x86_64-linux-gnu/libreadline.so.8.usr-is-merged by libreadline8t64'
#7 60.04 Adding 'diversion of /lib/x86_64-linux-gnu/libreadline.so.8.2 to /lib/x86_64-linux-gnu/libreadline.so.8.2.usr-is-merged by libreadline8t64'
#7 60.04 Unpacking libreadline8t64:amd64 (8.2-4build1) ...
#7 60.06 Selecting previously unselected package libsqlite3-0:amd64.
#7 60.06 Preparing to unpack .../6-libsqlite3-0_3.45.1-1ubuntu2.5_amd64.deb ...
#7 60.07 Unpacking libsqlite3-0:amd64 (3.45.1-1ubuntu2.5) ...
#7 60.09 Selecting previously unselected package libpython3.12-stdlib:amd64.
#7 60.09 Preparing to unpack .../7-libpython3.12-stdlib_3.12.3-1ubuntu0.12_amd64.deb ...
#7 60.09 Unpacking libpython3.12-stdlib:amd64 (3.12.3-1ubuntu0.12) ...
#7 60.16 Selecting previously unselected package python3.12.
#7 60.16 Preparing to unpack .../8-python3.12_3.12.3-1ubuntu0.12_amd64.deb ...
#7 60.16 Unpacking python3.12 (3.12.3-1ubuntu0.12) ...
#7 60.18 Selecting previously unselected package libpython3-stdlib:amd64.
#7 60.18 Preparing to unpack .../9-libpython3-stdlib_3.12.3-0ubuntu2.1_amd64.deb ...
#7 60.19 Unpacking libpython3-stdlib:amd64 (3.12.3-0ubuntu2.1) ...
#7 60.21 Setting up python3-minimal (3.12.3-0ubuntu2.1) ...
#7 60.30 Selecting previously unselected package python3.
#7 60.30 (Reading database ... (Reading database ... 5%(Reading database ... 10%(Reading database ... 15%(Reading database ... 20%(Reading database ... 25%(Reading database ... 30%(Reading database ... 35%(Reading database ... 40%(Reading database ... 45%(Reading database ... 50%(Reading database ... 55%(Reading database ... 60%(Reading database ... 65%(Reading database ... 70%(Reading database ... 75%(Reading database ... 80%(Reading database ... 85%(Reading database ... 90%(Reading database ... 95%(Reading database ... 100%(Reading database ... 6718 files and directories currently installed.)
#7 60.30 Preparing to unpack .../python3_3.12.3-0ubuntu2.1_amd64.deb ...
#7 60.31 Unpacking python3 (3.12.3-0ubuntu2.1) ...
#7 60.33 Selecting previously unselected package libapparmor1:amd64.
#7 60.33 Preparing to unpack .../libapparmor1_4.0.1really4.0.1-0ubuntu0.24.04.5_amd64.deb ...
#7 60.34 Unpacking libapparmor1:amd64 (4.0.1really4.0.1-0ubuntu0.24.04.5) ...
#7 60.36 Selecting previously unselected package libargon2-1:amd64.
#7 60.36 Preparing to unpack .../libargon2-1_0~20190702+dfsg-4build1_amd64.deb ...
#7 60.36 Unpacking libargon2-1:amd64 (0~20190702+dfsg-4build1) ...
#7 60.39 Preparing to unpack .../libblkid1_2.39.3-9ubuntu6.5_amd64.deb ...
#7 60.40 Unpacking libblkid1:amd64 (2.39.3-9ubuntu6.5) over (2.39.3-9ubuntu6.4) ...
#7 60.43 Setting up libblkid1:amd64 (2.39.3-9ubuntu6.5) ...
#7 60.47 (Reading database ... (Reading database ... 5%(Reading database ... 10%(Reading database ... 15%(Reading database ... 20%(Reading database ... 25%(Reading database ... 30%(Reading database ... 35%(Reading database ... 40%(Reading database ... 45%(Reading database ... 50%(Reading database ... 55%(Reading database ... 60%(Reading database ... 65%(Reading database ... 70%(Reading database ... 75%(Reading database ... 80%(Reading database ... 85%(Reading database ... 90%(Reading database ... 95%(Reading database ... 100%(Reading database ... 6748 files and directories currently installed.)
#7 60.47 Preparing to unpack .../libudev1_255.4-1ubuntu8.14_amd64.deb ...
#7 60.48 Unpacking libudev1:amd64 (255.4-1ubuntu8.14) over (255.4-1ubuntu8.12) ...
#7 60.51 Setting up libudev1:amd64 (255.4-1ubuntu8.14) ...
#7 60.53 Selecting previously unselected package libdevmapper1.02.1:amd64.
#7 60.53 (Reading database ... (Reading database ... 5%(Reading database ... 10%(Reading database ... 15%(Reading database ... 20%(Reading database ... 25%(Reading database ... 30%(Reading database ... 35%(Reading database ... 40%(Reading database ... 45%(Reading database ... 50%(Reading database ... 55%(Reading database ... 60%(Reading database ... 65%(Reading database ... 70%(Reading database ... 75%(Reading database ... 80%(Reading database ... 85%(Reading database ... 90%(Reading database ... 95%(Reading database ... 100%(Reading database ... 6748 files and directories currently installed.)
#7 60.54 Preparing to unpack .../libdevmapper1.02.1_2%3a1.02.185-3ubuntu3.2_amd64.deb ...
#7 60.54 Unpacking libdevmapper1.02.1:amd64 (2:1.02.185-3ubuntu3.2) ...
#7 60.56 Selecting previously unselected package libjson-c5:amd64.
#7 60.56 Preparing to unpack .../libjson-c5_0.17-1build1_amd64.deb ...
#7 60.56 Unpacking libjson-c5:amd64 (0.17-1build1) ...
#7 60.58 Preparing to unpack .../libuuid1_2.39.3-9ubuntu6.5_amd64.deb ...
#7 60.59 Unpacking libuuid1:amd64 (2.39.3-9ubuntu6.5) over (2.39.3-9ubuntu6.4) ...
#7 60.62 Setting up libuuid1:amd64 (2.39.3-9ubuntu6.5) ...
#7 60.65 Selecting previously unselected package libcryptsetup12:amd64.
#7 60.65 (Reading database ... (Reading database ... 5%(Reading database ... 10%(Reading database ... 15%(Reading database ... 20%(Reading database ... 25%(Reading database ... 30%(Reading database ... 35%(Reading database ... 40%(Reading database ... 45%(Reading database ... 50%(Reading database ... 55%(Reading database ... 60%(Reading database ... 65%(Reading database ... 70%(Reading database ... 75%(Reading database ... 80%(Reading database ... 85%(Reading database ... 90%(Reading database ... 95%(Reading database ... 100%(Reading database ... 6759 files and directories currently installed.)
#7 60.65 Preparing to unpack .../libcryptsetup12_2%3a2.7.0-1ubuntu4.2_amd64.deb ...
#7 60.65 Unpacking libcryptsetup12:amd64 (2:2.7.0-1ubuntu4.2) ...
#7 60.68 Selecting previously unselected package libfdisk1:amd64.
#7 60.68 Preparing to unpack .../libfdisk1_2.39.3-9ubuntu6.5_amd64.deb ...
#7 60.68 Unpacking libfdisk1:amd64 (2.39.3-9ubuntu6.5) ...
#7 60.71 Selecting previously unselected package libkmod2:amd64.
#7 60.71 Preparing to unpack .../libkmod2_31+20240202-2ubuntu7.1_amd64.deb ...
#7 60.71 Unpacking libkmod2:amd64 (31+20240202-2ubuntu7.1) ...
#7 60.74 Preparing to unpack .../libmount1_2.39.3-9ubuntu6.5_amd64.deb ...
#7 60.74 Unpacking libmount1:amd64 (2.39.3-9ubuntu6.5) over (2.39.3-9ubuntu6.4) ...
#7 60.78 Setting up libmount1:amd64 (2.39.3-9ubuntu6.5) ...
#7 60.80 Selecting previously unselected package libsystemd-shared:amd64.
#7 60.80 (Reading database ... (Reading database ... 5%(Reading database ... 10%(Reading database ... 15%(Reading database ... 20%(Reading database ... 25%(Reading database ... 30%(Reading database ... 35%(Reading database ... 40%(Reading database ... 45%(Reading database ... 50%(Reading database ... 55%(Reading database ... 60%(Reading database ... 65%(Reading database ... 70%(Reading database ... 75%(Reading database ... 80%(Reading database ... 85%(Reading database ... 90%(Reading database ... 95%(Reading database ... 100%(Reading database ... 6779 files and directories currently installed.)
#7 60.81 Preparing to unpack .../libsystemd-shared_255.4-1ubuntu8.14_amd64.deb ...
#7 60.81 Unpacking libsystemd-shared:amd64 (255.4-1ubuntu8.14) ...
#7 60.85 Preparing to unpack .../libsystemd0_255.4-1ubuntu8.14_amd64.deb ...
#7 60.86 Unpacking libsystemd0:amd64 (255.4-1ubuntu8.14) over (255.4-1ubuntu8.12) ...
#7 60.90 Setting up libsystemd0:amd64 (255.4-1ubuntu8.14) ...
#7 60.92 Selecting previously unselected package systemd-dev.
#7 60.92 (Reading database ... (Reading database ... 5%(Reading database ... 10%(Reading database ... 15%(Reading database ... 20%(Reading database ... 25%(Reading database ... 30%(Reading database ... 35%(Reading database ... 40%(Reading database ... 45%(Reading database ... 50%(Reading database ... 55%(Reading database ... 60%(Reading database ... 65%(Reading database ... 70%(Reading database ... 75%(Reading database ... 80%(Reading database ... 85%(Reading database ... 90%(Reading database ... 95%(Reading database ... 100%(Reading database ... 6787 files and directories currently installed.)
#7 60.93 Preparing to unpack .../systemd-dev_255.4-1ubuntu8.14_all.deb ...
#7 60.93 Unpacking systemd-dev (255.4-1ubuntu8.14) ...
#7 60.98 Selecting previously unselected package systemd.
#7 60.98 Preparing to unpack .../systemd_255.4-1ubuntu8.14_amd64.deb ...
#7 60.99 Unpacking systemd (255.4-1ubuntu8.14) ...
#7 61.08 Setting up libapparmor1:amd64 (4.0.1really4.0.1-0ubuntu0.24.04.5) ...
#7 61.09 Setting up libargon2-1:amd64 (0~20190702+dfsg-4build1) ...
#7 61.10 Setting up libdevmapper1.02.1:amd64 (2:1.02.185-3ubuntu3.2) ...
#7 61.10 Setting up libjson-c5:amd64 (0.17-1build1) ...
#7 61.11 Setting up libcryptsetup12:amd64 (2:2.7.0-1ubuntu4.2) ...
#7 61.12 Setting up libfdisk1:amd64 (2.39.3-9ubuntu6.5) ...
#7 61.13 Setting up libkmod2:amd64 (31+20240202-2ubuntu7.1) ...
#7 61.13 Setting up libsystemd-shared:amd64 (255.4-1ubuntu8.14) ...
#7 61.14 Setting up systemd-dev (255.4-1ubuntu8.14) ...
#7 61.15 Setting up mount (2.39.3-9ubuntu6.5) ...
#7 61.15 Setting up systemd (255.4-1ubuntu8.14) ...
#7 61.18 Created symlink /etc/systemd/system/getty.target.wants/getty@tty1.service → /usr/lib/systemd/system/getty@.service.
#7 61.18 Created symlink /etc/systemd/system/multi-user.target.wants/remote-fs.target → /usr/lib/systemd/system/remote-fs.target.
#7 61.18 Created symlink /etc/systemd/system/sysinit.target.wants/systemd-pstore.service → /usr/lib/systemd/system/systemd-pstore.service.
#7 61.19 Initializing machine ID from random generator.
#7 61.20 /usr/lib/tmpfiles.d/systemd-network.conf:10: Failed to resolve user 'systemd-network': No such process
#7 61.20 /usr/lib/tmpfiles.d/systemd-network.conf:11: Failed to resolve user 'systemd-network': No such process
#7 61.20 /usr/lib/tmpfiles.d/systemd-network.conf:12: Failed to resolve user 'systemd-network': No such process
#7 61.20 /usr/lib/tmpfiles.d/systemd-network.conf:13: Failed to resolve user 'systemd-network': No such process
#7 61.20 /usr/lib/tmpfiles.d/systemd.conf:22: Failed to resolve group 'systemd-journal': No such process
#7 61.20 /usr/lib/tmpfiles.d/systemd.conf:23: Failed to resolve group 'systemd-journal': No such process
#7 61.20 /usr/lib/tmpfiles.d/systemd.conf:28: Failed to resolve group 'systemd-journal': No such process
#7 61.20 /usr/lib/tmpfiles.d/systemd.conf:29: Failed to resolve group 'systemd-journal': No such process
#7 61.20 /usr/lib/tmpfiles.d/systemd.conf:30: Failed to resolve group 'systemd-journal': No such process
#7 61.20 Creating group 'systemd-journal' with GID 999.
#7 61.20 Creating group 'systemd-network' with GID 998.
#7 61.20 Creating user 'systemd-network' (systemd Network Management) with UID 998 and GID 998.
#7 61.25 Selecting previously unselected package systemd-sysv.
#7 61.25 (Reading database ... (Reading database ... 5%(Reading database ... 10%(Reading database ... 15%(Reading database ... 20%(Reading database ... 25%(Reading database ... 30%(Reading database ... 35%(Reading database ... 40%(Reading database ... 45%(Reading database ... 50%(Reading database ... 55%(Reading database ... 60%(Reading database ... 65%(Reading database ... 70%(Reading database ... 75%(Reading database ... 80%(Reading database ... 85%(Reading database ... 90%(Reading database ... 95%(Reading database ... 100%(Reading database ... 7767 files and directories currently installed.)
#7 61.25 Preparing to unpack .../00-systemd-sysv_255.4-1ubuntu8.14_amd64.deb ...
#7 61.25 Unpacking systemd-sysv (255.4-1ubuntu8.14) ...
#7 61.28 Selecting previously unselected package libpopt0:amd64.
#7 61.28 Preparing to unpack .../01-libpopt0_1.19+dfsg-1build1_amd64.deb ...
#7 61.28 Unpacking libpopt0:amd64 (1.19+dfsg-1build1) ...
#7 61.31 Selecting previously unselected package rsync.
#7 61.31 Preparing to unpack .../02-rsync_3.2.7-1ubuntu1.2_amd64.deb ...
#7 61.31 Unpacking rsync (3.2.7-1ubuntu1.2) ...
#7 61.33 Selecting previously unselected package m4.
#7 61.33 Preparing to unpack .../03-m4_1.4.19-4build1_amd64.deb ...
#7 61.34 Unpacking m4 (1.4.19-4build1) ...
#7 61.36 Selecting previously unselected package flex.
#7 61.36 Preparing to unpack .../04-flex_2.6.4-8.2build1_amd64.deb ...
#7 61.37 Unpacking flex (2.6.4-8.2build1) ...
#7 61.39 Selecting previously unselected package perl-modules-5.38.
#7 61.39 Preparing to unpack .../05-perl-modules-5.38_5.38.2-3.2ubuntu0.2_all.deb ...
#7 61.40 Unpacking perl-modules-5.38 (5.38.2-3.2ubuntu0.2) ...
#7 61.57 Selecting previously unselected package libgdbm6t64:amd64.
#7 61.57 Preparing to unpack .../06-libgdbm6t64_1.23-5.1build1_amd64.deb ...
#7 61.57 Unpacking libgdbm6t64:amd64 (1.23-5.1build1) ...
#7 61.60 Selecting previously unselected package libgdbm-compat4t64:amd64.
#7 61.60 Preparing to unpack .../07-libgdbm-compat4t64_1.23-5.1build1_amd64.deb ...
#7 61.60 Unpacking libgdbm-compat4t64:amd64 (1.23-5.1build1) ...
#7 61.62 Selecting previously unselected package libperl5.38t64:amd64.
#7 61.62 Preparing to unpack .../08-libperl5.38t64_5.38.2-3.2ubuntu0.2_amd64.deb ...
#7 61.63 Unpacking libperl5.38t64:amd64 (5.38.2-3.2ubuntu0.2) ...
#7 61.74 Selecting previously unselected package perl.
#7 61.74 Preparing to unpack .../09-perl_5.38.2-3.2ubuntu0.2_amd64.deb ...
#7 61.75 Unpacking perl (5.38.2-3.2ubuntu0.2) ...
#7 61.77 Preparing to unpack .../10-libsmartcols1_2.39.3-9ubuntu6.5_amd64.deb ...
#7 61.78 Unpacking libsmartcols1:amd64 (2.39.3-9ubuntu6.5) over (2.39.3-9ubuntu6.4) ...
#7 61.82 Setting up libsmartcols1:amd64 (2.39.3-9ubuntu6.5) ...
#7 61.84 Selecting previously unselected package adduser.
#7 61.84 (Reading database ... (Reading database ... 5%(Reading database ... 10%(Reading database ... 15%(Reading database ... 20%(Reading database ... 25%(Reading database ... 30%(Reading database ... 35%(Reading database ... 40%(Reading database ... 45%(Reading database ... 50%(Reading database ... 55%(Reading database ... 60%(Reading database ... 65%(Reading database ... 70%(Reading database ... 75%(Reading database ... 80%(Reading database ... 85%(Reading database ... 90%(Reading database ... 95%(Reading database ... 100%(Reading database ... 9968 files and directories currently installed.)
#7 61.85 Preparing to unpack .../adduser_3.137ubuntu1_all.deb ...
#7 61.85 Unpacking adduser (3.137ubuntu1) ...
#7 61.88 Setting up adduser (3.137ubuntu1) ...
#7 61.92 Selecting previously unselected package openssl.
#7 61.92 (Reading database ... (Reading database ... 5%(Reading database ... 10%(Reading database ... 15%(Reading database ... 20%(Reading database ... 25%(Reading database ... 30%(Reading database ... 35%(Reading database ... 40%(Reading database ... 45%(Reading database ... 50%(Reading database ... 55%(Reading database ... 60%(Reading database ... 65%(Reading database ... 70%(Reading database ... 75%(Reading database ... 80%(Reading database ... 85%(Reading database ... 90%(Reading database ... 95%(Reading database ... 100%(Reading database ... 10016 files and directories currently installed.)
#7 61.93 Preparing to unpack .../000-openssl_3.0.13-0ubuntu3.7_amd64.deb ...
#7 61.93 Unpacking openssl (3.0.13-0ubuntu3.7) ...
#7 61.97 Selecting previously unselected package ca-certificates.
#7 61.97 Preparing to unpack .../001-ca-certificates_20240203_all.deb ...
#7 61.97 Unpacking ca-certificates (20240203) ...
#7 62.02 Selecting previously unselected package libdbus-1-3:amd64.
#7 62.02 Preparing to unpack .../002-libdbus-1-3_1.14.10-4ubuntu4.1_amd64.deb ...
#7 62.02 Unpacking libdbus-1-3:amd64 (1.14.10-4ubuntu4.1) ...
#7 62.04 Selecting previously unselected package dbus-bin.
#7 62.04 Preparing to unpack .../003-dbus-bin_1.14.10-4ubuntu4.1_amd64.deb ...
#7 62.04 Unpacking dbus-bin (1.14.10-4ubuntu4.1) ...
#7 62.07 Selecting previously unselected package dbus-session-bus-common.
#7 62.07 Preparing to unpack .../004-dbus-session-bus-common_1.14.10-4ubuntu4.1_all.deb ...
#7 62.07 Unpacking dbus-session-bus-common (1.14.10-4ubuntu4.1) ...
#7 62.09 Selecting previously unselected package dbus-daemon.
#7 62.10 Preparing to unpack .../005-dbus-daemon_1.14.10-4ubuntu4.1_amd64.deb ...
#7 62.10 Unpacking dbus-daemon (1.14.10-4ubuntu4.1) ...
#7 62.12 Selecting previously unselected package dbus-system-bus-common.
#7 62.12 Preparing to unpack .../006-dbus-system-bus-common_1.14.10-4ubuntu4.1_all.deb ...
#7 62.13 Unpacking dbus-system-bus-common (1.14.10-4ubuntu4.1) ...
#7 62.16 Selecting previously unselected package dbus.
#7 62.16 Preparing to unpack .../007-dbus_1.14.10-4ubuntu4.1_amd64.deb ...
#7 62.16 Unpacking dbus (1.14.10-4ubuntu4.1) ...
#7 62.19 Selecting previously unselected package libpam-systemd:amd64.
#7 62.19 Preparing to unpack .../008-libpam-systemd_255.4-1ubuntu8.14_amd64.deb ...
#7 62.19 Unpacking libpam-systemd:amd64 (255.4-1ubuntu8.14) ...
#7 62.21 Selecting previously unselected package dbus-user-session.
#7 62.21 Preparing to unpack .../009-dbus-user-session_1.14.10-4ubuntu4.1_amd64.deb ...
#7 62.21 Unpacking dbus-user-session (1.14.10-4ubuntu4.1) ...
#7 62.23 Selecting previously unselected package dmsetup.
#7 62.23 Preparing to unpack .../010-dmsetup_2%3a1.02.185-3ubuntu3.2_amd64.deb ...
#7 62.24 Unpacking dmsetup (2:1.02.185-3ubuntu3.2) ...
#7 62.26 Selecting previously unselected package libglib2.0-0t64:amd64.
#7 62.26 Preparing to unpack .../011-libglib2.0-0t64_2.80.0-6ubuntu3.8_amd64.deb ...
#7 62.27 Unpacking libglib2.0-0t64:amd64 (2.80.0-6ubuntu3.8) ...
#7 62.30 Selecting previously unselected package gir1.2-glib-2.0:amd64.
#7 62.30 Preparing to unpack .../012-gir1.2-glib-2.0_2.80.0-6ubuntu3.8_amd64.deb ...
#7 62.31 Unpacking gir1.2-glib-2.0:amd64 (2.80.0-6ubuntu3.8) ...
#7 62.33 Selecting previously unselected package libgirepository-1.0-1:amd64.
#7 62.33 Preparing to unpack .../013-libgirepository-1.0-1_1.80.1-1_amd64.deb ...
#7 62.34 Unpacking libgirepository-1.0-1:amd64 (1.80.1-1) ...
#7 62.36 Selecting previously unselected package gir1.2-girepository-2.0:amd64.
#7 62.36 Preparing to unpack .../014-gir1.2-girepository-2.0_1.80.1-1_amd64.deb ...
#7 62.36 Unpacking gir1.2-girepository-2.0:amd64 (1.80.1-1) ...
#7 62.38 Selecting previously unselected package libelf1t64:amd64.
#7 62.38 Preparing to unpack .../015-libelf1t64_0.190-1.1ubuntu0.1_amd64.deb ...
#7 62.39 Unpacking libelf1t64:amd64 (0.190-1.1ubuntu0.1) ...
#7 62.41 Selecting previously unselected package libbpf1:amd64.
#7 62.41 Preparing to unpack .../016-libbpf1_1%3a1.3.0-2build2_amd64.deb ...
#7 62.41 Unpacking libbpf1:amd64 (1:1.3.0-2build2) ...
#7 62.44 Selecting previously unselected package libmnl0:amd64.
#7 62.44 Preparing to unpack .../017-libmnl0_1.0.5-2build1_amd64.deb ...
#7 62.44 Unpacking libmnl0:amd64 (1.0.5-2build1) ...
#7 62.47 Selecting previously unselected package libxtables12:amd64.
#7 62.47 Preparing to unpack .../018-libxtables12_1.8.10-3ubuntu2_amd64.deb ...
#7 62.47 Unpacking libxtables12:amd64 (1.8.10-3ubuntu2) ...
#7 62.49 Selecting previously unselected package libcap2-bin.
#7 62.49 Preparing to unpack .../019-libcap2-bin_1%3a2.66-5ubuntu2.2_amd64.deb ...
#7 62.50 Unpacking libcap2-bin (1:2.66-5ubuntu2.2) ...
#7 62.53 Selecting previously unselected package iproute2.
#7 62.53 Preparing to unpack .../020-iproute2_6.1.0-1ubuntu6.2_amd64.deb ...
#7 62.53 Unpacking iproute2 (6.1.0-1ubuntu6.2) ...
#7 62.57 Selecting previously unselected package iputils-ping.
#7 62.57 Preparing to unpack .../021-iputils-ping_3%3a20240117-1ubuntu0.1_amd64.deb ...
#7 62.57 Unpacking iputils-ping (3:20240117-1ubuntu0.1) ...
#7 62.59 Selecting previously unselected package iso-codes.
#7 62.59 Preparing to unpack .../022-iso-codes_4.16.0-1_all.deb ...
#7 62.60 Unpacking iso-codes (4.16.0-1) ...
#7 62.69 Selecting previously unselected package kmod.
#7 62.70 Preparing to unpack .../023-kmod_31+20240202-2ubuntu7.1_amd64.deb ...
#7 62.70 Unpacking kmod (31+20240202-2ubuntu7.1) ...
#7 62.72 Selecting previously unselected package krb5-locales.
#7 62.72 Preparing to unpack .../024-krb5-locales_1.20.1-6ubuntu2.6_all.deb ...
#7 62.72 Unpacking krb5-locales (1.20.1-6ubuntu2.6) ...
#7 62.75 Selecting previously unselected package less.
#7 62.75 Preparing to unpack .../025-less_590-2ubuntu2.1_amd64.deb ...
#7 62.75 Unpacking less (590-2ubuntu2.1) ...
#7 62.77 Selecting previously unselected package libatm1t64:amd64.
#7 62.77 Preparing to unpack .../026-libatm1t64_1%3a2.5.1-5.1build1_amd64.deb ...
#7 62.78 Unpacking libatm1t64:amd64 (1:2.5.1-5.1build1) ...
#7 62.80 Selecting previously unselected package libbsd0:amd64.
#7 62.80 Preparing to unpack .../027-libbsd0_0.12.1-1build1.1_amd64.deb ...
#7 62.80 Unpacking libbsd0:amd64 (0.12.1-1build1.1) ...
#7 62.83 Selecting previously unselected package libfribidi0:amd64.
#7 62.83 Preparing to unpack .../028-libfribidi0_1.0.13-3build1_amd64.deb ...
#7 62.83 Unpacking libfribidi0:amd64 (1.0.13-3build1) ...
#7 62.85 Selecting previously unselected package libglib2.0-data.
#7 62.85 Preparing to unpack .../029-libglib2.0-data_2.80.0-6ubuntu3.8_all.deb ...
#7 62.85 Unpacking libglib2.0-data (2.80.0-6ubuntu3.8) ...
#7 62.88 Selecting previously unselected package libkrb5support0:amd64.
#7 62.88 Preparing to unpack .../030-libkrb5support0_1.20.1-6ubuntu2.6_amd64.deb ...
#7 62.88 Unpacking libkrb5support0:amd64 (1.20.1-6ubuntu2.6) ...
#7 62.91 Selecting previously unselected package libk5crypto3:amd64.
#7 62.91 Preparing to unpack .../031-libk5crypto3_1.20.1-6ubuntu2.6_amd64.deb ...
#7 62.91 Unpacking libk5crypto3:amd64 (1.20.1-6ubuntu2.6) ...
#7 62.93 Selecting previously unselected package libkeyutils1:amd64.
#7 62.93 Preparing to unpack .../032-libkeyutils1_1.6.3-3build1_amd64.deb ...
#7 62.94 Unpacking libkeyutils1:amd64 (1.6.3-3build1) ...
#7 62.96 Selecting previously unselected package libkrb5-3:amd64.
#7 62.96 Preparing to unpack .../033-libkrb5-3_1.20.1-6ubuntu2.6_amd64.deb ...
#7 62.96 Unpacking libkrb5-3:amd64 (1.20.1-6ubuntu2.6) ...
#7 63.00 Selecting previously unselected package libgssapi-krb5-2:amd64.
#7 63.00 Preparing to unpack .../034-libgssapi-krb5-2_1.20.1-6ubuntu2.6_amd64.deb ...
#7 63.00 Unpacking libgssapi-krb5-2:amd64 (1.20.1-6ubuntu2.6) ...
#7 63.02 Selecting previously unselected package libicu74:amd64.
#7 63.02 Preparing to unpack .../035-libicu74_74.2-1ubuntu3.1_amd64.deb ...
#7 63.03 Unpacking libicu74:amd64 (74.2-1ubuntu3.1) ...
#7 63.13 Selecting previously unselected package libnss-systemd:amd64.
#7 63.13 Preparing to unpack .../036-libnss-systemd_255.4-1ubuntu8.14_amd64.deb ...
#7 63.14 Unpacking libnss-systemd:amd64 (255.4-1ubuntu8.14) ...
#7 63.16 Selecting previously unselected package libpam-cap:amd64.
#7 63.17 Preparing to unpack .../037-libpam-cap_1%3a2.66-5ubuntu2.2_amd64.deb ...
#7 63.17 Unpacking libpam-cap:amd64 (1:2.66-5ubuntu2.2) ...
#7 63.20 Selecting previously unselected package libslang2:amd64.
#7 63.20 Preparing to unpack .../038-libslang2_2.3.3-3build2_amd64.deb ...
#7 63.20 Unpacking libslang2:amd64 (2.3.3-3build2) ...
#7 63.23 Selecting previously unselected package libxml2:amd64.
#7 63.23 Preparing to unpack .../039-libxml2_2.9.14+dfsg-1.3ubuntu3.7_amd64.deb ...
#7 63.23 Unpacking libxml2:amd64 (2.9.14+dfsg-1.3ubuntu3.7) ...
#7 63.26 Selecting previously unselected package python3-dbus.
#7 63.26 Preparing to unpack .../040-python3-dbus_1.3.2-5build3_amd64.deb ...
#7 63.26 Unpacking python3-dbus (1.3.2-5build3) ...
#7 63.29 Selecting previously unselected package python3-gi.
#7 63.29 Preparing to unpack .../041-python3-gi_3.48.2-1_amd64.deb ...
#7 63.29 Unpacking python3-gi (3.48.2-1) ...
#7 63.32 Selecting previously unselected package networkd-dispatcher.
#7 63.32 Preparing to unpack .../042-networkd-dispatcher_2.2.4-1_all.deb ...
#7 63.32 Unpacking networkd-dispatcher (2.2.4-1) ...
#7 63.34 Selecting previously unselected package python3-cffi-backend:amd64.
#7 63.34 Preparing to unpack .../043-python3-cffi-backend_1.16.0-2build1_amd64.deb ...
#7 63.34 Unpacking python3-cffi-backend:amd64 (1.16.0-2build1) ...
#7 63.37 Selecting previously unselected package python3-pkg-resources.
#7 63.37 Preparing to unpack .../044-python3-pkg-resources_68.1.2-2ubuntu1.2_all.deb ...
#7 63.37 Unpacking python3-pkg-resources (68.1.2-2ubuntu1.2) ...
#7 63.40 Selecting previously unselected package python3-pygments.
#7 63.40 Preparing to unpack .../045-python3-pygments_2.17.2+dfsg-1_all.deb ...
#7 63.40 Unpacking python3-pygments (2.17.2+dfsg-1) ...
#7 63.46 Selecting previously unselected package shared-mime-info.
#7 63.46 Preparing to unpack .../046-shared-mime-info_2.4-4_amd64.deb ...
#7 63.46 Unpacking shared-mime-info (2.4-4) ...
#7 63.50 Selecting previously unselected package systemd-resolved.
#7 63.50 Preparing to unpack .../047-systemd-resolved_255.4-1ubuntu8.14_amd64.deb ...
#7 63.50 Unpacking systemd-resolved (255.4-1ubuntu8.14) ...
#7 63.53 Selecting previously unselected package systemd-timesyncd.
#7 63.53 Preparing to unpack .../048-systemd-timesyncd_255.4-1ubuntu8.14_amd64.deb ...
#7 63.53 Unpacking systemd-timesyncd (255.4-1ubuntu8.14) ...
#7 63.56 Selecting previously unselected package xdg-user-dirs.
#7 63.56 Preparing to unpack .../049-xdg-user-dirs_0.18-1build1_amd64.deb ...
#7 63.57 Unpacking xdg-user-dirs (0.18-1build1) ...
#7 63.59 Selecting previously unselected package ethtool.
#7 63.59 Preparing to unpack .../050-ethtool_1%3a6.7-1build1_amd64.deb ...
#7 63.59 Unpacking ethtool (1:6.7-1build1) ...
#7 63.62 Selecting previously unselected package libmagic-mgc.
#7 63.62 Preparing to unpack .../051-libmagic-mgc_1%3a5.45-3build1_amd64.deb ...
#7 63.62 Unpacking libmagic-mgc (1:5.45-3build1) ...
#7 63.66 Selecting previously unselected package libmagic1t64:amd64.
#7 63.66 Preparing to unpack .../052-libmagic1t64_1%3a5.45-3build1_amd64.deb ...
#7 63.67 Unpacking libmagic1t64:amd64 (1:5.45-3build1) ...
#7 63.69 Selecting previously unselected package file.
#7 63.69 Preparing to unpack .../053-file_1%3a5.45-3build1_amd64.deb ...
#7 63.69 Unpacking file (1:5.45-3build1) ...
#7 63.72 Selecting previously unselected package libnl-3-200:amd64.
#7 63.72 Preparing to unpack .../054-libnl-3-200_3.7.0-0.3build1.1_amd64.deb ...
#7 63.73 Unpacking libnl-3-200:amd64 (3.7.0-0.3build1.1) ...
#7 63.75 Selecting previously unselected package libnl-route-3-200:amd64.
#7 63.75 Preparing to unpack .../055-libnl-route-3-200_3.7.0-0.3build1.1_amd64.deb ...
#7 63.76 Unpacking libnl-route-3-200:amd64 (3.7.0-0.3build1.1) ...
#7 63.78 Selecting previously unselected package libibverbs1:amd64.
#7 63.78 Preparing to unpack .../056-libibverbs1_50.0-2ubuntu0.2_amd64.deb ...
#7 63.78 Unpacking libibverbs1:amd64 (50.0-2ubuntu0.2) ...
#7 63.81 Selecting previously unselected package ibverbs-providers:amd64.
#7 63.81 Preparing to unpack .../057-ibverbs-providers_50.0-2ubuntu0.2_amd64.deb ...
#7 63.82 Unpacking ibverbs-providers:amd64 (50.0-2ubuntu0.2) ...
#7 63.85 Selecting previously unselected package libcbor0.10:amd64.
#7 63.85 Preparing to unpack .../058-libcbor0.10_0.10.2-1.2ubuntu2_amd64.deb ...
#7 63.85 Unpacking libcbor0.10:amd64 (0.10.2-1.2ubuntu2) ...
#7 63.87 Selecting previously unselected package libdrm-common.
#7 63.87 Preparing to unpack .../059-libdrm-common_2.4.125-1ubuntu0.1~24.04.1_all.deb ...
#7 63.88 Unpacking libdrm-common (2.4.125-1ubuntu0.1~24.04.1) ...
#7 63.90 Selecting previously unselected package libdrm2:amd64.
#7 63.90 Preparing to unpack .../060-libdrm2_2.4.125-1ubuntu0.1~24.04.1_amd64.deb ...
#7 63.90 Unpacking libdrm2:amd64 (2.4.125-1ubuntu0.1~24.04.1) ...
#7 63.92 Selecting previously unselected package libedit2:amd64.
#7 63.93 Preparing to unpack .../061-libedit2_3.1-20230828-1build1_amd64.deb ...
#7 63.93 Unpacking libedit2:amd64 (3.1-20230828-1build1) ...
#7 63.95 Selecting previously unselected package libfido2-1:amd64.
#7 63.95 Preparing to unpack .../062-libfido2-1_1.14.0-1build3_amd64.deb ...
#7 63.96 Unpacking libfido2-1:amd64 (1.14.0-1build3) ...
#7 63.98 Selecting previously unselected package libfuse3-3:amd64.
#7 63.98 Preparing to unpack .../063-libfuse3-3_3.14.0-5build1_amd64.deb ...
#7 63.98 Unpacking libfuse3-3:amd64 (3.14.0-5build1) ...
#7 64.01 Selecting previously unselected package libgpm2:amd64.
#7 64.01 Preparing to unpack .../064-libgpm2_1.20.7-11_amd64.deb ...
#7 64.01 Unpacking libgpm2:amd64 (1.20.7-11) ...
#7 64.04 Selecting previously unselected package libjansson4:amd64.
#7 64.04 Preparing to unpack .../065-libjansson4_2.14-2build2_amd64.deb ...
#7 64.04 Unpacking libjansson4:amd64 (2.14-2build2) ...
#7 64.07 Selecting previously unselected package libncurses6:amd64.
#7 64.07 Preparing to unpack .../066-libncurses6_6.4+20240113-1ubuntu2_amd64.deb ...
#7 64.07 Unpacking libncurses6:amd64 (6.4+20240113-1ubuntu2) ...
#7 64.10 Selecting previously unselected package libnghttp2-14:amd64.
#7 64.10 Preparing to unpack .../067-libnghttp2-14_1.59.0-1ubuntu0.2_amd64.deb ...
#7 64.10 Unpacking libnghttp2-14:amd64 (1.59.0-1ubuntu0.2) ...
#7 64.13 Selecting previously unselected package libnuma1:amd64.
#7 64.13 Preparing to unpack .../068-libnuma1_2.0.18-1ubuntu0.24.04.1_amd64.deb ...
#7 64.13 Unpacking libnuma1:amd64 (2.0.18-1ubuntu0.24.04.1) ...
#7 64.16 Selecting previously unselected package libpcap0.8t64:amd64.
#7 64.16 Preparing to unpack .../069-libpcap0.8t64_1.10.4-4.1ubuntu3_amd64.deb ...
#7 64.16 Unpacking libpcap0.8t64:amd64 (1.10.4-4.1ubuntu3) ...
#7 64.18 Selecting previously unselected package libpng16-16t64:amd64.
#7 64.19 Preparing to unpack .../070-libpng16-16t64_1.6.43-5ubuntu0.5_amd64.deb ...
#7 64.19 Unpacking libpng16-16t64:amd64 (1.6.43-5ubuntu0.5) ...
#7 64.22 Selecting previously unselected package libpsl5t64:amd64.
#7 64.22 Preparing to unpack .../071-libpsl5t64_0.21.2-1.1build1_amd64.deb ...
#7 64.22 Unpacking libpsl5t64:amd64 (0.21.2-1.1build1) ...
#7 64.24 Selecting previously unselected package libsensors-config.
#7 64.24 Preparing to unpack .../072-libsensors-config_1%3a3.6.0-9build1_all.deb ...
#7 64.24 Unpacking libsensors-config (1:3.6.0-9build1) ...
#7 64.26 Selecting previously unselected package libsensors5:amd64.
#7 64.27 Preparing to unpack .../073-libsensors5_1%3a3.6.0-9build1_amd64.deb ...
#7 64.27 Unpacking libsensors5:amd64 (1:3.6.0-9build1) ...
#7 64.29 Selecting previously unselected package libusb-1.0-0:amd64.
#7 64.29 Preparing to unpack .../074-libusb-1.0-0_2%3a1.0.27-1_amd64.deb ...
#7 64.29 Unpacking libusb-1.0-0:amd64 (2:1.0.27-1) ...
#7 64.32 Selecting previously unselected package libxau6:amd64.
#7 64.32 Preparing to unpack .../075-libxau6_1%3a1.0.9-1build6_amd64.deb ...
#7 64.32 Unpacking libxau6:amd64 (1:1.0.9-1build6) ...
#7 64.34 Selecting previously unselected package libxdmcp6:amd64.
#7 64.34 Preparing to unpack .../076-libxdmcp6_1%3a1.1.3-0ubuntu6_amd64.deb ...
#7 64.35 Unpacking libxdmcp6:amd64 (1:1.1.3-0ubuntu6) ...
#7 64.37 Selecting previously unselected package libxcb1:amd64.
#7 64.37 Preparing to unpack .../077-libxcb1_1.15-1ubuntu2_amd64.deb ...
#7 64.37 Unpacking libxcb1:amd64 (1.15-1ubuntu2) ...
#7 64.39 Selecting previously unselected package libx11-data.
#7 64.39 Preparing to unpack .../078-libx11-data_2%3a1.8.7-1build1_all.deb ...
#7 64.40 Unpacking libx11-data (2:1.8.7-1build1) ...
#7 64.44 Selecting previously unselected package libx11-6:amd64.
#7 64.44 Preparing to unpack .../079-libx11-6_2%3a1.8.7-1build1_amd64.deb ...
#7 64.44 Unpacking libx11-6:amd64 (2:1.8.7-1build1) ...
#7 64.47 Selecting previously unselected package libxext6:amd64.
#7 64.47 Preparing to unpack .../080-libxext6_2%3a1.3.4-1build2_amd64.deb ...
#7 64.47 Unpacking libxext6:amd64 (2:1.3.4-1build2) ...
#7 64.50 Selecting previously unselected package libxkbcommon0:amd64.
#7 64.50 Preparing to unpack .../081-libxkbcommon0_1.6.0-1build1_amd64.deb ...
#7 64.50 Unpacking libxkbcommon0:amd64 (1.6.0-1build1) ...
#7 64.53 Selecting previously unselected package libxmuu1:amd64.
#7 64.53 Preparing to unpack .../082-libxmuu1_2%3a1.1.3-3build2_amd64.deb ...
#7 64.53 Unpacking libxmuu1:amd64 (2:1.1.3-3build2) ...
#7 64.55 Selecting previously unselected package manpages.
#7 64.56 Preparing to unpack .../083-manpages_6.7-2_all.deb ...
#7 64.56 Unpacking manpages (6.7-2) ...
#7 64.61 Selecting previously unselected package openssh-client.
#7 64.61 Preparing to unpack .../084-openssh-client_1%3a9.6p1-3ubuntu13.15_amd64.deb ...
#7 64.61 Unpacking openssh-client (1:9.6p1-3ubuntu13.15) ...
#7 64.65 Selecting previously unselected package publicsuffix.
#7 64.65 Preparing to unpack .../085-publicsuffix_20231001.0357-0.1_all.deb ...
#7 64.65 Unpacking publicsuffix (20231001.0357-0.1) ...
#7 64.67 Selecting previously unselected package xauth.
#7 64.67 Preparing to unpack .../086-xauth_1%3a1.1.2-1build1_amd64.deb ...
#7 64.68 Unpacking xauth (1:1.1.2-1build1) ...
#7 64.70 Selecting previously unselected package acl.
#7 64.70 Preparing to unpack .../087-acl_2.3.2-1build1.1_amd64.deb ...
#7 64.71 Unpacking acl (2.3.2-1build1.1) ...
#7 64.73 Selecting previously unselected package libgdk-pixbuf2.0-common.
#7 64.73 Preparing to unpack .../088-libgdk-pixbuf2.0-common_2.42.10+dfsg-3ubuntu3.2_all.deb ...
#7 64.73 Unpacking libgdk-pixbuf2.0-common (2.42.10+dfsg-3ubuntu3.2) ...
#7 64.75 Selecting previously unselected package libjpeg-turbo8:amd64.
#7 64.75 Preparing to unpack .../089-libjpeg-turbo8_2.1.5-2ubuntu2_amd64.deb ...
#7 64.75 Unpacking libjpeg-turbo8:amd64 (2.1.5-2ubuntu2) ...
#7 64.77 Selecting previously unselected package libjpeg8:amd64.
#7 64.77 Preparing to unpack .../090-libjpeg8_8c-2ubuntu11_amd64.deb ...
#7 64.78 Unpacking libjpeg8:amd64 (8c-2ubuntu11) ...
#7 64.80 Selecting previously unselected package libdeflate0:amd64.
#7 64.80 Preparing to unpack .../091-libdeflate0_1.19-1build1.1_amd64.deb ...
#7 64.80 Unpacking libdeflate0:amd64 (1.19-1build1.1) ...
#7 64.82 Selecting previously unselected package libjbig0:amd64.
#7 64.82 Preparing to unpack .../092-libjbig0_2.1-6.1ubuntu2_amd64.deb ...
#7 64.83 Unpacking libjbig0:amd64 (2.1-6.1ubuntu2) ...
#7 64.85 Selecting previously unselected package liblerc4:amd64.
#7 64.85 Preparing to unpack .../093-liblerc4_4.0.0+ds-4ubuntu2_amd64.deb ...
#7 64.85 Unpacking liblerc4:amd64 (4.0.0+ds-4ubuntu2) ...
#7 64.88 Selecting previously unselected package libsharpyuv0:amd64.
#7 64.88 Preparing to unpack .../094-libsharpyuv0_1.3.2-0.4build3_amd64.deb ...
#7 64.88 Unpacking libsharpyuv0:amd64 (1.3.2-0.4build3) ...
#7 64.90 Selecting previously unselected package libwebp7:amd64.
#7 64.90 Preparing to unpack .../095-libwebp7_1.3.2-0.4build3_amd64.deb ...
#7 64.91 Unpacking libwebp7:amd64 (1.3.2-0.4build3) ...
#7 64.93 Selecting previously unselected package libtiff6:amd64.
#7 64.93 Preparing to unpack .../096-libtiff6_4.5.1+git230720-4ubuntu2.5_amd64.deb ...
#7 64.94 Unpacking libtiff6:amd64 (4.5.1+git230720-4ubuntu2.5) ...
#7 64.97 Selecting previously unselected package libgdk-pixbuf-2.0-0:amd64.
#7 64.97 Preparing to unpack .../097-libgdk-pixbuf-2.0-0_2.42.10+dfsg-3ubuntu3.2_amd64.deb ...
#7 64.97 Unpacking libgdk-pixbuf-2.0-0:amd64 (2.42.10+dfsg-3ubuntu3.2) ...
#7 65.00 Selecting previously unselected package gtk-update-icon-cache.
#7 65.00 Preparing to unpack .../098-gtk-update-icon-cache_3.24.41-4ubuntu1.3_amd64.deb ...
#7 65.00 Unpacking gtk-update-icon-cache (3.24.41-4ubuntu1.3) ...
#7 65.03 Selecting previously unselected package hicolor-icon-theme.
#7 65.03 Preparing to unpack .../099-hicolor-icon-theme_0.17-2_all.deb ...
#7 65.03 Unpacking hicolor-icon-theme (0.17-2) ...
#7 65.09 Selecting previously unselected package humanity-icon-theme.
#7 65.09 Preparing to unpack .../100-humanity-icon-theme_0.6.16_all.deb ...
#7 65.09 Unpacking humanity-icon-theme (0.6.16) ...
#7 65.72 Selecting previously unselected package ubuntu-mono.
#7 65.72 Preparing to unpack .../101-ubuntu-mono_24.04-0ubuntu1_all.deb ...
#7 65.72 Unpacking ubuntu-mono (24.04-0ubuntu1) ...
#7 66.01 Selecting previously unselected package adwaita-icon-theme.
#7 66.01 Preparing to unpack .../102-adwaita-icon-theme_46.0-1_all.deb ...
#7 66.01 Unpacking adwaita-icon-theme (46.0-1) ...
#7 66.11 Selecting previously unselected package alsa-topology-conf.
#7 66.11 Preparing to unpack .../103-alsa-topology-conf_1.2.5.1-2_all.deb ...
#7 66.12 Unpacking alsa-topology-conf (1.2.5.1-2) ...
#7 66.14 Selecting previously unselected package libasound2-data.
#7 66.14 Preparing to unpack .../104-libasound2-data_1.2.11-1ubuntu0.2_all.deb ...
#7 66.14 Unpacking libasound2-data (1.2.11-1ubuntu0.2) ...
#7 66.17 Selecting previously unselected package libasound2t64:amd64.
#7 66.17 Preparing to unpack .../105-libasound2t64_1.2.11-1ubuntu0.2_amd64.deb ...
#7 66.18 Unpacking libasound2t64:amd64 (1.2.11-1ubuntu0.2) ...
#7 66.20 Selecting previously unselected package alsa-ucm-conf.
#7 66.20 Preparing to unpack .../106-alsa-ucm-conf_1.2.10-1ubuntu5.10_all.deb ...
#7 66.20 Unpacking alsa-ucm-conf (1.2.10-1ubuntu5.10) ...
#7 66.27 Selecting previously unselected package at-spi2-common.
#7 66.27 Preparing to unpack .../107-at-spi2-common_2.52.0-1build1_all.deb ...
#7 66.28 Unpacking at-spi2-common (2.52.0-1build1) ...
#7 66.30 Selecting previously unselected package libxi6:amd64.
#7 66.30 Preparing to unpack .../108-libxi6_2%3a1.8.1-1build1_amd64.deb ...
#7 66.30 Unpacking libxi6:amd64 (2:1.8.1-1build1) ...
#7 66.33 Selecting previously unselected package libatspi2.0-0t64:amd64.
#7 66.33 Preparing to unpack .../109-libatspi2.0-0t64_2.52.0-1build1_amd64.deb ...
#7 66.33 Unpacking libatspi2.0-0t64:amd64 (2.52.0-1build1) ...
#7 66.36 Selecting previously unselected package x11-common.
#7 66.36 Preparing to unpack .../110-x11-common_1%3a7.7+23ubuntu3_all.deb ...
#7 66.37 Unpacking x11-common (1:7.7+23ubuntu3) ...
#7 66.39 Selecting previously unselected package libxtst6:amd64.
#7 66.39 Preparing to unpack .../111-libxtst6_2%3a1.2.3-1.1build1_amd64.deb ...
#7 66.40 Unpacking libxtst6:amd64 (2:1.2.3-1.1build1) ...
#7 66.42 Selecting previously unselected package libdconf1:amd64.
#7 66.42 Preparing to unpack .../112-libdconf1_0.40.0-4ubuntu0.1_amd64.deb ...
#7 66.43 Unpacking libdconf1:amd64 (0.40.0-4ubuntu0.1) ...
#7 66.45 Selecting previously unselected package dconf-service.
#7 66.45 Preparing to unpack .../113-dconf-service_0.40.0-4ubuntu0.1_amd64.deb ...
#7 66.45 Unpacking dconf-service (0.40.0-4ubuntu0.1) ...
#7 66.48 Selecting previously unselected package dconf-gsettings-backend:amd64.
#7 66.48 Preparing to unpack .../114-dconf-gsettings-backend_0.40.0-4ubuntu0.1_amd64.deb ...
#7 66.48 Unpacking dconf-gsettings-backend:amd64 (0.40.0-4ubuntu0.1) ...
#7 66.50 Selecting previously unselected package session-migration.
#7 66.50 Preparing to unpack .../115-session-migration_0.3.9build1_amd64.deb ...
#7 66.51 Unpacking session-migration (0.3.9build1) ...
#7 66.53 Selecting previously unselected package gsettings-desktop-schemas.
#7 66.53 Preparing to unpack .../116-gsettings-desktop-schemas_46.1-0ubuntu1_all.deb ...
#7 66.54 Unpacking gsettings-desktop-schemas (46.1-0ubuntu1) ...
#7 66.56 Selecting previously unselected package at-spi2-core.
#7 66.56 Preparing to unpack .../117-at-spi2-core_2.52.0-1build1_amd64.deb ...
#7 66.57 Unpacking at-spi2-core (2.52.0-1build1) ...
#7 66.61 Selecting previously unselected package bc.
#7 66.61 Preparing to unpack .../118-bc_1.07.1-3ubuntu4_amd64.deb ...
#7 66.62 Unpacking bc (1.07.1-3ubuntu4) ...
#7 66.64 Selecting previously unselected package binutils-common:amd64.
#7 66.64 Preparing to unpack .../119-binutils-common_2.42-4ubuntu2.10_amd64.deb ...
#7 66.64 Unpacking binutils-common:amd64 (2.42-4ubuntu2.10) ...
#7 66.67 Selecting previously unselected package libsframe1:amd64.
#7 66.67 Preparing to unpack .../120-libsframe1_2.42-4ubuntu2.10_amd64.deb ...
#7 66.67 Unpacking libsframe1:amd64 (2.42-4ubuntu2.10) ...
#7 66.69 Selecting previously unselected package libbinutils:amd64.
#7 66.69 Preparing to unpack .../121-libbinutils_2.42-4ubuntu2.10_amd64.deb ...
#7 66.70 Unpacking libbinutils:amd64 (2.42-4ubuntu2.10) ...
#7 66.72 Selecting previously unselected package libctf-nobfd0:amd64.
#7 66.73 Preparing to unpack .../122-libctf-nobfd0_2.42-4ubuntu2.10_amd64.deb ...
#7 66.73 Unpacking libctf-nobfd0:amd64 (2.42-4ubuntu2.10) ...
#7 66.75 Selecting previously unselected package libctf0:amd64.
#7 66.75 Preparing to unpack .../123-libctf0_2.42-4ubuntu2.10_amd64.deb ...
#7 66.76 Unpacking libctf0:amd64 (2.42-4ubuntu2.10) ...
#7 66.78 Selecting previously unselected package libgprofng0:amd64.
#7 66.78 Preparing to unpack .../124-libgprofng0_2.42-4ubuntu2.10_amd64.deb ...
#7 66.79 Unpacking libgprofng0:amd64 (2.42-4ubuntu2.10) ...
#7 66.82 Selecting previously unselected package binutils-x86-64-linux-gnu.
#7 66.82 Preparing to unpack .../125-binutils-x86-64-linux-gnu_2.42-4ubuntu2.10_amd64.deb ...
#7 66.82 Unpacking binutils-x86-64-linux-gnu (2.42-4ubuntu2.10) ...
#7 66.88 Selecting previously unselected package binutils.
#7 66.88 Preparing to unpack .../126-binutils_2.42-4ubuntu2.10_amd64.deb ...
#7 66.88 Unpacking binutils (2.42-4ubuntu2.10) ...
#7 66.91 Selecting previously unselected package bison.
#7 66.91 Preparing to unpack .../127-bison_2%3a3.8.2+dfsg-1build2_amd64.deb ...
#7 66.91 Unpacking bison (2:3.8.2+dfsg-1build2) ...
#7 66.95 Selecting previously unselected package libtcl8.6:amd64.
#7 66.95 Preparing to unpack .../128-libtcl8.6_8.6.14+dfsg-1build1_amd64.deb ...
#7 66.95 Unpacking libtcl8.6:amd64 (8.6.14+dfsg-1build1) ...
#7 67.00 Selecting previously unselected package libbrotli1:amd64.
#7 67.00 Preparing to unpack .../129-libbrotli1_1.1.0-2build2_amd64.deb ...
#7 67.01 Unpacking libbrotli1:amd64 (1.1.0-2build2) ...
#7 67.04 Selecting previously unselected package libfreetype6:amd64.
#7 67.04 Preparing to unpack .../130-libfreetype6_2.13.2+dfsg-1ubuntu0.1_amd64.deb ...
#7 67.04 Unpacking libfreetype6:amd64 (2.13.2+dfsg-1ubuntu0.1) ...
#7 67.07 Selecting previously unselected package fonts-dejavu-mono.
#7 67.07 Preparing to unpack .../131-fonts-dejavu-mono_2.37-8_all.deb ...
#7 67.07 Unpacking fonts-dejavu-mono (2.37-8) ...
#7 67.11 Selecting previously unselected package fonts-dejavu-core.
#7 67.11 Preparing to unpack .../132-fonts-dejavu-core_2.37-8_all.deb ...
#7 67.12 Unpacking fonts-dejavu-core (2.37-8) ...
#7 67.17 Selecting previously unselected package fontconfig-config.
#7 67.17 Preparing to unpack .../133-fontconfig-config_2.15.0-1.1ubuntu2_amd64.deb ...
#7 67.26 Unpacking fontconfig-config (2.15.0-1.1ubuntu2) ...
#7 67.29 Selecting previously unselected package libfontconfig1:amd64.
#7 67.29 Preparing to unpack .../134-libfontconfig1_2.15.0-1.1ubuntu2_amd64.deb ...
#7 67.29 Unpacking libfontconfig1:amd64 (2.15.0-1.1ubuntu2) ...
#7 67.32 Selecting previously unselected package libxrender1:amd64.
#7 67.32 Preparing to unpack .../135-libxrender1_1%3a0.9.10-1.1build1_amd64.deb ...
#7 67.32 Unpacking libxrender1:amd64 (1:0.9.10-1.1build1) ...
#7 67.35 Selecting previously unselected package libxft2:amd64.
#7 67.35 Preparing to unpack .../136-libxft2_2.3.6-1build1_amd64.deb ...
#7 67.35 Unpacking libxft2:amd64 (2.3.6-1build1) ...
#7 67.38 Selecting previously unselected package libxss1:amd64.
#7 67.38 Preparing to unpack .../137-libxss1_1%3a1.2.3-1build3_amd64.deb ...
#7 67.38 Unpacking libxss1:amd64 (1:1.2.3-1build3) ...
#7 67.41 Selecting previously unselected package libtk8.6:amd64.
#7 67.41 Preparing to unpack .../138-libtk8.6_8.6.14-1build1_amd64.deb ...
#7 67.41 Unpacking libtk8.6:amd64 (8.6.14-1build1) ...
#7 67.45 Selecting previously unselected package tk8.6-blt2.5.
#7 67.45 Preparing to unpack .../139-tk8.6-blt2.5_2.5.3+dfsg-7build1_amd64.deb ...
#7 67.45 Unpacking tk8.6-blt2.5 (2.5.3+dfsg-7build1) ...
#7 67.48 Selecting previously unselected package blt.
#7 67.48 Preparing to unpack .../140-blt_2.5.3+dfsg-7build1_amd64.deb ...
#7 67.49 Unpacking blt (2.5.3+dfsg-7build1) ...
#7 67.51 Selecting previously unselected package gcc-13-base:amd64.
#7 67.51 Preparing to unpack .../141-gcc-13-base_13.3.0-6ubuntu2~24.04.1_amd64.deb ...
#7 67.51 Unpacking gcc-13-base:amd64 (13.3.0-6ubuntu2~24.04.1) ...
#7 67.54 Selecting previously unselected package libisl23:amd64.
#7 67.54 Preparing to unpack .../142-libisl23_0.26-3build1.1_amd64.deb ...
#7 67.54 Unpacking libisl23:amd64 (0.26-3build1.1) ...
#7 67.57 Selecting previously unselected package libmpfr6:amd64.
#7 67.57 Preparing to unpack .../143-libmpfr6_4.2.1-1build1.1_amd64.deb ...
#7 67.57 Unpacking libmpfr6:amd64 (4.2.1-1build1.1) ...
#7 67.60 Selecting previously unselected package libmpc3:amd64.
#7 67.60 Preparing to unpack .../144-libmpc3_1.3.1-1build1.1_amd64.deb ...
#7 67.60 Unpacking libmpc3:amd64 (1.3.1-1build1.1) ...
#7 67.62 Selecting previously unselected package cpp-13-x86-64-linux-gnu.
#7 67.62 Preparing to unpack .../145-cpp-13-x86-64-linux-gnu_13.3.0-6ubuntu2~24.04.1_amd64.deb ...
#7 67.62 Unpacking cpp-13-x86-64-linux-gnu (13.3.0-6ubuntu2~24.04.1) ...
#7 67.71 Selecting previously unselected package cpp-13.
#7 67.71 Preparing to unpack .../146-cpp-13_13.3.0-6ubuntu2~24.04.1_amd64.deb ...
#7 67.71 Unpacking cpp-13 (13.3.0-6ubuntu2~24.04.1) ...
#7 67.73 Selecting previously unselected package cpp-x86-64-linux-gnu.
#7 67.73 Preparing to unpack .../147-cpp-x86-64-linux-gnu_4%3a13.2.0-7ubuntu1_amd64.deb ...
#7 67.74 Unpacking cpp-x86-64-linux-gnu (4:13.2.0-7ubuntu1) ...
#7 67.76 Selecting previously unselected package cpp.
#7 67.76 Preparing to unpack .../148-cpp_4%3a13.2.0-7ubuntu1_amd64.deb ...
#7 67.77 Unpacking cpp (4:13.2.0-7ubuntu1) ...
#7 67.79 Selecting previously unselected package msr-tools.
#7 67.79 Preparing to unpack .../149-msr-tools_1.3-5build1_amd64.deb ...
#7 67.79 Unpacking msr-tools (1.3-5build1) ...
#7 67.81 Selecting previously unselected package cpu-checker.
#7 67.81 Preparing to unpack .../150-cpu-checker_0.7-1.3build2_amd64.deb ...
#7 67.82 Unpacking cpu-checker (0.7-1.3build2) ...
#7 67.84 Selecting previously unselected package libdw1t64:amd64.
#7 67.84 Preparing to unpack .../151-libdw1t64_0.190-1.1ubuntu0.1_amd64.deb ...
#7 67.85 Unpacking libdw1t64:amd64 (0.190-1.1ubuntu0.1) ...
#7 67.87 Selecting previously unselected package libasm1t64:amd64.
#7 67.87 Preparing to unpack .../152-libasm1t64_0.190-1.1ubuntu0.1_amd64.deb ...
#7 67.88 Unpacking libasm1t64:amd64 (0.190-1.1ubuntu0.1) ...
#7 67.90 Selecting previously unselected package elfutils.
#7 67.90 Preparing to unpack .../153-elfutils_0.190-1.1ubuntu0.1_amd64.deb ...
#7 67.90 Unpacking elfutils (0.190-1.1ubuntu0.1) ...
#7 67.94 Selecting previously unselected package fontconfig.
#7 67.94 Preparing to unpack .../154-fontconfig_2.15.0-1.1ubuntu2_amd64.deb ...
#7 67.94 Unpacking fontconfig (2.15.0-1.1ubuntu2) ...
#7 67.97 Selecting previously unselected package fonts-lyx.
#7 67.97 Preparing to unpack .../155-fonts-lyx_2.4.0~RC3-1build4_all.deb ...
#7 67.97 Unpacking fonts-lyx (2.4.0~RC3-1build4) ...
#7 68.00 Selecting previously unselected package libcc1-0:amd64.
#7 68.00 Preparing to unpack .../156-libcc1-0_14.2.0-4ubuntu2~24.04.1_amd64.deb ...
#7 68.00 Unpacking libcc1-0:amd64 (14.2.0-4ubuntu2~24.04.1) ...
#7 68.03 Selecting previously unselected package libgomp1:amd64.
#7 68.03 Preparing to unpack .../157-libgomp1_14.2.0-4ubuntu2~24.04.1_amd64.deb ...
#7 68.03 Unpacking libgomp1:amd64 (14.2.0-4ubuntu2~24.04.1) ...
#7 68.06 Selecting previously unselected package libitm1:amd64.
#7 68.06 Preparing to unpack .../158-libitm1_14.2.0-4ubuntu2~24.04.1_amd64.deb ...
#7 68.06 Unpacking libitm1:amd64 (14.2.0-4ubuntu2~24.04.1) ...
#7 68.09 Selecting previously unselected package libatomic1:amd64.
#7 68.09 Preparing to unpack .../159-libatomic1_14.2.0-4ubuntu2~24.04.1_amd64.deb ...
#7 68.10 Unpacking libatomic1:amd64 (14.2.0-4ubuntu2~24.04.1) ...
#7 68.12 Selecting previously unselected package libasan8:amd64.
#7 68.12 Preparing to unpack .../160-libasan8_14.2.0-4ubuntu2~24.04.1_amd64.deb ...
#7 68.12 Unpacking libasan8:amd64 (14.2.0-4ubuntu2~24.04.1) ...
#7 68.17 Selecting previously unselected package liblsan0:amd64.
#7 68.17 Preparing to unpack .../161-liblsan0_14.2.0-4ubuntu2~24.04.1_amd64.deb ...
#7 68.18 Unpacking liblsan0:amd64 (14.2.0-4ubuntu2~24.04.1) ...
#7 68.21 Selecting previously unselected package libtsan2:amd64.
#7 68.21 Preparing to unpack .../162-libtsan2_14.2.0-4ubuntu2~24.04.1_amd64.deb ...
#7 68.21 Unpacking libtsan2:amd64 (14.2.0-4ubuntu2~24.04.1) ...
#7 68.26 Selecting previously unselected package libubsan1:amd64.
#7 68.26 Preparing to unpack .../163-libubsan1_14.2.0-4ubuntu2~24.04.1_amd64.deb ...
#7 68.26 Unpacking libubsan1:amd64 (14.2.0-4ubuntu2~24.04.1) ...
#7 68.29 Selecting previously unselected package libhwasan0:amd64.
#7 68.29 Preparing to unpack .../164-libhwasan0_14.2.0-4ubuntu2~24.04.1_amd64.deb ...
#7 68.30 Unpacking libhwasan0:amd64 (14.2.0-4ubuntu2~24.04.1) ...
#7 68.33 Selecting previously unselected package libquadmath0:amd64.
#7 68.33 Preparing to unpack .../165-libquadmath0_14.2.0-4ubuntu2~24.04.1_amd64.deb ...
#7 68.34 Unpacking libquadmath0:amd64 (14.2.0-4ubuntu2~24.04.1) ...
#7 68.36 Selecting previously unselected package libgcc-13-dev:amd64.
#7 68.36 Preparing to unpack .../166-libgcc-13-dev_13.3.0-6ubuntu2~24.04.1_amd64.deb ...
#7 68.36 Unpacking libgcc-13-dev:amd64 (13.3.0-6ubuntu2~24.04.1) ...
#7 68.42 Selecting previously unselected package gcc-13-x86-64-linux-gnu.
#7 68.43 Preparing to unpack .../167-gcc-13-x86-64-linux-gnu_13.3.0-6ubuntu2~24.04.1_amd64.deb ...
#7 68.44 Unpacking gcc-13-x86-64-linux-gnu (13.3.0-6ubuntu2~24.04.1) ...
#7 68.60 Selecting previously unselected package gcc-13.
#7 68.60 Preparing to unpack .../168-gcc-13_13.3.0-6ubuntu2~24.04.1_amd64.deb ...
#7 68.60 Unpacking gcc-13 (13.3.0-6ubuntu2~24.04.1) ...
#7 68.63 Selecting previously unselected package gcc-x86-64-linux-gnu.
#7 68.63 Preparing to unpack .../169-gcc-x86-64-linux-gnu_4%3a13.2.0-7ubuntu1_amd64.deb ...
#7 68.63 Unpacking gcc-x86-64-linux-gnu (4:13.2.0-7ubuntu1) ...
#7 68.66 Selecting previously unselected package gcc.
#7 68.66 Preparing to unpack .../170-gcc_4%3a13.2.0-7ubuntu1_amd64.deb ...
#7 68.66 Unpacking gcc (4:13.2.0-7ubuntu1) ...
#7 68.68 Selecting previously unselected package libc-dev-bin.
#7 68.69 Preparing to unpack .../171-libc-dev-bin_2.39-0ubuntu8.7_amd64.deb ...
#7 68.69 Unpacking libc-dev-bin (2.39-0ubuntu8.7) ...
#7 68.71 Selecting previously unselected package linux-libc-dev:amd64.
#7 68.71 Preparing to unpack .../172-linux-libc-dev_6.8.0-106.106_amd64.deb ...
#7 68.71 Unpacking linux-libc-dev:amd64 (6.8.0-106.106) ...
#7 68.83 Selecting previously unselected package libcrypt-dev:amd64.
#7 68.84 Preparing to unpack .../173-libcrypt-dev_1%3a4.4.36-4build1_amd64.deb ...
#7 68.84 Unpacking libcrypt-dev:amd64 (1:4.4.36-4build1) ...
#7 68.87 Selecting previously unselected package rpcsvc-proto.
#7 68.87 Preparing to unpack .../174-rpcsvc-proto_1.4.2-0ubuntu7_amd64.deb ...
#7 68.87 Unpacking rpcsvc-proto (1.4.2-0ubuntu7) ...
#7 68.90 Selecting previously unselected package libc6-dev:amd64.
#7 68.90 Preparing to unpack .../175-libc6-dev_2.39-0ubuntu8.7_amd64.deb ...
#7 68.90 Unpacking libc6-dev:amd64 (2.39-0ubuntu8.7) ...
#7 68.99 Selecting previously unselected package libstdc++-13-dev:amd64.
#7 68.99 Preparing to unpack .../176-libstdc++-13-dev_13.3.0-6ubuntu2~24.04.1_amd64.deb ...
#7 68.99 Unpacking libstdc++-13-dev:amd64 (13.3.0-6ubuntu2~24.04.1) ...
#7 69.12 Selecting previously unselected package g++-13-x86-64-linux-gnu.
#7 69.12 Preparing to unpack .../177-g++-13-x86-64-linux-gnu_13.3.0-6ubuntu2~24.04.1_amd64.deb ...
#7 69.12 Unpacking g++-13-x86-64-linux-gnu (13.3.0-6ubuntu2~24.04.1) ...
#7 69.22 Selecting previously unselected package g++-13.
#7 69.22 Preparing to unpack .../178-g++-13_13.3.0-6ubuntu2~24.04.1_amd64.deb ...
#7 69.22 Unpacking g++-13 (13.3.0-6ubuntu2~24.04.1) ...
#7 69.24 Selecting previously unselected package g++-x86-64-linux-gnu.
#7 69.24 Preparing to unpack .../179-g++-x86-64-linux-gnu_4%3a13.2.0-7ubuntu1_amd64.deb ...
#7 69.24 Unpacking g++-x86-64-linux-gnu (4:13.2.0-7ubuntu1) ...
#7 69.26 Selecting previously unselected package g++.
#7 69.27 Preparing to unpack .../180-g++_4%3a13.2.0-7ubuntu1_amd64.deb ...
#7 69.27 Unpacking g++ (4:13.2.0-7ubuntu1) ...
#7 69.29 Selecting previously unselected package libsasl2-modules-db:amd64.
#7 69.29 Preparing to unpack .../181-libsasl2-modules-db_2.1.28+dfsg1-5ubuntu3.1_amd64.deb ...
#7 69.29 Unpacking libsasl2-modules-db:amd64 (2.1.28+dfsg1-5ubuntu3.1) ...
#7 69.31 Selecting previously unselected package libsasl2-2:amd64.
#7 69.32 Preparing to unpack .../182-libsasl2-2_2.1.28+dfsg1-5ubuntu3.1_amd64.deb ...
#7 69.32 Unpacking libsasl2-2:amd64 (2.1.28+dfsg1-5ubuntu3.1) ...
#7 69.34 Selecting previously unselected package libldap2:amd64.
#7 69.34 Preparing to unpack .../183-libldap2_2.6.10+dfsg-0ubuntu0.24.04.1_amd64.deb ...
#7 69.35 Unpacking libldap2:amd64 (2.6.10+dfsg-0ubuntu0.24.04.1) ...
#7 69.37 Selecting previously unselected package librtmp1:amd64.
#7 69.37 Preparing to unpack .../184-librtmp1_2.4+20151223.gitfa8646d.1-2build7_amd64.deb ...
#7 69.38 Unpacking librtmp1:amd64 (2.4+20151223.gitfa8646d.1-2build7) ...
#7 69.40 Selecting previously unselected package libssh-4:amd64.
#7 69.40 Preparing to unpack .../185-libssh-4_0.10.6-2ubuntu0.4_amd64.deb ...
#7 69.41 Unpacking libssh-4:amd64 (0.10.6-2ubuntu0.4) ...
#7 69.43 Selecting previously unselected package libcurl3t64-gnutls:amd64.
#7 69.43 Preparing to unpack .../186-libcurl3t64-gnutls_8.5.0-2ubuntu10.8_amd64.deb ...
#7 69.44 Unpacking libcurl3t64-gnutls:amd64 (8.5.0-2ubuntu10.8) ...
#7 69.46 Selecting previously unselected package liberror-perl.
#7 69.46 Preparing to unpack .../187-liberror-perl_0.17029-2_all.deb ...
#7 69.46 Unpacking liberror-perl (0.17029-2) ...
#7 69.49 Selecting previously unselected package git-man.
#7 69.49 Preparing to unpack .../188-git-man_1%3a2.43.0-1ubuntu7.3_all.deb ...
#7 69.49 Unpacking git-man (1:2.43.0-1ubuntu7.3) ...
#7 69.52 Selecting previously unselected package git.
#7 69.53 Preparing to unpack .../189-git_1%3a2.43.0-1ubuntu7.3_amd64.deb ...
#7 69.53 Unpacking git (1:2.43.0-1ubuntu7.3) ...
#7 69.63 Selecting previously unselected package libduktape207:amd64.
#7 69.63 Preparing to unpack .../190-libduktape207_2.7.0+tests-0ubuntu3_amd64.deb ...
#7 69.63 Unpacking libduktape207:amd64 (2.7.0+tests-0ubuntu3) ...
#7 69.66 Selecting previously unselected package libproxy1v5:amd64.
#7 69.66 Preparing to unpack .../191-libproxy1v5_0.5.4-4build1_amd64.deb ...
#7 69.66 Unpacking libproxy1v5:amd64 (0.5.4-4build1) ...
#7 69.69 Selecting previously unselected package glib-networking-common.
#7 69.69 Preparing to unpack .../192-glib-networking-common_2.80.0-1build1_all.deb ...
#7 69.69 Unpacking glib-networking-common (2.80.0-1build1) ...
#7 69.71 Selecting previously unselected package glib-networking-services.
#7 69.71 Preparing to unpack .../193-glib-networking-services_2.80.0-1build1_amd64.deb ...
#7 69.72 Unpacking glib-networking-services (2.80.0-1build1) ...
#7 69.74 Selecting previously unselected package glib-networking:amd64.
#7 69.74 Preparing to unpack .../194-glib-networking_2.80.0-1build1_amd64.deb ...
#7 69.74 Unpacking glib-networking:amd64 (2.80.0-1build1) ...
#7 69.77 Selecting previously unselected package libcdparanoia0:amd64.
#7 69.77 Preparing to unpack .../195-libcdparanoia0_3.10.2+debian-14build3_amd64.deb ...
#7 69.77 Unpacking libcdparanoia0:amd64 (3.10.2+debian-14build3) ...
#7 69.79 Selecting previously unselected package libunwind8:amd64.
#7 69.79 Preparing to unpack .../196-libunwind8_1.6.2-3build1.1_amd64.deb ...
#7 69.80 Unpacking libunwind8:amd64 (1.6.2-3build1.1) ...
#7 69.82 Selecting previously unselected package libgstreamer1.0-0:amd64.
#7 69.82 Preparing to unpack .../197-libgstreamer1.0-0_1.24.2-1ubuntu0.1_amd64.deb ...
#7 69.83 Unpacking libgstreamer1.0-0:amd64 (1.24.2-1ubuntu0.1) ...
#7 69.86 Selecting previously unselected package liborc-0.4-0t64:amd64.
#7 69.86 Preparing to unpack .../198-liborc-0.4-0t64_1%3a0.4.38-1ubuntu0.1_amd64.deb ...
#7 69.86 Unpacking liborc-0.4-0t64:amd64 (1:0.4.38-1ubuntu0.1) ...
#7 69.89 Selecting previously unselected package libgstreamer-plugins-base1.0-0:amd64.
#7 69.89 Preparing to unpack .../199-libgstreamer-plugins-base1.0-0_1.24.2-1ubuntu0.4_amd64.deb ...
#7 69.89 Unpacking libgstreamer-plugins-base1.0-0:amd64 (1.24.2-1ubuntu0.4) ...
#7 69.92 Selecting previously unselected package libogg0:amd64.
#7 69.93 Preparing to unpack .../200-libogg0_1.3.5-3build1_amd64.deb ...
#7 69.93 Unpacking libogg0:amd64 (1.3.5-3build1) ...
#7 69.95 Selecting previously unselected package libopus0:amd64.
#7 69.95 Preparing to unpack .../201-libopus0_1.4-1build1_amd64.deb ...
#7 69.96 Unpacking libopus0:amd64 (1.4-1build1) ...
#7 69.98 Selecting previously unselected package libpixman-1-0:amd64.
#7 69.98 Preparing to unpack .../202-libpixman-1-0_0.42.2-1build1_amd64.deb ...
#7 69.99 Unpacking libpixman-1-0:amd64 (0.42.2-1build1) ...
#7 70.01 Selecting previously unselected package libxcb-render0:amd64.
#7 70.02 Preparing to unpack .../203-libxcb-render0_1.15-1ubuntu2_amd64.deb ...
#7 70.02 Unpacking libxcb-render0:amd64 (1.15-1ubuntu2) ...
#7 70.05 Selecting previously unselected package libxcb-shm0:amd64.
#7 70.05 Preparing to unpack .../204-libxcb-shm0_1.15-1ubuntu2_amd64.deb ...
#7 70.05 Unpacking libxcb-shm0:amd64 (1.15-1ubuntu2) ...
#7 70.07 Selecting previously unselected package libcairo2:amd64.
#7 70.08 Preparing to unpack .../205-libcairo2_1.18.0-3build1_amd64.deb ...
#7 70.08 Unpacking libcairo2:amd64 (1.18.0-3build1) ...
#7 70.11 Selecting previously unselected package libtheora0:amd64.
#7 70.11 Preparing to unpack .../206-libtheora0_1.1.1+dfsg.1-16.1build3_amd64.deb ...
#7 70.11 Unpacking libtheora0:amd64 (1.1.1+dfsg.1-16.1build3) ...
#7 70.14 Selecting previously unselected package libvisual-0.4-0:amd64.
#7 70.14 Preparing to unpack .../207-libvisual-0.4-0_0.4.2-2build1_amd64.deb ...
#7 70.15 Unpacking libvisual-0.4-0:amd64 (0.4.2-2build1) ...
#7 70.17 Selecting previously unselected package libvorbis0a:amd64.
#7 70.18 Preparing to unpack .../208-libvorbis0a_1.3.7-1build3_amd64.deb ...
#7 70.18 Unpacking libvorbis0a:amd64 (1.3.7-1build3) ...
#7 70.21 Selecting previously unselected package libvorbisenc2:amd64.
#7 70.21 Preparing to unpack .../209-libvorbisenc2_1.3.7-1build3_amd64.deb ...
#7 70.21 Unpacking libvorbisenc2:amd64 (1.3.7-1build3) ...
#7 70.24 Selecting previously unselected package gstreamer1.0-plugins-base:amd64.
#7 70.24 Preparing to unpack .../210-gstreamer1.0-plugins-base_1.24.2-1ubuntu0.4_amd64.deb ...
#7 70.24 Unpacking gstreamer1.0-plugins-base:amd64 (1.24.2-1ubuntu0.4) ...
#7 70.27 Selecting previously unselected package libaa1:amd64.
#7 70.27 Preparing to unpack .../211-libaa1_1.4p5-51.1_amd64.deb ...
#7 70.27 Unpacking libaa1:amd64 (1.4p5-51.1) ...
#7 70.30 Selecting previously unselected package libraw1394-11:amd64.
#7 70.30 Preparing to unpack .../212-libraw1394-11_2.1.2-2build3_amd64.deb ...
#7 70.30 Unpacking libraw1394-11:amd64 (2.1.2-2build3) ...
#7 70.32 Selecting previously unselected package libavc1394-0:amd64.
#7 70.33 Preparing to unpack .../213-libavc1394-0_0.5.4-5build3_amd64.deb ...
#7 70.33 Unpacking libavc1394-0:amd64 (0.5.4-5build3) ...
#7 70.35 Selecting previously unselected package libcaca0:amd64.
#7 70.35 Preparing to unpack .../214-libcaca0_0.99.beta20-4ubuntu0.1_amd64.deb ...
#7 70.35 Unpacking libcaca0:amd64 (0.99.beta20-4ubuntu0.1) ...
#7 70.38 Selecting previously unselected package libcairo-gobject2:amd64.
#7 70.38 Preparing to unpack .../215-libcairo-gobject2_1.18.0-3build1_amd64.deb ...
#7 70.39 Unpacking libcairo-gobject2:amd64 (1.18.0-3build1) ...
#7 70.41 Selecting previously unselected package libdv4t64:amd64.
#7 70.41 Preparing to unpack .../216-libdv4t64_1.0.0-17.1build1_amd64.deb ...
#7 70.41 Unpacking libdv4t64:amd64 (1.0.0-17.1build1) ...
#7 70.44 Selecting previously unselected package libflac12t64:amd64.
#7 70.44 Preparing to unpack .../217-libflac12t64_1.4.3+ds-2.1ubuntu2_amd64.deb ...
#7 70.44 Unpacking libflac12t64:amd64 (1.4.3+ds-2.1ubuntu2) ...
#7 70.47 Selecting previously unselected package libgstreamer-plugins-good1.0-0:amd64.
#7 70.47 Preparing to unpack .../218-libgstreamer-plugins-good1.0-0_1.24.2-1ubuntu1.3_amd64.deb ...
#7 70.47 Unpacking libgstreamer-plugins-good1.0-0:amd64 (1.24.2-1ubuntu1.3) ...
#7 70.50 Selecting previously unselected package libgudev-1.0-0:amd64.
#7 70.50 Preparing to unpack .../219-libgudev-1.0-0_1%3a238-5ubuntu1_amd64.deb ...
#7 70.50 Unpacking libgudev-1.0-0:amd64 (1:238-5ubuntu1) ...
#7 70.53 Selecting previously unselected package libiec61883-0:amd64.
#7 70.53 Preparing to unpack .../220-libiec61883-0_1.2.0-6build1_amd64.deb ...
#7 70.53 Unpacking libiec61883-0:amd64 (1.2.0-6build1) ...
#7 70.56 Selecting previously unselected package libmp3lame0:amd64.
#7 70.56 Preparing to unpack .../221-libmp3lame0_3.100-6build1_amd64.deb ...
#7 70.56 Unpacking libmp3lame0:amd64 (3.100-6build1) ...
#7 70.59 Selecting previously unselected package libmpg123-0t64:amd64.
#7 70.59 Preparing to unpack .../222-libmpg123-0t64_1.32.5-1ubuntu1.1_amd64.deb ...
#7 70.59 Unpacking libmpg123-0t64:amd64 (1.32.5-1ubuntu1.1) ...
#7 70.62 Selecting previously unselected package libasyncns0:amd64.
#7 70.62 Preparing to unpack .../223-libasyncns0_0.8-6build4_amd64.deb ...
#7 70.63 Unpacking libasyncns0:amd64 (0.8-6build4) ...
#7 70.65 Selecting previously unselected package libsndfile1:amd64.
#7 70.65 Preparing to unpack .../224-libsndfile1_1.2.2-1ubuntu5.24.04.1_amd64.deb ...
#7 70.66 Unpacking libsndfile1:amd64 (1.2.2-1ubuntu5.24.04.1) ...
#7 70.68 Selecting previously unselected package libx11-xcb1:amd64.
#7 70.68 Preparing to unpack .../225-libx11-xcb1_2%3a1.8.7-1build1_amd64.deb ...
#7 70.69 Unpacking libx11-xcb1:amd64 (2:1.8.7-1build1) ...
#7 70.72 Selecting previously unselected package libpulse0:amd64.
#7 70.72 Preparing to unpack .../226-libpulse0_1%3a16.1+dfsg1-2ubuntu10.1_amd64.deb ...
#7 70.73 Unpacking libpulse0:amd64 (1:16.1+dfsg1-2ubuntu10.1) ...
#7 70.76 Selecting previously unselected package libspeex1:amd64.
#7 70.76 Preparing to unpack .../227-libspeex1_1.2.1-2ubuntu2.24.04.1_amd64.deb ...
#7 70.76 Unpacking libspeex1:amd64 (1.2.1-2ubuntu2.24.04.1) ...
#7 70.78 Selecting previously unselected package libshout3:amd64.
#7 70.79 Preparing to unpack .../228-libshout3_2.4.6-1build2_amd64.deb ...
#7 70.79 Unpacking libshout3:amd64 (2.4.6-1build2) ...
#7 70.81 Selecting previously unselected package libtag1v5-vanilla:amd64.
#7 70.81 Preparing to unpack .../229-libtag1v5-vanilla_1.13.1-1build1_amd64.deb ...
#7 70.81 Unpacking libtag1v5-vanilla:amd64 (1.13.1-1build1) ...
#7 70.84 Selecting previously unselected package libtag1v5:amd64.
#7 70.84 Preparing to unpack .../230-libtag1v5_1.13.1-1build1_amd64.deb ...
#7 70.84 Unpacking libtag1v5:amd64 (1.13.1-1build1) ...
#7 70.87 Selecting previously unselected package libtwolame0:amd64.
#7 70.87 Preparing to unpack .../231-libtwolame0_0.4.0-2build3_amd64.deb ...
#7 70.87 Unpacking libtwolame0:amd64 (0.4.0-2build3) ...
#7 70.89 Selecting previously unselected package libv4lconvert0t64:amd64.
#7 70.90 Preparing to unpack .../232-libv4lconvert0t64_1.26.1-4build3_amd64.deb ...
#7 70.90 Unpacking libv4lconvert0t64:amd64 (1.26.1-4build3) ...
#7 70.93 Selecting previously unselected package libv4l-0t64:amd64.
#7 70.93 Preparing to unpack .../233-libv4l-0t64_1.26.1-4build3_amd64.deb ...
#7 70.93 Unpacking libv4l-0t64:amd64 (1.26.1-4build3) ...
#7 70.96 Selecting previously unselected package libvpx9:amd64.
#7 70.96 Preparing to unpack .../234-libvpx9_1.14.0-1ubuntu2.3_amd64.deb ...
#7 70.96 Unpacking libvpx9:amd64 (1.14.0-1ubuntu2.3) ...
#7 71.00 Selecting previously unselected package libwavpack1:amd64.
#7 71.00 Preparing to unpack .../235-libwavpack1_5.6.0-1build1_amd64.deb ...
#7 71.00 Unpacking libwavpack1:amd64 (5.6.0-1build1) ...
#7 71.03 Selecting previously unselected package libxdamage1:amd64.
#7 71.03 Preparing to unpack .../236-libxdamage1_1%3a1.1.6-1build1_amd64.deb ...
#7 71.03 Unpacking libxdamage1:amd64 (1:1.1.6-1build1) ...
#7 71.06 Selecting previously unselected package libxfixes3:amd64.
#7 71.06 Preparing to unpack .../237-libxfixes3_1%3a6.0.0-2build1_amd64.deb ...
#7 71.06 Unpacking libxfixes3:amd64 (1:6.0.0-2build1) ...
#7 71.08 Selecting previously unselected package libsoup-3.0-common.
#7 71.09 Preparing to unpack .../238-libsoup-3.0-common_3.4.4-5ubuntu0.7_all.deb ...
#7 71.09 Unpacking libsoup-3.0-common (3.4.4-5ubuntu0.7) ...
#7 71.11 Selecting previously unselected package libsoup-3.0-0:amd64.
#7 71.12 Preparing to unpack .../239-libsoup-3.0-0_3.4.4-5ubuntu0.7_amd64.deb ...
#7 71.12 Unpacking libsoup-3.0-0:amd64 (3.4.4-5ubuntu0.7) ...
#7 71.14 Selecting previously unselected package gstreamer1.0-plugins-good:amd64.
#7 71.15 Preparing to unpack .../240-gstreamer1.0-plugins-good_1.24.2-1ubuntu1.3_amd64.deb ...
#7 71.15 Unpacking gstreamer1.0-plugins-good:amd64 (1.24.2-1ubuntu1.3) ...
#7 71.20 Selecting previously unselected package libgraphite2-3:amd64.
#7 71.20 Preparing to unpack .../241-libgraphite2-3_1.3.14-2build1_amd64.deb ...
#7 71.20 Unpacking libgraphite2-3:amd64 (1.3.14-2build1) ...
#7 71.23 Selecting previously unselected package libharfbuzz0b:amd64.
#7 71.23 Preparing to unpack .../242-libharfbuzz0b_8.3.0-2build2_amd64.deb ...
#7 71.23 Unpacking libharfbuzz0b:amd64 (8.3.0-2build2) ...
#7 71.26 Selecting previously unselected package libthai-data.
#7 71.26 Preparing to unpack .../243-libthai-data_0.1.29-2build1_all.deb ...
#7 71.27 Unpacking libthai-data (0.1.29-2build1) ...
#7 71.29 Selecting previously unselected package libdatrie1:amd64.
#7 71.29 Preparing to unpack .../244-libdatrie1_0.2.13-3build1_amd64.deb ...
#7 71.30 Unpacking libdatrie1:amd64 (0.2.13-3build1) ...
#7 71.32 Selecting previously unselected package libthai0:amd64.
#7 71.32 Preparing to unpack .../245-libthai0_0.1.29-2build1_amd64.deb ...
#7 71.32 Unpacking libthai0:amd64 (0.1.29-2build1) ...
#7 71.35 Selecting previously unselected package libpango-1.0-0:amd64.
#7 71.35 Preparing to unpack .../246-libpango-1.0-0_1.52.1+ds-1build1_amd64.deb ...
#7 71.35 Unpacking libpango-1.0-0:amd64 (1.52.1+ds-1build1) ...
#7 71.38 Selecting previously unselected package libpangoft2-1.0-0:amd64.
#7 71.38 Preparing to unpack .../247-libpangoft2-1.0-0_1.52.1+ds-1build1_amd64.deb ...
#7 71.38 Unpacking libpangoft2-1.0-0:amd64 (1.52.1+ds-1build1) ...
#7 71.41 Selecting previously unselected package libpangocairo-1.0-0:amd64.
#7 71.41 Preparing to unpack .../248-libpangocairo-1.0-0_1.52.1+ds-1build1_amd64.deb ...
#7 71.41 Unpacking libpangocairo-1.0-0:amd64 (1.52.1+ds-1build1) ...
#7 71.43 Selecting previously unselected package libxv1:amd64.
#7 71.44 Preparing to unpack .../249-libxv1_2%3a1.0.11-1.1build1_amd64.deb ...
#7 71.44 Unpacking libxv1:amd64 (2:1.0.11-1.1build1) ...
#7 71.46 Selecting previously unselected package gstreamer1.0-x:amd64.
#7 71.46 Preparing to unpack .../250-gstreamer1.0-x_1.24.2-1ubuntu0.4_amd64.deb ...
#7 71.46 Unpacking gstreamer1.0-x:amd64 (1.24.2-1ubuntu0.4) ...
#7 71.50 Selecting previously unselected package ipxe-qemu.
#7 71.50 Preparing to unpack .../251-ipxe-qemu_1.21.1+git-20220113.fbbdc3926-0ubuntu2_all.deb ...
#7 71.50 Unpacking ipxe-qemu (1.21.1+git-20220113.fbbdc3926-0ubuntu2) ...
#7 71.53 Selecting previously unselected package ipxe-qemu-256k-compat-efi-roms.
#7 71.53 Preparing to unpack .../252-ipxe-qemu-256k-compat-efi-roms_1.0.0+git-20150424.a25a16d-0ubuntu5_all.deb ...
#7 71.54 Unpacking ipxe-qemu-256k-compat-efi-roms (1.0.0+git-20150424.a25a16d-0ubuntu5) ...
#7 71.56 Selecting previously unselected package python3-decorator.
#7 71.57 Preparing to unpack .../253-python3-decorator_5.1.1-5_all.deb ...
#7 71.57 Unpacking python3-decorator (5.1.1-5) ...
#7 71.59 Selecting previously unselected package python3-parso.
#7 71.60 Preparing to unpack .../254-python3-parso_0.8.3-1_all.deb ...
#7 71.60 Unpacking python3-parso (0.8.3-1) ...
#7 71.63 Selecting previously unselected package python3-typeshed.
#7 71.63 Preparing to unpack .../255-python3-typeshed_0.0~git20231111.6764465-3_all.deb ...
#7 71.63 Unpacking python3-typeshed (0.0~git20231111.6764465-3) ...
#7 72.03 Selecting previously unselected package python3-jedi.
#7 72.03 Preparing to unpack .../256-python3-jedi_0.19.1+ds1-1_all.deb ...
#7 72.03 Unpacking python3-jedi (0.19.1+ds1-1) ...
#7 72.25 Selecting previously unselected package python3-traitlets.
#7 72.26 Preparing to unpack .../257-python3-traitlets_5.5.0-2_all.deb ...
#7 72.26 Unpacking python3-traitlets (5.5.0-2) ...
#7 72.29 Selecting previously unselected package python3-matplotlib-inline.
#7 72.29 Preparing to unpack .../258-python3-matplotlib-inline_0.1.6-2_all.deb ...
#7 72.29 Unpacking python3-matplotlib-inline (0.1.6-2) ...
#7 72.31 Selecting previously unselected package python3-ptyprocess.
#7 72.31 Preparing to unpack .../259-python3-ptyprocess_0.7.0-5_all.deb ...
#7 72.32 Unpacking python3-ptyprocess (0.7.0-5) ...
#7 72.34 Selecting previously unselected package python3-pexpect.
#7 72.34 Preparing to unpack .../260-python3-pexpect_4.9-2_all.deb ...
#7 72.34 Unpacking python3-pexpect (4.9-2) ...
#7 72.37 Selecting previously unselected package python3-wcwidth.
#7 72.37 Preparing to unpack .../261-python3-wcwidth_0.2.5+dfsg1-1.1ubuntu1_all.deb ...
#7 72.37 Unpacking python3-wcwidth (0.2.5+dfsg1-1.1ubuntu1) ...
#7 72.40 Selecting previously unselected package python3-prompt-toolkit.
#7 72.40 Preparing to unpack .../262-python3-prompt-toolkit_3.0.43-1_all.deb ...
#7 72.40 Unpacking python3-prompt-toolkit (3.0.43-1) ...
#7 72.44 Selecting previously unselected package python3-six.
#7 72.44 Preparing to unpack .../263-python3-six_1.16.0-4_all.deb ...
#7 72.45 Unpacking python3-six (1.16.0-4) ...
#7 72.47 Selecting previously unselected package python3-asttokens.
#7 72.47 Preparing to unpack .../264-python3-asttokens_2.4.1-1_all.deb ...
#7 72.47 Unpacking python3-asttokens (2.4.1-1) ...
#7 72.50 Selecting previously unselected package python3-executing.
#7 72.50 Preparing to unpack .../265-python3-executing_2.0.1-0.1_all.deb ...
#7 72.50 Unpacking python3-executing (2.0.1-0.1) ...
#7 72.53 Selecting previously unselected package python3-pure-eval.
#7 72.53 Preparing to unpack .../266-python3-pure-eval_0.2.2-1_all.deb ...
#7 72.53 Unpacking python3-pure-eval (0.2.2-1) ...
#7 72.56 Selecting previously unselected package python3-stack-data.
#7 72.56 Preparing to unpack .../267-python3-stack-data_0.6.3-1_all.deb ...
#7 72.56 Unpacking python3-stack-data (0.6.3-1) ...
#7 72.59 Selecting previously unselected package python3-setuptools.
#7 72.59 Preparing to unpack .../268-python3-setuptools_68.1.2-2ubuntu1.2_all.deb ...
#7 72.60 Unpacking python3-setuptools (68.1.2-2ubuntu1.2) ...
#7 72.64 Selecting previously unselected package python3-ipython.
#7 72.64 Preparing to unpack .../269-python3-ipython_8.20.0-1_all.deb ...
#7 72.65 Unpacking python3-ipython (8.20.0-1) ...
#7 72.70 Selecting previously unselected package ipython3.
#7 72.70 Preparing to unpack .../270-ipython3_8.20.0-1_all.deb ...
#7 72.70 Unpacking ipython3 (8.20.0-1) ...
#7 72.73 Selecting previously unselected package isympy-common.
#7 72.73 Preparing to unpack .../271-isympy-common_1.12-7_all.deb ...
#7 72.73 Unpacking isympy-common (1.12-7) ...
#7 72.76 Selecting previously unselected package python3-mpmath.
#7 72.76 Preparing to unpack .../272-python3-mpmath_1.2.1-3_all.deb ...
#7 72.76 Unpacking python3-mpmath (1.2.1-3) ...
#7 72.80 Selecting previously unselected package python3-sympy.
#7 72.80 Preparing to unpack .../273-python3-sympy_1.12-7_all.deb ...
#7 72.81 Unpacking python3-sympy (1.12-7) ...
#7 73.00 Selecting previously unselected package isympy3.
#7 73.00 Preparing to unpack .../274-isympy3_1.12-7_all.deb ...
#7 73.00 Unpacking isympy3 (1.12-7) ...
#7 73.03 Selecting previously unselected package javascript-common.
#7 73.03 Preparing to unpack .../275-javascript-common_11+nmu1_all.deb ...
#7 73.04 Unpacking javascript-common (11+nmu1) ...
#7 73.06 Selecting previously unselected package libonig5:amd64.
#7 73.06 Preparing to unpack .../276-libonig5_6.9.9-1build1_amd64.deb ...
#7 73.07 Unpacking libonig5:amd64 (6.9.9-1build1) ...
#7 73.09 Selecting previously unselected package libjq1:amd64.
#7 73.10 Preparing to unpack .../277-libjq1_1.7.1-3ubuntu0.24.04.1_amd64.deb ...
#7 73.10 Unpacking libjq1:amd64 (1.7.1-3ubuntu0.24.04.1) ...
#7 73.12 Selecting previously unselected package jq.
#7 73.12 Preparing to unpack .../278-jq_1.7.1-3ubuntu0.24.04.1_amd64.deb ...
#7 73.13 Unpacking jq (1.7.1-3ubuntu0.24.04.1) ...
#7 73.15 Selecting previously unselected package libaio1t64:amd64.
#7 73.15 Preparing to unpack .../279-libaio1t64_0.3.113-6build1.1_amd64.deb ...
#7 73.15 Unpacking libaio1t64:amd64 (0.3.113-6build1.1) ...
#7 73.18 Selecting previously unselected package libaom3:amd64.
#7 73.18 Preparing to unpack .../280-libaom3_3.8.2-2ubuntu0.1_amd64.deb ...
#7 73.18 Unpacking libaom3:amd64 (3.8.2-2ubuntu0.1) ...
#7 73.23 Selecting previously unselected package libatk1.0-0t64:amd64.
#7 73.23 Preparing to unpack .../281-libatk1.0-0t64_2.52.0-1build1_amd64.deb ...
#7 73.23 Unpacking libatk1.0-0t64:amd64 (2.52.0-1build1) ...
#7 73.26 Selecting previously unselected package libatk-bridge2.0-0t64:amd64.
#7 73.26 Preparing to unpack .../282-libatk-bridge2.0-0t64_2.52.0-1build1_amd64.deb ...
#7 73.26 Unpacking libatk-bridge2.0-0t64:amd64 (2.52.0-1build1) ...
#7 73.28 Selecting previously unselected package libavahi-common-data:amd64.
#7 73.29 Preparing to unpack .../283-libavahi-common-data_0.8-13ubuntu6.1_amd64.deb ...
#7 73.29 Unpacking libavahi-common-data:amd64 (0.8-13ubuntu6.1) ...
#7 73.32 Selecting previously unselected package libavahi-common3:amd64.
#7 73.32 Preparing to unpack .../284-libavahi-common3_0.8-13ubuntu6.1_amd64.deb ...
#7 73.32 Unpacking libavahi-common3:amd64 (0.8-13ubuntu6.1) ...
#7 73.35 Selecting previously unselected package libavahi-client3:amd64.
#7 73.35 Preparing to unpack .../285-libavahi-client3_0.8-13ubuntu6.1_amd64.deb ...
#7 73.35 Unpacking libavahi-client3:amd64 (0.8-13ubuntu6.1) ...
#7 73.38 Selecting previously unselected package libblas3:amd64.
#7 73.39 Preparing to unpack .../286-libblas3_3.12.0-3build1.1_amd64.deb ...
#7 73.39 Unpacking libblas3:amd64 (3.12.0-3build1.1) ...
#7 73.42 Selecting previously unselected package libboost-iostreams1.83.0:amd64.
#7 73.42 Preparing to unpack .../287-libboost-iostreams1.83.0_1.83.0-2.1ubuntu3.2_amd64.deb ...
#7 73.42 Unpacking libboost-iostreams1.83.0:amd64 (1.83.0-2.1ubuntu3.2) ...
#7 73.46 Selecting previously unselected package libboost-thread1.83.0:amd64.
#7 73.46 Preparing to unpack .../288-libboost-thread1.83.0_1.83.0-2.1ubuntu3.2_amd64.deb ...
#7 73.46 Unpacking libboost-thread1.83.0:amd64 (1.83.0-2.1ubuntu3.2) ...
#7 73.49 Selecting previously unselected package zlib1g-dev:amd64.
#7 73.49 Preparing to unpack .../289-zlib1g-dev_1%3a1.3.dfsg-3.1ubuntu2.1_amd64.deb ...
#7 73.49 Unpacking zlib1g-dev:amd64 (1:1.3.dfsg-3.1ubuntu2.1) ...
#7 73.52 Selecting previously unselected package libzstd-dev:amd64.
#7 73.52 Preparing to unpack .../290-libzstd-dev_1.5.5+dfsg2-2build1.1_amd64.deb ...
#7 73.52 Unpacking libzstd-dev:amd64 (1.5.5+dfsg2-2build1.1) ...
#7 73.54 Selecting previously unselected package libelf-dev:amd64.
#7 73.55 Preparing to unpack .../291-libelf-dev_0.190-1.1ubuntu0.1_amd64.deb ...
#7 73.55 Unpacking libelf-dev:amd64 (0.190-1.1ubuntu0.1) ...
#7 73.57 Selecting previously unselected package libbpf-dev:amd64.
#7 73.57 Preparing to unpack .../292-libbpf-dev_1%3a1.3.0-2build2_amd64.deb ...
#7 73.57 Unpacking libbpf-dev:amd64 (1:1.3.0-2build2) ...
#7 73.60 Selecting previously unselected package libbrlapi0.8:amd64.
#7 73.60 Preparing to unpack .../293-libbrlapi0.8_6.6-4ubuntu5_amd64.deb ...
#7 73.61 Unpacking libbrlapi0.8:amd64 (6.6-4ubuntu5) ...
#7 73.63 Selecting previously unselected package libheif-plugin-aomdec:amd64.
#7 73.63 Preparing to unpack .../294-libheif-plugin-aomdec_1.17.6-1ubuntu4.2_amd64.deb ...
#7 73.63 Unpacking libheif-plugin-aomdec:amd64 (1.17.6-1ubuntu4.2) ...
#7 73.66 Selecting previously unselected package libde265-0:amd64.
#7 73.66 Preparing to unpack .../295-libde265-0_1.0.15-1build3_amd64.deb ...
#7 73.66 Unpacking libde265-0:amd64 (1.0.15-1build3) ...
#7 73.68 Selecting previously unselected package libheif-plugin-libde265:amd64.
#7 73.69 Preparing to unpack .../296-libheif-plugin-libde265_1.17.6-1ubuntu4.2_amd64.deb ...
#7 73.69 Unpacking libheif-plugin-libde265:amd64 (1.17.6-1ubuntu4.2) ...
#7 73.71 Selecting previously unselected package libheif1:amd64.
#7 73.71 Preparing to unpack .../297-libheif1_1.17.6-1ubuntu4.2_amd64.deb ...
#7 73.72 Unpacking libheif1:amd64 (1.17.6-1ubuntu4.2) ...
#7 73.74 Selecting previously unselected package libxpm4:amd64.
#7 73.75 Preparing to unpack .../298-libxpm4_1%3a3.5.17-1build2_amd64.deb ...
#7 73.75 Unpacking libxpm4:amd64 (1:3.5.17-1build2) ...
#7 73.77 Selecting previously unselected package libgd3:amd64.
#7 73.78 Preparing to unpack .../299-libgd3_2.3.3-9ubuntu5_amd64.deb ...
#7 73.78 Unpacking libgd3:amd64 (2.3.3-9ubuntu5) ...
#7 73.80 Selecting previously unselected package libc-devtools.
#7 73.81 Preparing to unpack .../300-libc-devtools_2.39-0ubuntu8.7_amd64.deb ...
#7 73.81 Unpacking libc-devtools (2.39-0ubuntu8.7) ...
#7 73.83 Selecting previously unselected package libnspr4:amd64.
#7 73.84 Preparing to unpack .../301-libnspr4_2%3a4.35-1.1build1_amd64.deb ...
#7 73.84 Unpacking libnspr4:amd64 (2:4.35-1.1build1) ...
#7 73.87 Selecting previously unselected package libnss3:amd64.
#7 73.87 Preparing to unpack .../302-libnss3_2%3a3.98-1ubuntu0.1_amd64.deb ...
#7 73.87 Unpacking libnss3:amd64 (2:3.98-1ubuntu0.1) ...
#7 73.91 Selecting previously unselected package libpcsclite1:amd64.
#7 73.91 Preparing to unpack .../303-libpcsclite1_2.0.3-1build1_amd64.deb ...
#7 73.91 Unpacking libpcsclite1:amd64 (2.0.3-1build1) ...
#7 73.94 Selecting previously unselected package libcacard0:amd64.
#7 73.95 Preparing to unpack .../304-libcacard0_1%3a2.8.0-3build4_amd64.deb ...
#7 73.95 Unpacking libcacard0:amd64 (1:2.8.0-3build4) ...
#7 73.97 Selecting previously unselected package libcap-dev:amd64.
#7 73.97 Preparing to unpack .../305-libcap-dev_1%3a2.66-5ubuntu2.2_amd64.deb ...
#7 73.98 Unpacking libcap-dev:amd64 (1:2.66-5ubuntu2.2) ...
#7 74.02 Selecting previously unselected package liblcms2-2:amd64.
#7 74.02 Preparing to unpack .../306-liblcms2-2_2.14-2build1_amd64.deb ...
#7 74.02 Unpacking liblcms2-2:amd64 (2.14-2build1) ...
#7 74.05 Selecting previously unselected package libcolord2:amd64.
#7 74.05 Preparing to unpack .../307-libcolord2_1.4.7-1build2_amd64.deb ...
#7 74.05 Unpacking libcolord2:amd64 (1.4.7-1build2) ...
#7 74.08 Selecting previously unselected package libcups2t64:amd64.
#7 74.08 Preparing to unpack .../308-libcups2t64_2.4.7-1.2ubuntu7.9_amd64.deb ...
#7 74.08 Unpacking libcups2t64:amd64 (2.4.7-1.2ubuntu7.9) ...
#7 74.11 Selecting previously unselected package libdaxctl1:amd64.
#7 74.11 Preparing to unpack .../309-libdaxctl1_77-2ubuntu2_amd64.deb ...
#7 74.11 Unpacking libdaxctl1:amd64 (77-2ubuntu2) ...
#7 74.14 Selecting previously unselected package libwayland-client0:amd64.
#7 74.14 Preparing to unpack .../310-libwayland-client0_1.22.0-2.1build1_amd64.deb ...
#7 74.14 Unpacking libwayland-client0:amd64 (1.22.0-2.1build1) ...
#7 74.17 Selecting previously unselected package libdecor-0-0:amd64.
#7 74.17 Preparing to unpack .../311-libdecor-0-0_0.2.2-1build2_amd64.deb ...
#7 74.17 Unpacking libdecor-0-0:amd64 (0.2.2-1build2) ...
#7 74.20 Selecting previously unselected package libepoxy0:amd64.
#7 74.20 Preparing to unpack .../312-libepoxy0_1.5.10-1build1_amd64.deb ...
#7 74.20 Unpacking libepoxy0:amd64 (1.5.10-1build1) ...
#7 74.23 Selecting previously unselected package libwayland-cursor0:amd64.
#7 74.23 Preparing to unpack .../313-libwayland-cursor0_1.22.0-2.1build1_amd64.deb ...
#7 74.24 Unpacking libwayland-cursor0:amd64 (1.22.0-2.1build1) ...
#7 74.26 Selecting previously unselected package libwayland-egl1:amd64.
#7 74.26 Preparing to unpack .../314-libwayland-egl1_1.22.0-2.1build1_amd64.deb ...
#7 74.27 Unpacking libwayland-egl1:amd64 (1.22.0-2.1build1) ...
#7 74.29 Selecting previously unselected package libxcomposite1:amd64.
#7 74.29 Preparing to unpack .../315-libxcomposite1_1%3a0.4.5-1build3_amd64.deb ...
#7 74.30 Unpacking libxcomposite1:amd64 (1:0.4.5-1build3) ...
#7 74.32 Selecting previously unselected package libxcursor1:amd64.
#7 74.32 Preparing to unpack .../316-libxcursor1_1%3a1.2.1-1build1_amd64.deb ...
#7 74.33 Unpacking libxcursor1:amd64 (1:1.2.1-1build1) ...
#7 74.35 Selecting previously unselected package libxinerama1:amd64.
#7 74.35 Preparing to unpack .../317-libxinerama1_2%3a1.1.4-3build1_amd64.deb ...
#7 74.36 Unpacking libxinerama1:amd64 (2:1.1.4-3build1) ...
#7 74.38 Selecting previously unselected package libxrandr2:amd64.
#7 74.39 Preparing to unpack .../318-libxrandr2_2%3a1.5.2-2build1_amd64.deb ...
#7 74.39 Unpacking libxrandr2:amd64 (2:1.5.2-2build1) ...
#7 74.41 Selecting previously unselected package libgtk-3-common.
#7 74.41 Preparing to unpack .../319-libgtk-3-common_3.24.41-4ubuntu1.3_all.deb ...
#7 74.42 Unpacking libgtk-3-common (3.24.41-4ubuntu1.3) ...
#7 74.46 Selecting previously unselected package libgtk-3-0t64:amd64.
#7 74.46 Preparing to unpack .../320-libgtk-3-0t64_3.24.41-4ubuntu1.3_amd64.deb ...
#7 74.47 Unpacking libgtk-3-0t64:amd64 (3.24.41-4ubuntu1.3) ...
#7 74.52 Selecting previously unselected package libdecor-0-plugin-1-gtk:amd64.
#7 74.53 Preparing to unpack .../321-libdecor-0-plugin-1-gtk_0.2.2-1build2_amd64.deb ...
#7 74.53 Unpacking libdecor-0-plugin-1-gtk:amd64 (0.2.2-1build2) ...
#7 74.56 Selecting previously unselected package libdrm-amdgpu1:amd64.
#7 74.56 Preparing to unpack .../322-libdrm-amdgpu1_2.4.125-1ubuntu0.1~24.04.1_amd64.deb ...
#7 74.56 Unpacking libdrm-amdgpu1:amd64 (2.4.125-1ubuntu0.1~24.04.1) ...
#7 74.59 Selecting previously unselected package libpciaccess0:amd64.
#7 74.60 Preparing to unpack .../323-libpciaccess0_0.17-3ubuntu0.24.04.2_amd64.deb ...
#7 74.60 Unpacking libpciaccess0:amd64 (0.17-3ubuntu0.24.04.2) ...
#7 74.62 Selecting previously unselected package libdrm-intel1:amd64.
#7 74.62 Preparing to unpack .../324-libdrm-intel1_2.4.125-1ubuntu0.1~24.04.1_amd64.deb ...
#7 74.63 Unpacking libdrm-intel1:amd64 (2.4.125-1ubuntu0.1~24.04.1) ...
#7 74.65 Selecting previously unselected package libfl2:amd64.
#7 74.65 Preparing to unpack .../325-libfl2_2.6.4-8.2build1_amd64.deb ...
#7 74.66 Unpacking libfl2:amd64 (2.6.4-8.2build1) ...
#7 74.68 Selecting previously unselected package libfl-dev:amd64.
#7 74.68 Preparing to unpack .../326-libfl-dev_2.6.4-8.2build1_amd64.deb ...
#7 74.68 Unpacking libfl-dev:amd64 (2.6.4-8.2build1) ...
#7 74.71 Selecting previously unselected package libllvm20:amd64.
#7 74.71 Preparing to unpack .../327-libllvm20_1%3a20.1.2-0ubuntu1~24.04.2_amd64.deb ...
#7 74.71 Unpacking libllvm20:amd64 (1:20.1.2-0ubuntu1~24.04.2) ...
#7 75.01 Selecting previously unselected package libxcb-dri3-0:amd64.
#7 75.02 Preparing to unpack .../328-libxcb-dri3-0_1.15-1ubuntu2_amd64.deb ...
#7 75.02 Unpacking libxcb-dri3-0:amd64 (1.15-1ubuntu2) ...
#7 75.04 Selecting previously unselected package libxcb-present0:amd64.
#7 75.05 Preparing to unpack .../329-libxcb-present0_1.15-1ubuntu2_amd64.deb ...
#7 75.05 Unpacking libxcb-present0:amd64 (1.15-1ubuntu2) ...
#7 75.07 Selecting previously unselected package libxcb-randr0:amd64.
#7 75.07 Preparing to unpack .../330-libxcb-randr0_1.15-1ubuntu2_amd64.deb ...
#7 75.08 Unpacking libxcb-randr0:amd64 (1.15-1ubuntu2) ...
#7 75.10 Selecting previously unselected package libxcb-sync1:amd64.
#7 75.11 Preparing to unpack .../331-libxcb-sync1_1.15-1ubuntu2_amd64.deb ...
#7 75.11 Unpacking libxcb-sync1:amd64 (1.15-1ubuntu2) ...
#7 75.14 Selecting previously unselected package libxcb-xfixes0:amd64.
#7 75.14 Preparing to unpack .../332-libxcb-xfixes0_1.15-1ubuntu2_amd64.deb ...
#7 75.14 Unpacking libxcb-xfixes0:amd64 (1.15-1ubuntu2) ...
#7 75.17 Selecting previously unselected package libxshmfence1:amd64.
#7 75.17 Preparing to unpack .../333-libxshmfence1_1.3-1build5_amd64.deb ...
#7 75.17 Unpacking libxshmfence1:amd64 (1.3-1build5) ...
#7 75.20 Selecting previously unselected package mesa-libgallium:amd64.
#7 75.20 Preparing to unpack .../334-mesa-libgallium_25.2.8-0ubuntu0.24.04.1_amd64.deb ...
#7 75.20 Unpacking mesa-libgallium:amd64 (25.2.8-0ubuntu0.24.04.1) ...
#7 75.33 Selecting previously unselected package libgbm1:amd64.
#7 75.33 Preparing to unpack .../335-libgbm1_25.2.8-0ubuntu0.24.04.1_amd64.deb ...
#7 75.33 Unpacking libgbm1:amd64 (25.2.8-0ubuntu0.24.04.1) ...
#7 75.36 Selecting previously unselected package libgdk-pixbuf2.0-bin.
#7 75.36 Preparing to unpack .../336-libgdk-pixbuf2.0-bin_2.42.10+dfsg-3ubuntu3.2_amd64.deb ...
#7 75.36 Unpacking libgdk-pixbuf2.0-bin (2.42.10+dfsg-3ubuntu3.2) ...
#7 75.39 Selecting previously unselected package libgfortran5:amd64.
#7 75.39 Preparing to unpack .../337-libgfortran5_14.2.0-4ubuntu2~24.04.1_amd64.deb ...
#7 75.40 Unpacking libgfortran5:amd64 (14.2.0-4ubuntu2~24.04.1) ...
#7 75.43 Selecting previously unselected package libvulkan1:amd64.
#7 75.43 Preparing to unpack .../338-libvulkan1_1.3.275.0-1build1_amd64.deb ...
#7 75.44 Unpacking libvulkan1:amd64 (1.3.275.0-1build1) ...
#7 75.47 Selecting previously unselected package libgl1-mesa-dri:amd64.
#7 75.47 Preparing to unpack .../339-libgl1-mesa-dri_25.2.8-0ubuntu0.24.04.1_amd64.deb ...
#7 75.48 Unpacking libgl1-mesa-dri:amd64 (25.2.8-0ubuntu0.24.04.1) ...
#7 75.50 Selecting previously unselected package libxcb-glx0:amd64.
#7 75.50 Preparing to unpack .../340-libxcb-glx0_1.15-1ubuntu2_amd64.deb ...
#7 75.51 Unpacking libxcb-glx0:amd64 (1.15-1ubuntu2) ...
#7 75.53 Selecting previously unselected package libxxf86vm1:amd64.
#7 75.53 Preparing to unpack .../341-libxxf86vm1_1%3a1.1.4-1build4_amd64.deb ...
#7 75.53 Unpacking libxxf86vm1:amd64 (1:1.1.4-1build4) ...
#7 75.56 Selecting previously unselected package libglx-mesa0:amd64.
#7 75.56 Preparing to unpack .../342-libglx-mesa0_25.2.8-0ubuntu0.24.04.1_amd64.deb ...
#7 75.56 Unpacking libglx-mesa0:amd64 (25.2.8-0ubuntu0.24.04.1) ...
#7 75.58 Selecting previously unselected package libgtk-3-bin.
#7 75.58 Preparing to unpack .../343-libgtk-3-bin_3.24.41-4ubuntu1.3_amd64.deb ...
#7 75.59 Unpacking libgtk-3-bin (3.24.41-4ubuntu1.3) ...
#7 75.61 Selecting previously unselected package libheif-plugin-aomenc:amd64.
#7 75.61 Preparing to unpack .../344-libheif-plugin-aomenc_1.17.6-1ubuntu4.2_amd64.deb ...
#7 75.61 Unpacking libheif-plugin-aomenc:amd64 (1.17.6-1ubuntu4.2) ...
#7 75.64 Selecting previously unselected package libimagequant0:amd64.
#7 75.64 Preparing to unpack .../345-libimagequant0_2.18.0-1build1_amd64.deb ...
#7 75.64 Unpacking libimagequant0:amd64 (2.18.0-1build1) ...
#7 75.67 Selecting previously unselected package librdmacm1t64:amd64.
#7 75.67 Preparing to unpack .../346-librdmacm1t64_50.0-2ubuntu0.2_amd64.deb ...
#7 75.67 Unpacking librdmacm1t64:amd64 (50.0-2ubuntu0.2) ...
#7 75.70 Selecting previously unselected package libiscsi7:amd64.
#7 75.70 Preparing to unpack .../347-libiscsi7_1.19.0-3build4_amd64.deb ...
#7 75.70 Unpacking libiscsi7:amd64 (1.19.0-3build4) ...
#7 75.73 Selecting previously unselected package libsamplerate0:amd64.
#7 75.73 Preparing to unpack .../348-libsamplerate0_0.2.2-4build1_amd64.deb ...
#7 75.74 Unpacking libsamplerate0:amd64 (0.2.2-4build1) ...
#7 75.76 Selecting previously unselected package libjack-jackd2-0:amd64.
#7 75.77 Preparing to unpack .../349-libjack-jackd2-0_1.9.21~dfsg-3ubuntu3_amd64.deb ...
#7 75.77 Unpacking libjack-jackd2-0:amd64 (1.9.21~dfsg-3ubuntu3) ...
#7 75.80 Selecting previously unselected package libjs-jquery.
#7 75.80 Preparing to unpack .../350-libjs-jquery_3.6.1+dfsg+~3.5.14-1_all.deb ...
#7 75.81 Unpacking libjs-jquery (3.6.1+dfsg+~3.5.14-1) ...
#7 75.83 Selecting previously unselected package libjs-jquery-ui.
#7 75.84 Preparing to unpack .../351-libjs-jquery-ui_1.13.2+dfsg-1_all.deb ...
#7 75.84 Unpacking libjs-jquery-ui (1.13.2+dfsg-1) ...
#7 75.90 Selecting previously unselected package liblapack3:amd64.
#7 75.90 Preparing to unpack .../352-liblapack3_3.12.0-3build1.1_amd64.deb ...
#7 75.90 Unpacking liblapack3:amd64 (3.12.0-3build1.1) ...
#7 75.95 Selecting previously unselected package liblbfgsb0:amd64.
#7 75.95 Preparing to unpack .../353-liblbfgsb0_3.0+dfsg.4-1build1_amd64.deb ...
#7 75.95 Unpacking liblbfgsb0:amd64 (3.0+dfsg.4-1build1) ...
#7 75.98 Selecting previously unselected package libldap-common.
#7 75.98 Preparing to unpack .../354-libldap-common_2.6.10+dfsg-0ubuntu0.24.04.1_all.deb ...
#7 75.99 Unpacking libldap-common (2.6.10+dfsg-0ubuntu0.24.04.1) ...
#7 76.02 Selecting previously unselected package libndctl6:amd64.
#7 76.02 Preparing to unpack .../355-libndctl6_77-2ubuntu2_amd64.deb ...
#7 76.02 Unpacking libndctl6:amd64 (77-2ubuntu2) ...
#7 76.05 Selecting previously unselected package libnfs14:amd64.
#7 76.05 Preparing to unpack .../356-libnfs14_5.0.2-1build1_amd64.deb ...
#7 76.05 Unpacking libnfs14:amd64 (5.0.2-1build1) ...
#7 76.08 Selecting previously unselected package libwebrtc-audio-processing1:amd64.
#7 76.08 Preparing to unpack .../357-libwebrtc-audio-processing1_0.3.1-0ubuntu6_amd64.deb ...
#7 76.08 Unpacking libwebrtc-audio-processing1:amd64 (0.3.1-0ubuntu6) ...
#7 76.10 Selecting previously unselected package libspa-0.2-modules:amd64.
#7 76.11 Preparing to unpack .../358-libspa-0.2-modules_1.0.5-1ubuntu3.2_amd64.deb ...
#7 76.11 Unpacking libspa-0.2-modules:amd64 (1.0.5-1ubuntu3.2) ...
#7 76.14 Selecting previously unselected package libpipewire-0.3-0t64:amd64.
#7 76.14 Preparing to unpack .../359-libpipewire-0.3-0t64_1.0.5-1ubuntu3.2_amd64.deb ...
#7 76.15 Unpacking libpipewire-0.3-0t64:amd64 (1.0.5-1ubuntu3.2) ...
#7 76.17 Selecting previously unselected package libpipewire-0.3-common.
#7 76.17 Preparing to unpack .../360-libpipewire-0.3-common_1.0.5-1ubuntu3.2_all.deb ...
#7 76.17 Unpacking libpipewire-0.3-common (1.0.5-1ubuntu3.2) ...
#7 76.20 Selecting previously unselected package libpkgconf3:amd64.
#7 76.20 Preparing to unpack .../361-libpkgconf3_1.8.1-2build1_amd64.deb ...
#7 76.20 Unpacking libpkgconf3:amd64 (1.8.1-2build1) ...
#7 76.23 Selecting previously unselected package libpmem1:amd64.
#7 76.23 Preparing to unpack .../362-libpmem1_1.13.1-1.1ubuntu2_amd64.deb ...
#7 76.23 Unpacking libpmem1:amd64 (1.13.1-1.1ubuntu2) ...
#7 76.26 Selecting previously unselected package libpmemobj1:amd64.
#7 76.26 Preparing to unpack .../363-libpmemobj1_1.13.1-1.1ubuntu2_amd64.deb ...
#7 76.26 Unpacking libpmemobj1:amd64 (1.13.1-1.1ubuntu2) ...
#7 76.29 Selecting previously unselected package libqhull-r8.0:amd64.
#7 76.29 Preparing to unpack .../364-libqhull-r8.0_2020.2-6build1_amd64.deb ...
#7 76.30 Unpacking libqhull-r8.0:amd64 (2020.2-6build1) ...
#7 76.33 Selecting previously unselected package librados2.
#7 76.33 Preparing to unpack .../365-librados2_19.2.3-0ubuntu0.24.04.3_amd64.deb ...
#7 76.33 Unpacking librados2 (19.2.3-0ubuntu0.24.04.3) ...
#7 76.39 Selecting previously unselected package libraqm0:amd64.
#7 76.39 Preparing to unpack .../366-libraqm0_0.10.1-1build1_amd64.deb ...
#7 76.39 Unpacking libraqm0:amd64 (0.10.1-1build1) ...
#7 76.43 Selecting previously unselected package librbd1.
#7 76.43 Preparing to unpack .../367-librbd1_19.2.3-0ubuntu0.24.04.3_amd64.deb ...
#7 76.43 Unpacking librbd1 (19.2.3-0ubuntu0.24.04.3) ...
#7 76.49 Selecting previously unselected package librsvg2-2:amd64.
#7 76.49 Preparing to unpack .../368-librsvg2-2_2.58.0+dfsg-1build1_amd64.deb ...
#7 76.49 Unpacking librsvg2-2:amd64 (2.58.0+dfsg-1build1) ...
#7 76.54 Selecting previously unselected package librsvg2-common:amd64.
#7 76.54 Preparing to unpack .../369-librsvg2-common_2.58.0+dfsg-1build1_amd64.deb ...
#7 76.54 Unpacking librsvg2-common:amd64 (2.58.0+dfsg-1build1) ...
#7 76.57 Selecting previously unselected package libsasl2-modules:amd64.
#7 76.58 Preparing to unpack .../370-libsasl2-modules_2.1.28+dfsg1-5ubuntu3.1_amd64.deb ...
#7 76.58 Unpacking libsasl2-modules:amd64 (2.1.28+dfsg1-5ubuntu3.1) ...
#7 76.61 Selecting previously unselected package libsdl2-2.0-0:amd64.
#7 76.61 Preparing to unpack .../371-libsdl2-2.0-0_2.30.0+dfsg-1ubuntu3.1_amd64.deb ...
#7 76.62 Unpacking libsdl2-2.0-0:amd64 (2.30.0+dfsg-1ubuntu3.1) ...
#7 76.64 Selecting previously unselected package libslirp0:amd64.
#7 76.65 Preparing to unpack .../372-libslirp0_4.7.0-1ubuntu3_amd64.deb ...
#7 76.65 Unpacking libslirp0:amd64 (4.7.0-1ubuntu3) ...
#7 76.67 Selecting previously unselected package libspice-server1:amd64.
#7 76.68 Preparing to unpack .../373-libspice-server1_0.15.1-1build2_amd64.deb ...
#7 76.68 Unpacking libspice-server1:amd64 (0.15.1-1build2) ...
#7 76.70 Selecting previously unselected package libssl-dev:amd64.
#7 76.70 Preparing to unpack .../374-libssl-dev_3.0.13-0ubuntu3.7_amd64.deb ...
#7 76.71 Unpacking libssl-dev:amd64 (3.0.13-0ubuntu3.7) ...
#7 76.77 Selecting previously unselected package liburing2:amd64.
#7 76.77 Preparing to unpack .../375-liburing2_2.5-1build1_amd64.deb ...
#7 76.77 Unpacking liburing2:amd64 (2.5-1build1) ...
#7 76.80 Selecting previously unselected package libusbredirparser1t64:amd64.
#7 76.80 Preparing to unpack .../376-libusbredirparser1t64_0.13.0-2.1build1_amd64.deb ...
#7 76.80 Unpacking libusbredirparser1t64:amd64 (0.13.0-2.1build1) ...
#7 76.83 Selecting previously unselected package libvirglrenderer1:amd64.
#7 76.83 Preparing to unpack .../377-libvirglrenderer1_1.0.0-1ubuntu2_amd64.deb ...
#7 76.83 Unpacking libvirglrenderer1:amd64 (1.0.0-1ubuntu2) ...
#7 76.86 Selecting previously unselected package libvte-2.91-common.
#7 76.86 Preparing to unpack .../378-libvte-2.91-common_0.76.0-1ubuntu0.1_amd64.deb ...
#7 76.86 Unpacking libvte-2.91-common (0.76.0-1ubuntu0.1) ...
#7 76.89 Selecting previously unselected package libvte-2.91-0:amd64.
#7 76.89 Preparing to unpack .../379-libvte-2.91-0_0.76.0-1ubuntu0.1_amd64.deb ...
#7 76.89 Unpacking libvte-2.91-0:amd64 (0.76.0-1ubuntu0.1) ...
#7 76.92 Selecting previously unselected package libwebpdemux2:amd64.
#7 76.92 Preparing to unpack .../380-libwebpdemux2_1.3.2-0.4build3_amd64.deb ...
#7 76.92 Unpacking libwebpdemux2:amd64 (1.3.2-0.4build3) ...
#7 76.95 Selecting previously unselected package libwebpmux3:amd64.
#7 76.95 Preparing to unpack .../381-libwebpmux3_1.3.2-0.4build3_amd64.deb ...
#7 76.96 Unpacking libwebpmux3:amd64 (1.3.2-0.4build3) ...
#7 76.99 Selecting previously unselected package libxslt1.1:amd64.
#7 76.99 Preparing to unpack .../382-libxslt1.1_1.1.39-0exp1ubuntu0.24.04.3_amd64.deb ...
#7 76.99 Unpacking libxslt1.1:amd64 (1.1.39-0exp1ubuntu0.24.04.3) ...
#7 77.02 Selecting previously unselected package linux-headers-6.8.0-106.
#7 77.02 Preparing to unpack .../383-linux-headers-6.8.0-106_6.8.0-106.106_all.deb ...
#7 77.02 Unpacking linux-headers-6.8.0-106 (6.8.0-106.106) ...
#7 78.71 Selecting previously unselected package linux-headers-6.8.0-106-generic.
#7 78.71 Preparing to unpack .../384-linux-headers-6.8.0-106-generic_6.8.0-106.106_amd64.deb ...
#7 78.71 Unpacking linux-headers-6.8.0-106-generic (6.8.0-106.106) ...
#7 79.59 Selecting previously unselected package linux-headers-generic.
#7 79.59 Preparing to unpack .../385-linux-headers-generic_6.8.0-106.106_amd64.deb ...
#7 79.60 Unpacking linux-headers-generic (6.8.0-106.106) ...
#7 79.62 Selecting previously unselected package make.
#7 79.62 Preparing to unpack .../386-make_4.3-4.1build2_amd64.deb ...
#7 79.63 Unpacking make (4.3-4.1build2) ...
#7 79.65 Selecting previously unselected package manpages-dev.
#7 79.66 Preparing to unpack .../387-manpages-dev_6.7-2_all.deb ...
#7 79.66 Unpacking manpages-dev (6.7-2) ...
#7 79.73 Selecting previously unselected package mesa-vulkan-drivers:amd64.
#7 79.73 Preparing to unpack .../388-mesa-vulkan-drivers_25.2.8-0ubuntu0.24.04.1_amd64.deb ...
#7 79.74 Unpacking mesa-vulkan-drivers:amd64 (25.2.8-0ubuntu0.24.04.1) ...
#7 79.95 Selecting previously unselected package patch.
#7 79.96 Preparing to unpack .../389-patch_2.7.6-7build3_amd64.deb ...
#7 79.96 Unpacking patch (2.7.6-7build3) ...
#7 80.01 Selecting previously unselected package pkgconf-bin.
#7 80.01 Preparing to unpack .../390-pkgconf-bin_1.8.1-2build1_amd64.deb ...
#7 80.01 Unpacking pkgconf-bin (1.8.1-2build1) ...
#7 80.04 Selecting previously unselected package pkgconf:amd64.
#7 80.04 Preparing to unpack .../391-pkgconf_1.8.1-2build1_amd64.deb ...
#7 80.04 Unpacking pkgconf:amd64 (1.8.1-2build1) ...
#7 80.07 Selecting previously unselected package pkg-config:amd64.
#7 80.07 Preparing to unpack .../392-pkg-config_1.8.1-2build1_amd64.deb ...
#7 80.07 Unpacking pkg-config:amd64 (1.8.1-2build1) ...
#7 80.10 Selecting previously unselected package python-matplotlib-data.
#7 80.10 Preparing to unpack .../393-python-matplotlib-data_3.6.3-1ubuntu5_all.deb ...
#7 80.10 Unpacking python-matplotlib-data (3.6.3-1ubuntu5) ...
#7 80.16 Selecting previously unselected package python3-appdirs.
#7 80.17 Preparing to unpack .../394-python3-appdirs_1.4.4-4_all.deb ...
#7 80.17 Unpacking python3-appdirs (1.4.4-4) ...
#7 80.20 Selecting previously unselected package python3-argcomplete.
#7 80.20 Preparing to unpack .../395-python3-argcomplete_3.1.4-1ubuntu0.1_all.deb ...
#7 80.20 Unpacking python3-argcomplete (3.1.4-1ubuntu0.1) ...
#7 80.23 Selecting previously unselected package python3-attr.
#7 80.23 Preparing to unpack .../396-python3-attr_23.2.0-2_all.deb ...
#7 80.24 Unpacking python3-attr (23.2.0-2) ...
#7 80.27 Selecting previously unselected package python3-brotli.
#7 80.27 Preparing to unpack .../397-python3-brotli_1.1.0-2build2_amd64.deb ...
#7 80.27 Unpacking python3-brotli (1.1.0-2build2) ...
#7 80.30 Selecting previously unselected package python3-soupsieve.
#7 80.30 Preparing to unpack .../398-python3-soupsieve_2.5-1_all.deb ...
#7 80.31 Unpacking python3-soupsieve (2.5-1) ...
#7 80.33 Selecting previously unselected package python3-bs4.
#7 80.34 Preparing to unpack .../399-python3-bs4_4.12.3-1_all.deb ...
#7 80.34 Unpacking python3-bs4 (4.12.3-1) ...
#7 80.37 Selecting previously unselected package python3-certifi.
#7 80.38 Preparing to unpack .../400-python3-certifi_2023.11.17-1_all.deb ...
#7 80.38 Unpacking python3-certifi (2023.11.17-1) ...
#7 80.41 Selecting previously unselected package python3-chardet.
#7 80.41 Preparing to unpack .../401-python3-chardet_5.2.0+dfsg-1_all.deb ...
#7 80.41 Unpacking python3-chardet (5.2.0+dfsg-1) ...
#7 80.45 Selecting previously unselected package python3-numpy.
#7 80.45 Preparing to unpack .../402-python3-numpy_1%3a1.26.4+ds-6ubuntu1_amd64.deb ...
#7 80.45 Unpacking python3-numpy (1:1.26.4+ds-6ubuntu1) ...
#7 80.59 Selecting previously unselected package python3-contourpy.
#7 80.59 Preparing to unpack .../403-python3-contourpy_1.0.7-2build1_amd64.deb ...
#7 80.59 Unpacking python3-contourpy (1.0.7-2build1) ...
#7 80.63 Selecting previously unselected package python3-cryptography.
#7 80.63 Preparing to unpack .../404-python3-cryptography_41.0.7-4ubuntu0.4_amd64.deb ...
#7 80.63 Unpacking python3-cryptography (41.0.7-4ubuntu0.4) ...
#7 80.68 Selecting previously unselected package python3-cycler.
#7 80.68 Preparing to unpack .../405-python3-cycler_0.11.0-2_all.deb ...
#7 80.68 Unpacking python3-cycler (0.11.0-2) ...
#7 80.71 Selecting previously unselected package python3-dateutil.
#7 80.72 Preparing to unpack .../406-python3-dateutil_2.8.2-3ubuntu1_all.deb ...
#7 80.72 Unpacking python3-dateutil (2.8.2-3ubuntu1) ...
#7 80.75 Selecting previously unselected package python3-scipy.
#7 80.75 Preparing to unpack .../407-python3-scipy_1.11.4-6build1_amd64.deb ...
#7 80.75 Unpacking python3-scipy (1.11.4-6build1) ...
#7 81.01 Selecting previously unselected package python3-ufolib2.
#7 81.01 Preparing to unpack .../408-python3-ufolib2_0.16.0+dfsg1-1_all.deb ...
#7 81.01 Unpacking python3-ufolib2 (0.16.0+dfsg1-1) ...
#7 81.04 Selecting previously unselected package python3-tz.
#7 81.05 Preparing to unpack .../409-python3-tz_2024.1-2_all.deb ...
#7 81.05 Unpacking python3-tz (2024.1-2) ...
#7 81.08 Selecting previously unselected package python3-fs.
#7 81.08 Preparing to unpack .../410-python3-fs_2.4.16-3_all.deb ...
#7 81.08 Unpacking python3-fs (2.4.16-3) ...
#7 81.11 Selecting previously unselected package python3-lxml:amd64.
#7 81.12 Preparing to unpack .../411-python3-lxml_5.2.1-1_amd64.deb ...
#7 81.12 Unpacking python3-lxml:amd64 (5.2.1-1) ...
#7 81.16 Selecting previously unselected package python3-lz4.
#7 81.17 Preparing to unpack .../412-python3-lz4_4.0.2+dfsg-1build4_amd64.deb ...
#7 81.17 Unpacking python3-lz4 (4.0.2+dfsg-1build4) ...
#7 81.20 Selecting previously unselected package python3-unicodedata2.
#7 81.20 Preparing to unpack .../413-python3-unicodedata2_15.1.0+ds-1build1_amd64.deb ...
#7 81.20 Unpacking python3-unicodedata2 (15.1.0+ds-1build1) ...
#7 81.23 Selecting previously unselected package unicode-data.
#7 81.23 Preparing to unpack .../414-unicode-data_15.1.0-1_all.deb ...
#7 81.24 Unpacking unicode-data (15.1.0-1) ...
#7 81.34 Selecting previously unselected package python3-fonttools.
#7 81.34 Preparing to unpack .../415-python3-fonttools_4.46.0-1build2_amd64.deb ...
#7 81.35 Unpacking python3-fonttools (4.46.0-1build2) ...
#7 81.42 Selecting previously unselected package python3-webencodings.
#7 81.42 Preparing to unpack .../416-python3-webencodings_0.5.1-5_all.deb ...
#7 81.43 Unpacking python3-webencodings (0.5.1-5) ...
#7 81.46 Selecting previously unselected package python3-html5lib.
#7 81.46 Preparing to unpack .../417-python3-html5lib_1.1-6_all.deb ...
#7 81.46 Unpacking python3-html5lib (1.1-6) ...
#7 81.49 Selecting previously unselected package python3-idna.
#7 81.50 Preparing to unpack .../418-python3-idna_3.6-2ubuntu0.1_all.deb ...
#7 81.51 Unpacking python3-idna (3.6-2ubuntu0.1) ...
#7 81.54 Selecting previously unselected package python3-kiwisolver.
#7 81.54 Preparing to unpack .../419-python3-kiwisolver_1.4.4-2build1_amd64.deb ...
#7 81.55 Unpacking python3-kiwisolver (1.4.4-2build1) ...
#7 81.58 Selecting previously unselected package libopenjp2-7:amd64.
#7 81.58 Preparing to unpack .../420-libopenjp2-7_2.5.0-2ubuntu0.4_amd64.deb ...
#7 81.58 Unpacking libopenjp2-7:amd64 (2.5.0-2ubuntu0.4) ...
#7 81.61 Selecting previously unselected package python3-pil:amd64.
#7 81.62 Preparing to unpack .../421-python3-pil_10.2.0-1ubuntu1_amd64.deb ...
#7 81.62 Unpacking python3-pil:amd64 (10.2.0-1ubuntu1) ...
#7 81.66 Selecting previously unselected package python3-tk:amd64.
#7 81.67 Preparing to unpack .../422-python3-tk_3.12.3-0ubuntu1_amd64.deb ...
#7 81.67 Unpacking python3-tk:amd64 (3.12.3-0ubuntu1) ...
#7 81.70 Selecting previously unselected package python3-pil.imagetk:amd64.
#7 81.70 Preparing to unpack .../423-python3-pil.imagetk_10.2.0-1ubuntu1_amd64.deb ...
#7 81.70 Unpacking python3-pil.imagetk:amd64 (10.2.0-1ubuntu1) ...
#7 81.73 Selecting previously unselected package python3-pyparsing.
#7 81.73 Preparing to unpack .../424-python3-pyparsing_3.1.1-1_all.deb ...
#7 81.74 Unpacking python3-pyparsing (3.1.1-1) ...
#7 81.76 Selecting previously unselected package python3-packaging.
#7 81.77 Preparing to unpack .../425-python3-packaging_24.0-1_all.deb ...
#7 81.77 Unpacking python3-packaging (24.0-1) ...
#7 81.80 Selecting previously unselected package python3-matplotlib.
#7 81.80 Preparing to unpack .../426-python3-matplotlib_3.6.3-1ubuntu5_amd64.deb ...
#7 81.80 Unpacking python3-matplotlib (3.6.3-1ubuntu5) ...
#7 81.90 Selecting previously unselected package python3-olefile.
#7 81.90 Preparing to unpack .../427-python3-olefile_0.46-3_all.deb ...
#7 81.90 Unpacking python3-olefile (0.46-3) ...
#7 81.93 Selecting previously unselected package python3-psutil.
#7 81.93 Preparing to unpack .../428-python3-psutil_5.9.8-2build2_amd64.deb ...
#7 81.94 Unpacking python3-psutil (5.9.8-2build2) ...
#7 81.97 Selecting previously unselected package python3-pyroute2.
#7 81.97 Preparing to unpack .../429-python3-pyroute2_0.7.11-0ubuntu2_all.deb ...
#7 81.98 Unpacking python3-pyroute2 (0.7.11-0ubuntu2) ...
#7 82.02 Selecting previously unselected package python3-urllib3.
#7 82.03 Preparing to unpack .../430-python3-urllib3_2.0.7-1ubuntu0.6_all.deb ...
#7 82.03 Unpacking python3-urllib3 (2.0.7-1ubuntu0.6) ...
#7 82.06 Selecting previously unselected package python3-requests.
#7 82.07 Preparing to unpack .../431-python3-requests_2.31.0+dfsg-1ubuntu1.1_all.deb ...
#7 82.07 Unpacking python3-requests (2.31.0+dfsg-1ubuntu1.1) ...
#7 82.10 Selecting previously unselected package python3-scapy.
#7 82.10 Preparing to unpack .../432-python3-scapy_2.5.0+dfsg-2ubuntu1_all.deb ...
#7 82.10 Unpacking python3-scapy (2.5.0+dfsg-2ubuntu1) ...
#7 82.17 Selecting previously unselected package libfdt1:amd64.
#7 82.17 Preparing to unpack .../433-libfdt1_1.7.0-2build1_amd64.deb ...
#7 82.18 Unpacking libfdt1:amd64 (1.7.0-2build1) ...
#7 82.21 Selecting previously unselected package qemu-system-common.
#7 82.21 Preparing to unpack .../434-qemu-system-common_1%3a8.2.2+ds-0ubuntu1.13_amd64.deb ...
#7 82.21 Unpacking qemu-system-common (1:8.2.2+ds-0ubuntu1.13) ...
#7 82.25 Selecting previously unselected package qemu-system-data.
#7 82.26 Preparing to unpack .../435-qemu-system-data_1%3a8.2.2+ds-0ubuntu1.13_all.deb ...
#7 82.26 Unpacking qemu-system-data (1:8.2.2+ds-0ubuntu1.13) ...
#7 82.31 Selecting previously unselected package seabios.
#7 82.31 Preparing to unpack .../436-seabios_1.16.3-2_all.deb ...
#7 82.32 Unpacking seabios (1.16.3-2) ...
#7 82.35 Selecting previously unselected package qemu-system-x86.
#7 82.35 Preparing to unpack .../437-qemu-system-x86_1%3a8.2.2+ds-0ubuntu1.13_amd64.deb ...
#7 82.36 Unpacking qemu-system-x86 (1:8.2.2+ds-0ubuntu1.13) ...
#7 82.51 Selecting previously unselected package qemu-utils.
#7 82.52 Preparing to unpack .../438-qemu-utils_1%3a8.2.2+ds-0ubuntu1.13_amd64.deb ...
#7 82.52 Unpacking qemu-utils (1:8.2.2+ds-0ubuntu1.13) ...
#7 82.57 Selecting previously unselected package qemu-block-extra.
#7 82.58 Preparing to unpack .../439-qemu-block-extra_1%3a8.2.2+ds-0ubuntu1.13_amd64.deb ...
#7 82.58 Unpacking qemu-block-extra (1:8.2.2+ds-0ubuntu1.13) ...
#7 82.61 Selecting previously unselected package qemu-system-modules-opengl.
#7 82.61 Preparing to unpack .../440-qemu-system-modules-opengl_1%3a8.2.2+ds-0ubuntu1.13_amd64.deb ...
#7 82.61 Unpacking qemu-system-modules-opengl (1:8.2.2+ds-0ubuntu1.13) ...
#7 82.64 Selecting previously unselected package libglvnd0:amd64.
#7 82.64 Preparing to unpack .../441-libglvnd0_1.7.0-1build1_amd64.deb ...
#7 82.65 Unpacking libglvnd0:amd64 (1.7.0-1build1) ...
#7 82.67 Selecting previously unselected package libglx0:amd64.
#7 82.68 Preparing to unpack .../442-libglx0_1.7.0-1build1_amd64.deb ...
#7 82.68 Unpacking libglx0:amd64 (1.7.0-1build1) ...
#7 82.71 Selecting previously unselected package libgl1:amd64.
#7 82.71 Preparing to unpack .../443-libgl1_1.7.0-1build1_amd64.deb ...
#7 82.71 Unpacking libgl1:amd64 (1.7.0-1build1) ...
#7 82.74 Selecting previously unselected package qemu-system-gui.
#7 82.74 Preparing to unpack .../444-qemu-system-gui_1%3a8.2.2+ds-0ubuntu1.13_amd64.deb ...
#7 82.74 Unpacking qemu-system-gui (1:8.2.2+ds-0ubuntu1.13) ...
#7 82.77 Selecting previously unselected package qemu-system-modules-spice.
#7 82.77 Preparing to unpack .../445-qemu-system-modules-spice_1%3a8.2.2+ds-0ubuntu1.13_amd64.deb ...
#7 82.78 Unpacking qemu-system-modules-spice (1:8.2.2+ds-0ubuntu1.13) ...
#7 82.80 Selecting previously unselected package virtme-ng.
#7 82.81 Preparing to unpack .../446-virtme-ng_1.22-1_all.deb ...
#7 82.81 Unpacking virtme-ng (1.22-1) ...
#7 82.84 Selecting previously unselected package libmnl-dev:amd64.
#7 82.84 Preparing to unpack .../447-libmnl-dev_1.0.5-2build1_amd64.deb ...
#7 82.84 Unpacking libmnl-dev:amd64 (1.0.5-2build1) ...
#7 82.87 Selecting previously unselected package musl:amd64.
#7 82.87 Preparing to unpack .../448-musl_1.2.4-2_amd64.deb ...
#7 82.88 Unpacking musl:amd64 (1.2.4-2) ...
#7 82.91 Selecting previously unselected package musl-dev:amd64.
#7 82.91 Preparing to unpack .../449-musl-dev_1.2.4-2_amd64.deb ...
#7 82.91 Unpacking musl-dev:amd64 (1.2.4-2) ...
#7 82.96 Selecting previously unselected package ovmf.
#7 82.96 Preparing to unpack .../450-ovmf_2024.02-2ubuntu0.7_all.deb ...
#7 82.97 Unpacking ovmf (2024.02-2ubuntu0.7) ...
#7 83.03 Selecting previously unselected package python3-cssselect.
#7 83.03 Preparing to unpack .../451-python3-cssselect_1.2.0-2_all.deb ...
#7 83.03 Unpacking python3-cssselect (1.2.0-2) ...
#7 83.07 Setting up libpipewire-0.3-common (1.0.5-1ubuntu3.2) ...
#7 83.08 Setting up media-types (10.1.0) ...
#7 83.10 Setting up javascript-common (11+nmu1) ...
#7 83.12 Setting up libgraphite2-3:amd64 (1.3.14-2build1) ...
#7 83.13 Setting up liblcms2-2:amd64 (2.14-2build1) ...
#7 83.14 Setting up libpixman-1-0:amd64 (0.42.2-1build1) ...
#7 83.14 Setting up libcdparanoia0:amd64 (3.10.2+debian-14build3) ...
#7 83.15 Setting up libsharpyuv0:amd64 (1.3.2-0.4build3) ...
#7 83.16 Setting up libaom3:amd64 (3.8.2-2ubuntu0.1) ...
#7 83.17 Setting up libpciaccess0:amd64 (0.17-3ubuntu0.24.04.2) ...
#7 83.18 Setting up systemd-sysv (255.4-1ubuntu8.14) ...
#7 83.20 Setting up libxau6:amd64 (1:1.0.9-1build6) ...
#7 83.21 Setting up libraw1394-11:amd64 (2.1.2-2build3) ...
#7 83.21 Setting up libkeyutils1:amd64 (1.6.3-3build1) ...
#7 83.22 Setting up linux-headers-6.8.0-106 (6.8.0-106.106) ...
#7 83.23 Setting up libtag1v5-vanilla:amd64 (1.13.1-1build1) ...
#7 83.23 Setting up libgpm2:amd64 (1.20.7-11) ...
#7 83.24 Setting up libatm1t64:amd64 (1:2.5.1-5.1build1) ...
#7 83.25 Setting up libogg0:amd64 (1.3.5-3build1) ...
#7 83.25 Setting up libzstd-dev:amd64 (1.5.5+dfsg2-2build1.1) ...
#7 83.26 Setting up liblerc4:amd64 (4.0.0+ds-4ubuntu2) ...
#7 83.27 Setting up libspeex1:amd64 (1.2.1-2ubuntu2.24.04.1) ...
#7 83.28 Setting up libgdbm6t64:amd64 (1.23-5.1build1) ...
#7 83.28 Setting up hicolor-icon-theme (0.17-2) ...
#7 83.30 Setting up libtwolame0:amd64 (0.4.0-2build3) ...
#7 83.31 Setting up libvte-2.91-common (0.76.0-1ubuntu0.1) ...
#7 83.32 Setting up libdatrie1:amd64 (0.2.13-3build1) ...
#7 83.33 Setting up libgdbm-compat4t64:amd64 (1.23-5.1build1) ...
#7 83.34 Setting up xdg-user-dirs (0.18-1build1) ...
#7 83.35 Setting up libmagic-mgc (1:5.45-3build1) ...
#7 83.36 Setting up libvisual-0.4-0:amd64 (0.4.2-2build1) ...
#7 83.37 Setting up libcbor0.10:amd64 (0.10.2-1.2ubuntu2) ...
#7 83.38 Setting up manpages (6.7-2) ...
#7 83.39 Setting up libglvnd0:amd64 (1.7.0-1build1) ...
#7 83.40 Setting up fonts-lyx (2.4.0~RC3-1build4) ...
#7 83.40 Setting up libbrotli1:amd64 (1.1.0-2build2) ...
#7 83.41 Setting up libsqlite3-0:amd64 (3.45.1-1ubuntu2.5) ...
#7 83.42 Setting up libsasl2-modules:amd64 (2.1.28+dfsg1-5ubuntu3.1) ...
#7 83.43 Setting up libgdk-pixbuf2.0-common (2.42.10+dfsg-3ubuntu3.2) ...
#7 83.44 Setting up libmagic1t64:amd64 (1:5.45-3build1) ...
#7 83.45 Setting up binutils-common:amd64 (2.42-4ubuntu2.10) ...
#7 83.47 Setting up x11-common (1:7.7+23ubuntu3) ...
#7 83.55 invoke-rc.d: could not determine current runlevel
#7 83.55 invoke-rc.d: policy-rc.d denied execution of start.
#7 83.56 Setting up libsensors-config (1:3.6.0-9build1) ...
#7 83.57 Setting up libpsl5t64:amd64 (0.21.2-1.1build1) ...
#7 83.58 Setting up msr-tools (1.3-5build1) ...
#7 83.59 Setting up libnghttp2-14:amd64 (1.59.0-1ubuntu0.2) ...
#7 83.59 Setting up libdeflate0:amd64 (1.19-1build1.1) ...
#7 83.60 Setting up less (590-2ubuntu2.1) ...
#7 83.61 Setting up libwebrtc-audio-processing1:amd64 (0.3.1-0ubuntu6) ...
#7 83.62 Setting up linux-libc-dev:amd64 (6.8.0-106.106) ...
#7 83.62 Setting up libctf-nobfd0:amd64 (2.42-4ubuntu2.10) ...
#7 83.63 Setting up libboost-thread1.83.0:amd64 (1.83.0-2.1ubuntu3.2) ...
#7 83.64 Setting up m4 (1.4.19-4build1) ...
#7 83.65 Setting up libnss-systemd:amd64 (255.4-1ubuntu8.14) ...
#7 83.66 Setting up libqhull-r8.0:amd64 (2020.2-6build1) ...
#7 83.67 Setting up xkb-data (2.41-2ubuntu1.1) ...
#7 83.67 Setting up krb5-locales (1.20.1-6ubuntu2.6) ...
#7 83.68 Setting up file (1:5.45-3build1) ...
#7 83.69 Setting up libsoup-3.0-common (3.4.4-5ubuntu0.7) ...
#7 83.70 Setting up kmod (31+20240202-2ubuntu7.1) ...
#7 83.72 sed: can't read /etc/modules: No such file or directory
#7 83.73 Setting up libmpg123-0t64:amd64 (1.32.5-1ubuntu1.1) ...
#7 83.74 Setting up libgomp1:amd64 (14.2.0-4ubuntu2~24.04.1) ...
#7 83.75 Setting up libfdt1:amd64 (1.7.0-2build1) ...
#7 83.76 Setting up libldap-common (2.6.10+dfsg-0ubuntu0.24.04.1) ...
#7 83.77 Setting up libunwind8:amd64 (1.6.2-3build1.1) ...
#7 83.77 Setting up libjbig0:amd64 (2.1-6.1ubuntu2) ...
#7 83.78 Setting up libsframe1:amd64 (2.42-4ubuntu2.10) ...
#7 83.79 Setting up libelf1t64:amd64 (0.190-1.1ubuntu0.1) ...
#7 83.80 Setting up libnfs14:amd64 (5.0.2-1build1) ...
#7 83.81 Setting up libjansson4:amd64 (2.14-2build2) ...
#7 83.82 Setting up liborc-0.4-0t64:amd64 (1:0.4.38-1ubuntu0.1) ...
#7 83.83 Setting up acl (2.3.2-1build1.1) ...
#7 83.85 Setting up libkrb5support0:amd64 (1.20.1-6ubuntu2.6) ...
#7 83.85 Setting up libdw1t64:amd64 (0.190-1.1ubuntu0.1) ...
#7 83.86 Setting up ovmf (2024.02-2ubuntu0.7) ...
#7 83.87 Setting up libsasl2-modules-db:amd64 (2.1.28+dfsg1-5ubuntu3.1) ...
#7 83.88 Setting up tzdata (2025b-0ubuntu0.24.04.1) ...
#7 83.93 
#7 83.93 Current default time zone: 'Etc/UTC'
#7 83.93 Local time is now:      Tue Mar 31 09:03:47 UTC 2026.
#7 83.93 Universal Time is now:  Tue Mar 31 09:03:47 UTC 2026.
#7 83.93 Run 'dpkg-reconfigure tzdata' if you wish to change it.
#7 83.93 
#7 83.94 Setting up libcap2-bin (1:2.66-5ubuntu2.2) ...
#7 83.95 Setting up unicode-data (15.1.0-1) ...
#7 83.96 Setting up libasound2-data (1.2.11-1ubuntu0.2) ...
#7 83.97 Setting up libglib2.0-0t64:amd64 (2.80.0-6ubuntu3.8) ...
#7 83.98 Setting up libblas3:amd64 (3.12.0-3build1.1) ...
#7 83.99 update-alternatives: using /usr/lib/x86_64-linux-gnu/blas/libblas.so.3 to provide /usr/lib/x86_64-linux-gnu/libblas.so.3 (libblas.so.3-x86_64-linux-gnu) in auto mode
#7 83.99 Setting up libglib2.0-data (2.80.0-6ubuntu3.8) ...
#7 84.00 Setting up libpkgconf3:amd64 (1.8.1-2build1) ...
#7 84.01 Setting up rpcsvc-proto (1.4.2-0ubuntu7) ...
#7 84.01 Setting up libasound2t64:amd64 (1.2.11-1ubuntu0.2) ...
#7 84.02 Setting up gcc-13-base:amd64 (13.3.0-6ubuntu2~24.04.1) ...
#7 84.03 Setting up libslang2:amd64 (2.3.3-3build2) ...
#7 84.04 Setting up libx11-data (2:1.8.7-1build1) ...
#7 84.04 Setting up make (4.3-4.1build2) ...
#7 84.05 Setting up libepoxy0:amd64 (1.5.10-1build1) ...
#7 84.06 Setting up libmpfr6:amd64 (4.2.1-1build1.1) ...
#7 84.07 Setting up libnspr4:amd64 (2:4.35-1.1build1) ...
#7 84.08 Setting up librtmp1:amd64 (2.4+20151223.gitfa8646d.1-2build7) ...
#7 84.08 Setting up libboost-iostreams1.83.0:amd64 (1.83.0-2.1ubuntu3.2) ...
#7 84.09 Setting up libavahi-common-data:amd64 (0.8-13ubuntu6.1) ...
#7 84.10 Setting up libncurses6:amd64 (6.4+20240113-1ubuntu2) ...
#7 84.11 Setting up libdbus-1-3:amd64 (1.14.10-4ubuntu4.1) ...
#7 84.12 Setting up libasm1t64:amd64 (0.190-1.1ubuntu0.1) ...
#7 84.12 Setting up libfribidi0:amd64 (1.0.13-3build1) ...
#7 84.13 Setting up perl-modules-5.38 (5.38.2-3.2ubuntu0.2) ...
#7 84.14 Setting up libopus0:amd64 (1.4-1build1) ...
#7 84.15 Setting up libquadmath0:amd64 (14.2.0-4ubuntu2~24.04.1) ...
#7 84.16 Setting up libimagequant0:amd64 (2.18.0-1build1) ...
#7 84.17 Setting up fonts-dejavu-mono (2.37-8) ...
#7 84.19 Setting up libssl-dev:amd64 (3.0.13-0ubuntu3.7) ...
#7 84.19 Setting up libpng16-16t64:amd64 (1.6.43-5ubuntu0.5) ...
#7 84.20 Setting up libmpc3:amd64 (1.3.1-1build1.1) ...
#7 84.21 Setting up libmnl0:amd64 (1.0.5-2build1) ...
#7 84.22 Setting up systemd-timesyncd (255.4-1ubuntu8.14) ...
#7 84.24 Creating group 'systemd-timesync' with GID 997.
#7 84.24 Creating user 'systemd-timesync' (systemd Time Synchronization) with UID 997 and GID 997.
#7 84.30 Created symlink /etc/systemd/system/dbus-org.freedesktop.timesync1.service → /usr/lib/systemd/system/systemd-timesyncd.service.
#7 84.30 Created symlink /etc/systemd/system/sysinit.target.wants/systemd-timesyncd.service → /usr/lib/systemd/system/systemd-timesyncd.service.
#7 84.31 Setting up libatomic1:amd64 (14.2.0-4ubuntu2~24.04.1) ...
#7 84.32 Setting up libvorbis0a:amd64 (1.3.7-1build3) ...
#7 84.33 Setting up patch (2.7.6-7build3) ...
#7 84.33 Setting up libtcl8.6:amd64 (8.6.14+dfsg-1build1) ...
#7 84.34 Setting up fonts-dejavu-core (2.37-8) ...
#7 84.39 Setting up libdv4t64:amd64 (1.0.0-17.1build1) ...
#7 84.39 Setting up libfl2:amd64 (2.6.4-8.2build1) ...
#7 84.40 Setting up libpcsclite1:amd64 (2.0.3-1build1) ...
#7 84.41 Setting up pkgconf-bin (1.8.1-2build1) ...
#7 84.41 Setting up gir1.2-glib-2.0:amd64 (2.80.0-6ubuntu3.8) ...
#7 84.42 Setting up libsensors5:amd64 (1:3.6.0-9build1) ...
#7 84.43 Setting up libk5crypto3:amd64 (1.20.1-6ubuntu2.6) ...
#7 84.44 Setting up libjpeg-turbo8:amd64 (2.1.5-2ubuntu2) ...
#7 84.44 Setting up libfuse3-3:amd64 (3.14.0-5build1) ...
#7 84.45 Setting up libdaxctl1:amd64 (77-2ubuntu2) ...
#7 84.46 Setting up libxtables12:amd64 (1.8.10-3ubuntu2) ...
#7 84.47 Setting up qemu-system-data (1:8.2.2+ds-0ubuntu1.13) ...
#7 84.47 Setting up libsasl2-2:amd64 (2.1.28+dfsg1-5ubuntu3.1) ...
#7 84.48 Setting up libgfortran5:amd64 (14.2.0-4ubuntu2~24.04.1) ...
#7 84.49 Setting up libvulkan1:amd64 (1.3.275.0-1build1) ...
#7 84.50 Setting up seabios (1.16.3-2) ...
#7 84.50 Setting up libwebp7:amd64 (1.3.2-0.4build3) ...
#7 84.51 Setting up libubsan1:amd64 (14.2.0-4ubuntu2~24.04.1) ...
#7 84.52 Setting up libicu74:amd64 (74.2-1ubuntu3.1) ...
#7 84.53 Setting up libnuma1:amd64 (2.0.18-1ubuntu0.24.04.1) ...
#7 84.54 Setting up libvpx9:amd64 (1.14.0-1ubuntu2.3) ...
#7 84.55 Setting up libslirp0:amd64 (4.7.0-1ubuntu3) ...
#7 84.55 Setting up libaio1t64:amd64 (0.3.113-6build1.1) ...
#7 84.56 Setting up alsa-topology-conf (1.2.5.1-2) ...
#7 84.57 Setting up libtag1v5:amd64 (1.13.1-1build1) ...
#7 84.58 Setting up cpu-checker (0.7-1.3build2) ...
#7 84.59 Setting up dmsetup (2:1.02.185-3ubuntu3.2) ...
#7 84.60 Setting up musl:amd64 (1.2.4-2) ...
#7 84.61 Setting up libduktape207:amd64 (2.7.0+tests-0ubuntu3) ...
#7 84.62 Setting up libasyncns0:amd64 (0.8-6build4) ...
#7 84.63 Setting up libxshmfence1:amd64 (1.3-1build5) ...
#7 84.64 Setting up libhwasan0:amd64 (14.2.0-4ubuntu2~24.04.1) ...
#7 84.65 Setting up at-spi2-common (2.52.0-1build1) ...
#7 84.66 Setting up libcrypt-dev:amd64 (1:4.4.36-4build1) ...
#7 84.67 Setting up libwavpack1:amd64 (5.6.0-1build1) ...
#7 84.69 Setting up libusbredirparser1t64:amd64 (0.13.0-2.1build1) ...
#7 84.70 Setting up dbus-session-bus-common (1.14.10-4ubuntu4.1) ...
#7 84.70 Setting up ipxe-qemu (1.21.1+git-20220113.fbbdc3926-0ubuntu2) ...
#7 84.71 Setting up libasan8:amd64 (14.2.0-4ubuntu2~24.04.1) ...
#7 84.72 Setting up libnl-3-200:amd64 (3.7.0-0.3build1.1) ...
#7 84.74 Setting up bison (2:3.8.2+dfsg-1build2) ...
#7 84.74 update-alternatives: using /usr/bin/bison.yacc to provide /usr/bin/yacc (yacc) in auto mode
#7 84.74 update-alternatives: warning: skip creation of /usr/share/man/man1/yacc.1.gz because associated file /usr/share/man/man1/bison.yacc.1.gz (of link group yacc) doesn't exist
#7 84.75 Setting up libndctl6:amd64 (77-2ubuntu2) ...
#7 84.75 Setting up libopenjp2-7:amd64 (2.5.0-2ubuntu0.4) ...
#7 84.76 Setting up git-man (1:2.43.0-1ubuntu7.3) ...
#7 84.77 Setting up libthai-data (0.1.29-2build1) ...
#7 84.77 Setting up libgirepository-1.0-1:amd64 (1.80.1-1) ...
#7 84.78 Setting up ipxe-qemu-256k-compat-efi-roms (1.0.0+git-20150424.a25a16d-0ubuntu5) ...
#7 84.79 Setting up netbase (6.4) ...
#7 84.80 Setting up libkrb5-3:amd64 (1.20.1-6ubuntu2.6) ...
#7 84.81 Setting up libflac12t64:amd64 (1.4.3+ds-2.1ubuntu2) ...
#7 84.82 Setting up libbrlapi0.8:amd64 (6.6-4ubuntu5) ...
#7 84.83 Setting up libwayland-egl1:amd64 (1.22.0-2.1build1) ...
#7 84.83 Setting up libusb-1.0-0:amd64 (2:1.0.27-1) ...
#7 84.84 Setting up libperl5.38t64:amd64 (5.38.2-3.2ubuntu0.2) ...
#7 84.85 Setting up libtsan2:amd64 (14.2.0-4ubuntu2~24.04.1) ...
#7 84.86 Setting up libjs-jquery (3.6.1+dfsg+~3.5.14-1) ...
#7 84.87 Setting up glib-networking-common (2.80.0-1build1) ...
#7 84.87 Setting up libbinutils:amd64 (2.42-4ubuntu2.10) ...
#7 84.88 Setting up liburing2:amd64 (2.5-1build1) ...
#7 84.89 Setting up dbus-system-bus-common (1.14.10-4ubuntu4.1) ...
#7 84.96 Setting up libfido2-1:amd64 (1.14.0-1build3) ...
#7 84.96 Setting up libisl23:amd64 (0.26-3build1.1) ...
#7 84.97 Setting up libde265-0:amd64 (1.0.15-1build3) ...
#7 84.98 Setting up libc-dev-bin (2.39-0ubuntu8.7) ...
#7 84.99 Setting up libsamplerate0:amd64 (0.2.2-4build1) ...
#7 85.00 Setting up libpmem1:amd64 (1.13.1-1.1ubuntu2) ...
#7 85.01 Setting up python-matplotlib-data (3.6.3-1ubuntu5) ...
#7 85.02 Setting up openssl (3.0.13-0ubuntu3.7) ...
#7 85.03 Setting up libwebpmux3:amd64 (1.3.2-0.4build3) ...
#7 85.04 Setting up libbsd0:amd64 (0.12.1-1build1.1) ...
#7 85.05 Setting up libcap-dev:amd64 (1:2.66-5ubuntu2.2) ...
#7 85.06 Setting up libdrm-common (2.4.125-1ubuntu0.1~24.04.1) ...
#7 85.07 Setting up libpam-cap:amd64 (1:2.66-5ubuntu2.2) ...
#7 85.14 Setting up iputils-ping (3:20240117-1ubuntu0.1) ...
#7 85.15 Setting up readline-common (8.2-4build1) ...
#7 85.16 Setting up publicsuffix (20231001.0357-0.1) ...
#7 85.19 Setting up libxml2:amd64 (2.9.14+dfsg-1.3ubuntu3.7) ...
#7 85.20 Setting up libcc1-0:amd64 (14.2.0-4ubuntu2~24.04.1) ...
#7 85.20 Setting up libldap2:amd64 (2.6.10+dfsg-0ubuntu0.24.04.1) ...
#7 85.21 Setting up iso-codes (4.16.0-1) ...
#7 85.22 Setting up dbus-bin (1.14.10-4ubuntu4.1) ...
#7 85.22 Setting up libonig5:amd64 (6.9.9-1build1) ...
#7 85.23 Setting up liblocale-gettext-perl (1.07-6ubuntu5) ...
#7 85.24 Setting up libgudev-1.0-0:amd64 (1:238-5ubuntu1) ...
#7 85.25 Setting up libbpf1:amd64 (1:1.3.0-2build2) ...
#7 85.25 Setting up liblsan0:amd64 (14.2.0-4ubuntu2~24.04.1) ...
#7 85.26 Setting up libgstreamer1.0-0:amd64 (1.24.2-1ubuntu0.1) ...
#7 85.27 Setcap worked! gst-ptp-helper is not suid!
#7 85.27 Setting up libmp3lame0:amd64 (3.100-6build1) ...
#7 85.28 Setting up libitm1:amd64 (14.2.0-4ubuntu2~24.04.1) ...
#7 85.28 Setting up libvorbisenc2:amd64 (1.3.7-1build3) ...
#7 85.29 Setting up libpopt0:amd64 (1.19+dfsg-1build1) ...
#7 85.30 Setting up ethtool (1:6.7-1build1) ...
#7 85.31 Setting up libiec61883-0:amd64 (1.2.0-6build1) ...
#7 85.32 Setting up libxkbcommon0:amd64 (1.6.0-1build1) ...
#7 85.33 Setting up libwayland-client0:amd64 (1.22.0-2.1build1) ...
#7 85.34 Setting up libctf0:amd64 (2.42-4ubuntu2.10) ...
#7 85.34 Setting up libjpeg8:amd64 (8c-2ubuntu11) ...
#7 85.35 Setting up libavc1394-0:amd64 (0.5.4-5build3) ...
#7 85.36 Setting up elfutils (0.190-1.1ubuntu0.1) ...
#7 85.37 Setting up manpages-dev (6.7-2) ...
#7 85.37 Setting up session-migration (0.3.9build1) ...
#7 85.43 Created symlink /etc/systemd/user/graphical-session-pre.target.wants/session-migration.service → /usr/lib/systemd/user/session-migration.service.
#7 85.44 Setting up libxdmcp6:amd64 (1:1.1.3-0ubuntu6) ...
#7 85.45 Setting up flex (2.6.4-8.2build1) ...
#7 85.46 Setting up liblapack3:amd64 (3.12.0-3build1.1) ...
#7 85.46 update-alternatives: using /usr/lib/x86_64-linux-gnu/lapack/liblapack.so.3 to provide /usr/lib/x86_64-linux-gnu/liblapack.so.3 (liblapack.so.3-x86_64-linux-gnu) in auto mode
#7 85.47 Setting up libxcb1:amd64 (1.15-1ubuntu2) ...
#7 85.48 Setting up libxcb-xfixes0:amd64 (1.15-1ubuntu2) ...
#7 85.48 Setting up libatk1.0-0t64:amd64 (2.52.0-1build1) ...
#7 85.49 Setting up libcaca0:amd64 (0.99.beta20-4ubuntu0.1) ...
#7 85.50 Setting up libv4lconvert0t64:amd64 (1.26.1-4build3) ...
#7 85.51 Setting up alsa-ucm-conf (1.2.10-1ubuntu5.10) ...
#7 85.52 Setting up libxcb-render0:amd64 (1.15-1ubuntu2) ...
#7 85.53 Setting up cpp-13-x86-64-linux-gnu (13.3.0-6ubuntu2~24.04.1) ...
#7 85.54 Setting up libjq1:amd64 (1.7.1-3ubuntu0.24.04.1) ...
#7 85.55 Setting up fontconfig-config (2.15.0-1.1ubuntu2) ...
#7 85.66 Setting up iproute2 (6.1.0-1ubuntu6.2) ...
#7 85.73 Setting up libxcb-glx0:amd64 (1.15-1ubuntu2) ...
#7 85.74 Setting up libwebpdemux2:amd64 (1.3.2-0.4build3) ...
#7 85.75 Setting up libedit2:amd64 (3.1-20230828-1build1) ...
#7 85.75 Setting up libavahi-common3:amd64 (0.8-13ubuntu6.1) ...
#7 85.76 Setting up libnss3:amd64 (2:3.98-1ubuntu0.1) ...
#7 85.77 Setting up libxcb-shm0:amd64 (1.15-1ubuntu2) ...
#7 85.77 Setting up dbus-daemon (1.14.10-4ubuntu4.1) ...
#7 85.79 Setting up linux-headers-6.8.0-106-generic (6.8.0-106.106) ...
#7 85.80 Setting up libcacard0:amd64 (1:2.8.0-3build4) ...
#7 85.81 Setting up libcolord2:amd64 (1.4.7-1build2) ...
#7 85.81 Setting up libfl-dev:amd64 (2.6.4-8.2build1) ...
#7 85.82 Setting up pkgconf:amd64 (1.8.1-2build1) ...
#7 85.83 Setting up libnl-route-3-200:amd64 (3.7.0-0.3build1.1) ...
#7 85.84 Setting up libxcb-present0:amd64 (1.15-1ubuntu2) ...
#7 85.84 Setting up libdconf1:amd64 (0.40.0-4ubuntu0.1) ...
#7 85.85 Setting up libthai0:amd64 (0.1.29-2build1) ...
#7 85.86 Setting up ca-certificates (20240203) ...
#7 86.21 Updating certificates in /etc/ssl/certs...
#7 86.61 146 added, 0 removed; done.
#7 86.64 Setting up perl (5.38.2-3.2ubuntu0.2) ...
#7 86.65 Setting up libgprofng0:amd64 (2.42-4ubuntu2.10) ...
#7 86.66 Setting up libjs-jquery-ui (1.13.2+dfsg-1) ...
#7 86.67 Setting up libfreetype6:amd64 (2.13.2+dfsg-1ubuntu0.1) ...
#7 86.68 Setting up libspa-0.2-modules:amd64 (1.0.5-1ubuntu3.2) ...
#7 86.69 Setting up libxcb-sync1:amd64 (1.15-1ubuntu2) ...
#7 86.70 Setting up gir1.2-girepository-2.0:amd64 (1.80.1-1) ...
#7 86.70 Setting up libmnl-dev:amd64 (1.0.5-2build1) ...
#7 86.71 Setting up dbus (1.14.10-4ubuntu4.1) ...
#7 86.74 Setting up shared-mime-info (2.4-4) ...
#7 88.07 Setting up libpmemobj1:amd64 (1.13.1-1.1ubuntu2) ...
#7 88.08 Setting up libgssapi-krb5-2:amd64 (1.20.1-6ubuntu2.6) ...
#7 88.09 Setting up libllvm20:amd64 (1:20.1.2-0ubuntu1~24.04.2) ...
#7 88.10 Setting up pkg-config:amd64 (1.8.1-2build1) ...
#7 88.11 Setting up libssh-4:amd64 (0.10.6-2ubuntu0.4) ...
#7 88.11 Setting up libreadline8t64:amd64 (8.2-4build1) ...
#7 88.12 Setting up libv4l-0t64:amd64 (1.26.1-4build3) ...
#7 88.13 Setting up libjack-jackd2-0:amd64 (1.9.21~dfsg-3ubuntu3) ...
#7 88.14 Setting up libdrm2:amd64 (2.4.125-1ubuntu0.1~24.04.1) ...
#7 88.15 Setting up libgcc-13-dev:amd64 (13.3.0-6ubuntu2~24.04.1) ...
#7 88.16 Setting up libtiff6:amd64 (4.5.1+git230720-4ubuntu2.5) ...
#7 88.17 Setting up libwayland-cursor0:amd64 (1.22.0-2.1build1) ...
#7 88.17 Setting up libxcb-randr0:amd64 (1.15-1ubuntu2) ...
#7 88.18 Setting up jq (1.7.1-3ubuntu0.24.04.1) ...
#7 88.19 Setting up libxslt1.1:amd64 (1.1.39-0exp1ubuntu0.24.04.3) ...
#7 88.20 Setting up libpam-systemd:amd64 (255.4-1ubuntu8.14) ...
#7 88.27 Setting up libdecor-0-0:amd64 (0.2.2-1build2) ...
#7 88.28 Setting up libc6-dev:amd64 (2.39-0ubuntu8.7) ...
#7 88.29 Setting up libx11-6:amd64 (2:1.8.7-1build1) ...
#7 88.30 Setting up libharfbuzz0b:amd64 (8.3.0-2build2) ...
#7 88.31 Setting up libgdk-pixbuf-2.0-0:amd64 (2.42.10+dfsg-3ubuntu3.2) ...
#7 88.32 Setting up libfontconfig1:amd64 (2.15.0-1.1ubuntu2) ...
#7 88.33 Setting up libsndfile1:amd64 (1.2.2-1ubuntu5.24.04.1) ...
#7 88.34 Setting up qemu-utils (1:8.2.2+ds-0ubuntu1.13) ...
#7 88.35 Setting up keyboard-configuration (1.226ubuntu1) ...
#7 88.66 Your console font configuration will be updated the next time your system
#7 88.66 boots. If you want to update it now, run 'setupcon' from a virtual console.
#7 88.68 Setting up libxcomposite1:amd64 (1:0.4.5-1build3) ...
#7 88.68 Setting up libpipewire-0.3-0t64:amd64 (1.0.5-1ubuntu3.2) ...
#7 88.69 Setting up libavahi-client3:amd64 (0.8-13ubuntu6.1) ...
#7 88.70 Setting up libxmuu1:amd64 (2:1.1.3-3build2) ...
#7 88.71 Setting up rsync (3.2.7-1ubuntu1.2) ...
#7 88.72 invoke-rc.d: could not determine current runlevel
#7 88.73 invoke-rc.d: policy-rc.d denied execution of start.
#7 88.76 Setting up libstdc++-13-dev:amd64 (13.3.0-6ubuntu2~24.04.1) ...
#7 88.77 Setting up liblbfgsb0:amd64 (3.0+dfsg.4-1build1) ...
#7 88.78 Setting up libaa1:amd64 (1.4p5-51.1) ...
#7 88.79 Setting up systemd-resolved (255.4-1ubuntu8.14) ...
#7 88.80 Converting /etc/resolv.conf to a symlink to /run/systemd/resolve/stub-resolv.conf...
#7 88.80 mv: cannot move '/etc/resolv.conf' to '/etc/.resolv.conf.systemd-resolved.bak': Device or resource busy
#7 88.80 Cannot take a backup of /etc/resolv.conf.
#7 88.80 ln: failed to create symbolic link '/etc/resolv.conf': Device or resource busy
#7 88.80 Cannot install symlink from /etc/resolv.conf to ../run/systemd/resolve/stub-resolv.conf
#7 88.80 Creating group 'systemd-resolve' with GID 996.
#7 88.80 Creating user 'systemd-resolve' (systemd Resolver) with UID 996 and GID 996.
#7 88.87 Created symlink /etc/systemd/system/dbus-org.freedesktop.resolve1.service → /usr/lib/systemd/system/systemd-resolved.service.
#7 88.87 Created symlink /etc/systemd/system/sysinit.target.wants/systemd-resolved.service → /usr/lib/systemd/system/systemd-resolved.service.
#7 88.87 Setting up binutils-x86-64-linux-gnu (2.42-4ubuntu2.10) ...
#7 88.88 Setting up libdrm-amdgpu1:amd64 (2.4.125-1ubuntu0.1~24.04.1) ...
#7 88.89 Setting up cpp-x86-64-linux-gnu (4:13.2.0-7ubuntu1) ...
#7 88.90 Setting up libxcb-dri3-0:amd64 (1.15-1ubuntu2) ...
#7 88.91 Setting up gtk-update-icon-cache (3.24.41-4ubuntu1.3) ...
#7 88.91 Setting up libx11-xcb1:amd64 (2:1.8.7-1build1) ...
#7 88.92 Setting up libibverbs1:amd64 (50.0-2ubuntu0.2) ...
#7 88.96 Setting up fontconfig (2.15.0-1.1ubuntu2) ...
#7 88.97 Regenerating fonts cache... done.
#7 91.00 Setting up libxdamage1:amd64 (1:1.1.6-1build1) ...
#7 91.01 Setting up qemu-system-common (1:8.2.2+ds-0ubuntu1.13) ...
#7 91.07 Created symlink /etc/systemd/system/multi-user.target.wants/qemu-kvm.service → /usr/lib/systemd/system/qemu-kvm.service.
#7 91.08 Setting up libpython3.12-stdlib:amd64 (3.12.3-1ubuntu0.12) ...
#7 91.09 Setting up libxpm4:amd64 (1:3.5.17-1build2) ...
#7 91.10 Setting up cpp-13 (13.3.0-6ubuntu2~24.04.1) ...
#7 91.11 Setting up libxrender1:amd64 (1:0.9.10-1.1build1) ...
#7 91.12 Setting up ibverbs-providers:amd64 (50.0-2ubuntu0.2) ...
#7 91.19 Setting up libpulse0:amd64 (1:16.1+dfsg1-2ubuntu10.1) ...
#7 91.20 Setting up openssh-client (1:9.6p1-3ubuntu13.15) ...
#7 91.25 Setting up gcc-13-x86-64-linux-gnu (13.3.0-6ubuntu2~24.04.1) ...
#7 91.25 Setting up python3.12 (3.12.3-1ubuntu0.12) ...
#7 91.70 Setting up libpango-1.0-0:amd64 (1.52.1+ds-1build1) ...
#7 91.71 Setting up libdrm-intel1:amd64 (2.4.125-1ubuntu0.1~24.04.1) ...
#7 91.71 Setting up libcurl3t64-gnutls:amd64 (8.5.0-2ubuntu10.8) ...
#7 91.72 Setting up libxext6:amd64 (2:1.3.4-1build2) ...
#7 91.73 Setting up bc (1.07.1-3ubuntu4) ...
#7 91.74 Setting up libgstreamer-plugins-base1.0-0:amd64 (1.24.2-1ubuntu0.4) ...
#7 91.74 Setting up linux-headers-generic (6.8.0-106.106) ...
#7 91.75 Setting up binutils (2.42-4ubuntu2.10) ...
#7 91.76 Setting up libcairo2:amd64 (1.18.0-3build1) ...
#7 91.77 Setting up libxxf86vm1:amd64 (1:1.1.4-1build4) ...
#7 91.77 Setting up liberror-perl (0.17029-2) ...
#7 91.78 Setting up dbus-user-session (1.14.10-4ubuntu4.1) ...
#7 91.79 Setting up libgstreamer-plugins-good1.0-0:amd64 (1.24.2-1ubuntu1.3) ...
#7 91.80 Setting up libxfixes3:amd64 (1:6.0.0-2build1) ...
#7 91.81 Setting up libraqm0:amd64 (0.10.1-1build1) ...
#7 91.82 Setting up libxinerama1:amd64 (2:1.1.4-3build1) ...
#7 91.83 Setting up libxv1:amd64 (2:1.0.11-1.1build1) ...
#7 91.83 Setting up gcc-13 (13.3.0-6ubuntu2~24.04.1) ...
#7 91.84 Setting up libxrandr2:amd64 (2:1.5.2-2build1) ...
#7 91.85 Setting up git (1:2.43.0-1ubuntu7.3) ...
#7 91.87 Setting up zlib1g-dev:amd64 (1:1.3.dfsg-3.1ubuntu2.1) ...
#7 91.87 Setting up xauth (1:1.1.2-1build1) ...
#7 91.88 Setting up libgdk-pixbuf2.0-bin (2.42.10+dfsg-3ubuntu3.2) ...
#7 91.89 Setting up cpp (4:13.2.0-7ubuntu1) ...
#7 91.90 Setting up libtheora0:amd64 (1.1.1+dfsg.1-16.1build3) ...
#7 91.91 Setting up librdmacm1t64:amd64 (50.0-2ubuntu0.2) ...
#7 91.92 Setting up libpcap0.8t64:amd64 (1.10.4-4.1ubuntu3) ...
#7 91.93 Setting up libcairo-gobject2:amd64 (1.18.0-3build1) ...
#7 91.94 Setting up libxss1:amd64 (1:1.2.3-1build3) ...
#7 91.95 Setting up libpangoft2-1.0-0:amd64 (1.52.1+ds-1build1) ...
#7 91.96 Setting up libiscsi7:amd64 (1.19.0-3build4) ...
#7 91.97 Setting up libcups2t64:amd64 (2.4.7-1.2ubuntu7.9) ...
#7 91.98 Setting up libpangocairo-1.0-0:amd64 (1.52.1+ds-1build1) ...
#7 91.98 Setting up libpython3-stdlib:amd64 (3.12.3-0ubuntu2.1) ...
#7 91.99 Setting up mesa-vulkan-drivers:amd64 (25.2.8-0ubuntu0.24.04.1) ...
#7 92.00 Setting up mesa-libgallium:amd64 (25.2.8-0ubuntu0.24.04.1) ...
#7 92.00 Setting up librados2 (19.2.3-0ubuntu0.24.04.3) ...
#7 92.01 Setting up libxft2:amd64 (2.3.6-1build1) ...
#7 92.02 Setting up libproxy1v5:amd64 (0.5.4-4build1) ...
#7 92.02 Setting up g++-13-x86-64-linux-gnu (13.3.0-6ubuntu2~24.04.1) ...
#7 92.03 Setting up libxi6:amd64 (2:1.8.1-1build1) ...
#7 92.04 Setting up gcc-x86-64-linux-gnu (4:13.2.0-7ubuntu1) ...
#7 92.05 Setting up libgbm1:amd64 (25.2.8-0ubuntu0.24.04.1) ...
#7 92.05 Setting up libxtst6:amd64 (2:1.2.3-1.1build1) ...
#7 92.06 Setting up libtk8.6:amd64 (8.6.14-1build1) ...
#7 92.07 Setting up libxcursor1:amd64 (1:1.2.1-1build1) ...
#7 92.08 Setting up libspice-server1:amd64 (0.15.1-1build2) ...
#7 92.08 Setting up libgl1-mesa-dri:amd64 (25.2.8-0ubuntu0.24.04.1) ...
#7 92.09 Setting up qemu-system-x86 (1:8.2.2+ds-0ubuntu1.13) ...
#7 92.11 Setting up dconf-service (0.40.0-4ubuntu0.1) ...
#7 92.11 Setting up python3 (3.12.3-0ubuntu2.1) ...
#7 92.17 Setting up python3-webencodings (0.5.1-5) ...
#7 92.24 Setting up python3-psutil (5.9.8-2build2) ...
#7 92.39 Setting up python3-tz (2024.1-2) ...
#7 92.46 Setting up gcc (4:13.2.0-7ubuntu1) ...
#7 92.47 Setting up librsvg2-2:amd64 (2.58.0+dfsg-1build1) ...
#7 92.48 Setting up python3-six (1.16.0-4) ...
#7 92.55 Setting up python3-pil:amd64 (10.2.0-1ubuntu1) ...
#7 92.72 Setting up python3-decorator (5.1.1-5) ...
#7 92.84 Setting up musl-dev:amd64 (1.2.4-2) ...
#7 92.89 Setting up python3-packaging (24.0-1) ...
#7 92.97 Setting up gstreamer1.0-plugins-base:amd64 (1.24.2-1ubuntu0.4) ...
#7 92.98 Setting up python3-wcwidth (0.2.5+dfsg1-1.1ubuntu1) ...
#7 93.07 Setting up python3-pyparsing (3.1.1-1) ...
#7 93.16 Setting up libvirglrenderer1:amd64 (1.0.0-1ubuntu2) ...
#7 93.17 Setting up python3-certifi (2023.11.17-1) ...
#7 93.24 Setting up python3-typeshed (0.0~git20231111.6764465-3) ...
#7 93.25 Setting up python3-brotli (1.1.0-2build2) ...
#7 93.31 Setting up libatspi2.0-0t64:amd64 (2.52.0-1build1) ...
#7 93.32 Setting up python3-gi (3.48.2-1) ...
#7 93.41 Setting up python3-cycler (0.11.0-2) ...
#7 93.48 Setting up python3-kiwisolver (1.4.4-2build1) ...
#7 93.54 Setting up libshout3:amd64 (2.4.6-1build2) ...
#7 93.56 Setting up python3-idna (3.6-2ubuntu0.1) ...
#7 93.66 Setting up libelf-dev:amd64 (0.190-1.1ubuntu0.1) ...
#7 93.66 Setting up librbd1 (19.2.3-0ubuntu0.24.04.3) ...
#7 93.67 Setting up librsvg2-common:amd64 (2.58.0+dfsg-1build1) ...
#7 93.68 Setting up python3-html5lib (1.1-6) ...
#7 93.79 Setting up python3-urllib3 (2.0.7-1ubuntu0.6) ...
#7 93.88 Setting up python3-scapy (2.5.0+dfsg-2ubuntu1) ...
#7 94.46 Setting up python3-lxml:amd64 (5.2.1-1) ...
#7 94.54 Setting up python3-traitlets (5.5.0-2) ...
#7 94.65 Setting up g++-x86-64-linux-gnu (4:13.2.0-7ubuntu1) ...
#7 94.65 Setting up python3-dateutil (2.8.2-3ubuntu1) ...
#7 94.74 Setting up python3-mpmath (1.2.1-3) ...
#7 94.98 Setting up python3-argcomplete (3.1.4-1ubuntu0.1) ...
#7 95.05 Setting up libsdl2-2.0-0:amd64 (2.30.0+dfsg-1ubuntu3.1) ...
#7 95.06 Setting up python3-cssselect (1.2.0-2) ...
#7 95.13 Setting up python3-appdirs (1.4.4-4) ...
#7 95.19 Setting up python3-soupsieve (2.5-1) ...
#7 95.26 Setting up qemu-block-extra (1:8.2.2+ds-0ubuntu1.13) ...
#7 95.33 Created symlink /etc/systemd/system/multi-user.target.wants/run-qemu.mount → /usr/lib/systemd/system/run-qemu.mount.
#7 95.33 Setting up python3-cffi-backend:amd64 (1.16.0-2build1) ...
#7 95.34 Setting up python3-ptyprocess (0.7.0-5) ...
#7 95.40 Setting up python3-pkg-resources (68.1.2-2ubuntu1.2) ...
#7 95.52 Setting up python3-prompt-toolkit (3.0.43-1) ...
#7 95.71 Setting up python3-pyroute2 (0.7.11-0ubuntu2) ...
#7 95.94 Setting up libatk-bridge2.0-0t64:amd64 (2.52.0-1build1) ...
#7 95.94 Setting up python3-sympy (1.12-7) ...
#7 98.40 Setting up glib-networking-services (2.80.0-1build1) ...
#7 98.41 Setting up python3-attr (23.2.0-2) ...
#7 98.49 Setting up g++-13 (13.3.0-6ubuntu2~24.04.1) ...
#7 98.50 Setting up python3-pure-eval (0.2.2-1) ...
#7 98.56 Setting up python3-dbus (1.3.2-5build3) ...
#7 98.63 Setting up tk8.6-blt2.5 (2.5.3+dfsg-7build1) ...
#7 98.64 Setting up libglx-mesa0:amd64 (25.2.8-0ubuntu0.24.04.1) ...
#7 98.65 Setting up gstreamer1.0-x:amd64 (1.24.2-1ubuntu0.4) ...
#7 98.66 Setting up qemu-system-modules-opengl (1:8.2.2+ds-0ubuntu1.13) ...
#7 98.67 Setting up python3-setuptools (68.1.2-2ubuntu1.2) ...
#7 98.91 Setting up libbpf-dev:amd64 (1:1.3.0-2build2) ...
#7 98.92 Setting up libglx0:amd64 (1.7.0-1build1) ...
#7 98.93 Setting up dconf-gsettings-backend:amd64 (0.40.0-4ubuntu0.1) ...
#7 98.93 Setting up python3-parso (0.8.3-1) ...
#7 99.02 Setting up python3-lz4 (4.0.2+dfsg-1build4) ...
#7 99.09 Setting up python3-asttokens (2.4.1-1) ...
#7 99.15 Setting up python3-unicodedata2 (15.1.0+ds-1build1) ...
#7 99.16 Setting up python3-olefile (0.46-3) ...
#7 99.23 Setting up blt (2.5.3+dfsg-7build1) ...
#7 99.24 Setting up isympy-common (1.12-7) ...
#7 99.25 Setting up python3-tk:amd64 (3.12.3-0ubuntu1) ...
#7 99.32 Setting up python3-bs4 (4.12.3-1) ...
#7 99.42 Setting up python3-matplotlib-inline (0.1.6-2) ...
#7 99.48 Setting up python3-fs (2.4.16-3) ...
#7 99.58 Setting up python3-pygments (2.17.2+dfsg-1) ...
#7 99.95 Setting up python3-chardet (5.2.0+dfsg-1) ...
#7 100.1 Setting up libgl1:amd64 (1.7.0-1build1) ...
#7 100.1 Setting up python3-pil.imagetk:amd64 (10.2.0-1ubuntu1) ...
#7 100.2 Setting up python3-executing (2.0.1-0.1) ...
#7 100.3 Setting up python3-pexpect (4.9-2) ...
#7 100.3 Setting up python3-cryptography (41.0.7-4ubuntu0.4) ...
#7 100.5 Setting up isympy3 (1.12-7) ...
#7 100.5 Setting up python3-requests (2.31.0+dfsg-1ubuntu1.1) ...
#7 100.5 Setting up python3-numpy (1:1.26.4+ds-6ubuntu1) ...
#7 101.3 Setting up g++ (4:13.2.0-7ubuntu1) ...
#7 101.3 update-alternatives: using /usr/bin/g++ to provide /usr/bin/c++ (c++) in auto mode
#7 101.3 update-alternatives: warning: skip creation of /usr/share/man/man1/c++.1.gz because associated file /usr/share/man/man1/g++.1.gz (of link group c++) doesn't exist
#7 101.3 Setting up qemu-system-modules-spice (1:8.2.2+ds-0ubuntu1.13) ...
#7 101.3 Setting up python3-contourpy (1.0.7-2build1) ...
#7 101.4 Setting up virtme-ng (1.22-1) ...
#7 101.5 Setting up python3-stack-data (0.6.3-1) ...
#7 101.6 Setting up libgtk-3-common (3.24.41-4ubuntu1.3) ...
#7 101.6 Setting up networkd-dispatcher (2.2.4-1) ...
#7 101.6 Created symlink /etc/systemd/system/multi-user.target.wants/networkd-dispatcher.service → /usr/lib/systemd/system/networkd-dispatcher.service.
#7 101.6 Setting up gsettings-desktop-schemas (46.1-0ubuntu1) ...
#7 101.6 Setting up python3-scipy (1.11.4-6build1) ...
#7 103.0 Setting up python3-jedi (0.19.1+ds1-1) ...
#7 103.1 Setting up python3-ipython (8.20.0-1) ...
#7 103.5 Setting up at-spi2-core (2.52.0-1build1) ...
#7 103.6 Setting up ipython3 (8.20.0-1) ...
#7 103.6 Setting up glib-networking:amd64 (2.80.0-1build1) ...
#7 103.6 Setting up libsoup-3.0-0:amd64 (3.4.4-5ubuntu0.7) ...
#7 103.6 Setting up gstreamer1.0-plugins-good:amd64 (1.24.2-1ubuntu1.3) ...
#7 103.6 Setting up python3-fonttools (4.46.0-1build2) ...
#7 104.0 Setting up adwaita-icon-theme (46.0-1) ...
#7 104.0 update-alternatives: using /usr/share/icons/Adwaita/cursor.theme to provide /usr/share/icons/default/index.theme (x-cursor-theme) in auto mode
#7 104.0 Setting up libgtk-3-0t64:amd64 (3.24.41-4ubuntu1.3) ...
#7 104.1 Setting up python3-ufolib2 (0.16.0+dfsg1-1) ...
#7 104.1 Setting up kbd (2.6.4-2ubuntu2) ...
#7 104.2 Setting up console-setup-linux (1.226ubuntu1) ...
#7 104.2 update-alternatives: using /etc/console-setup/vtrgb to provide /etc/vtrgb (vtrgb) in auto mode
#7 104.3 Created symlink /etc/systemd/system/sysinit.target.wants/keyboard-setup.service → /usr/lib/systemd/system/keyboard-setup.service.
#7 104.4 Created symlink /etc/systemd/system/multi-user.target.wants/console-setup.service → /usr/lib/systemd/system/console-setup.service.
#7 104.6 Created symlink /etc/systemd/system/sysinit.target.wants/setvtrgb.service → /usr/lib/systemd/system/setvtrgb.service.
#7 104.6 Setting up libdecor-0-plugin-1-gtk:amd64 (0.2.2-1build2) ...
#7 104.6 Setting up libheif-plugin-aomdec:amd64 (1.17.6-1ubuntu4.2) ...
#7 104.6 Setting up libheif-plugin-libde265:amd64 (1.17.6-1ubuntu4.2) ...
#7 104.6 Setting up console-setup (1.226ubuntu1) ...
#7 104.9 Setting up python3-matplotlib (3.6.3-1ubuntu5) ...
#7 105.5 Setting up libheif1:amd64 (1.17.6-1ubuntu4.2) ...
#7 105.5 Setting up libgtk-3-bin (3.24.41-4ubuntu1.3) ...
#7 105.5 Setting up libvte-2.91-0:amd64 (0.76.0-1ubuntu0.1) ...
#7 105.5 Setting up humanity-icon-theme (0.6.16) ...
#7 105.7 Setting up libgd3:amd64 (2.3.3-9ubuntu5) ...
#7 105.7 Setting up libc-devtools (2.39-0ubuntu8.7) ...
#7 105.7 Setting up qemu-system-gui (1:8.2.2+ds-0ubuntu1.13) ...
#7 105.7 Setting up libheif-plugin-aomenc:amd64 (1.17.6-1ubuntu4.2) ...
#7 105.7 Setting up ubuntu-mono (24.04-0ubuntu1) ...
#7 105.7 Processing triggers for libc-bin (2.39-0ubuntu8.7) ...
#7 105.8 Processing triggers for ca-certificates (20240203) ...
#7 105.8 Updating certificates in /etc/ssl/certs...
#7 106.1 0 added, 0 removed; done.
#7 106.1 Running hooks in /etc/ca-certificates/update.d...
#7 106.1 done.
#7 106.2 Processing triggers for libgdk-pixbuf-2.0-0:amd64 (2.42.10+dfsg-3ubuntu3.2) ...
#7 DONE 107.3s

#8 [ 4/20] RUN echo false > debug-mode
#8 DONE 0.3s

#9 [ 5/20] RUN addgroup --gid 1001 hostuser || true
#9 0.428 info: Adding group `hostuser' (GID 1001) ...
#9 DONE 0.5s

#10 [ 6/20] RUN adduser --uid 1001 --ingroup hostuser --no-create-home --shell /bin/sh hostuser || true
#10 0.323 info: Adding user `hostuser' ...
#10 0.325 info: Adding new user `hostuser' (1001) with group `hostuser (1001)' ...
#10 0.357 info: Not creating home directory `/home/hostuser'.
#10 0.361 New password: Password change has been aborted.
#10 0.361 passwd: Authentication token manipulation error
#10 0.361 passwd: password unchanged
#10 0.361 Use of uninitialized value $answer in chop at /usr/sbin/adduser line 847.
#10 0.361 Use of uninitialized value $answer in pattern match (m//) at /usr/sbin/adduser line 848.
#10 0.361 Use of uninitialized value $answer in pattern match (m//) at /usr/sbin/adduser line 849.
#10 0.361 Try again? [y/N] Changing the user information for hostuser
#10 0.363 Enter the new value, or press ENTER for the default
#10 0.363 	Full Name []: 	Room Number []: 	Work Phone []: 	Home Phone []: 	Other []: Use of uninitialized value $answer in chop at /usr/sbin/adduser line 877.
#10 0.368 Use of uninitialized value $answer in pattern match (m//) at /usr/sbin/adduser line 878.
#10 0.368 Use of uninitialized value $answer in pattern match (m//) at /usr/sbin/adduser line 879.
#10 0.368 Is the information correct? [Y/n] info: Adding new user `hostuser' to supplemental / extra groups `users' ...
#10 0.369 info: Adding user `hostuser' to group `users' ...
#10 DONE 0.4s

#11 [ 7/20] RUN mkdir -p /tmp/kernel-patches &&     mkdir -p /tmp/iproute2-patches
#11 DONE 0.3s

#12 [ 8/20] COPY tdc.config /tmp
#12 DONE 0.0s

#13 [ 9/20] COPY tdc-debug.config /tmp
#13 DONE 0.1s

#14 [10/20] COPY kernel-patches /tmp/kernel-patches/
#14 DONE 0.0s

#15 [11/20] COPY iproute2-patches /tmp/iproute2-patches/
#15 DONE 0.0s

#16 [12/20] COPY configs /tmp/configs/
#16 DONE 0.0s

#17 [13/20] RUN git config --global user.email foo@bar.com
#17 DONE 0.2s

#18 [14/20] RUN git config --global user.name foo@bar.com
#18 DONE 0.4s

#19 [15/20] RUN git clone --ipv4 https://kernel.googlesource.com/pub/scm/network/iproute2/iproute2-next/ /nipa-data/iproute2
#19 0.378 Cloning into '/nipa-data/iproute2'...
#19 DONE 1.4s

#20 [16/20] RUN if [ "$(find /tmp/iproute2-patches/ -name *.patch)" ]; then  	cd /nipa-data/iproute2; 	git apply /tmp/iproute2-patches/*.patch;     fi
#20 DONE 0.3s

#21 [17/20] RUN cd /nipa-data/iproute2/ &&     ./configure --libdir /usr/lib/x86_64-linux-gnu &&     make V=1
#21 0.295 TC schedulers
#21 0.296 
#21 0.298 lib directory: /usr/lib/x86_64-linux-gnu
#21 0.298 libc has setns: yes
#21 0.318 libc has name_to_handle_at: yes
#21 0.339 SELinux support: no
#21 0.340 libtirpc support: no
#21 0.341 libbpf support: yes
#21 0.398 	libbpf version 1.3.0
#21 0.398 ELF support: yes
#21 0.400 libmnl support: yes
#21 0.428 Berkeley DB: no
#21 0.436 need for strlcpy: no
#21 0.457 libcap support: yes
#21 0.459 color output: never
#21 0.461 
#21 0.461 lib
#21 0.463 make[1]: Entering directory '/nipa-data/iproute2/lib'
#21 0.463 gcc -Wall -Wstrict-prototypes  -Wmissing-prototypes -Wmissing-declarations -Wold-style-definition -Wformat=2 -O2 -pipe -I../include -I../include/uapi -DRESOLVE_HOSTNAMES -DLIBDIR=\"/usr/lib/x86_64-linux-gnu\" -DCONF_USR_DIR=\"/usr/share/iproute2\" -DCONF_ETC_DIR=\"/etc/iproute2\" -DNETNS_RUN_DIR=\"/var/run/netns\" -DNETNS_ETC_DIR=\"/etc/netns\" -DARPDDIR=\"/var/lib/arpd\" -DCONF_COLOR=COLOR_OPT_NEVER -D_GNU_SOURCE -D_FILE_OFFSET_BITS=64 -D_LARGEFILE_SOURCE -D_LARGEFILE64_SOURCE -DHAVE_SETNS -DHAVE_HANDLE_AT -DHAVE_LIBBPF  -DLIBBPF_VERSION=\"1.3.0\" -DLIBBPF_DYNAMIC -DHAVE_LIBBPF_SECTION_NAME  -DHAVE_ELF  -DHAVE_LIBMNL  -DHAVE_LIBCAP  -DHAVE_SETNS -DHAVE_HANDLE_AT -DHAVE_LIBBPF  -DLIBBPF_VERSION=\"1.3.0\" -DLIBBPF_DYNAMIC -DHAVE_LIBBPF_SECTION_NAME  -DHAVE_ELF  -DHAVE_LIBMNL  -DHAVE_LIBCAP  -fPIC   -c -o libgenl.o libgenl.c
#21 0.496 gcc -Wall -Wstrict-prototypes  -Wmissing-prototypes -Wmissing-declarations -Wold-style-definition -Wformat=2 -O2 -pipe -I../include -I../include/uapi -DRESOLVE_HOSTNAMES -DLIBDIR=\"/usr/lib/x86_64-linux-gnu\" -DCONF_USR_DIR=\"/usr/share/iproute2\" -DCONF_ETC_DIR=\"/etc/iproute2\" -DNETNS_RUN_DIR=\"/var/run/netns\" -DNETNS_ETC_DIR=\"/etc/netns\" -DARPDDIR=\"/var/lib/arpd\" -DCONF_COLOR=COLOR_OPT_NEVER -D_GNU_SOURCE -D_FILE_OFFSET_BITS=64 -D_LARGEFILE_SOURCE -D_LARGEFILE64_SOURCE -DHAVE_SETNS -DHAVE_HANDLE_AT -DHAVE_LIBBPF  -DLIBBPF_VERSION=\"1.3.0\" -DLIBBPF_DYNAMIC -DHAVE_LIBBPF_SECTION_NAME  -DHAVE_ELF  -DHAVE_LIBMNL  -DHAVE_LIBCAP  -DHAVE_SETNS -DHAVE_HANDLE_AT -DHAVE_LIBBPF  -DLIBBPF_VERSION=\"1.3.0\" -DLIBBPF_DYNAMIC -DHAVE_LIBBPF_SECTION_NAME  -DHAVE_ELF  -DHAVE_LIBMNL  -DHAVE_LIBCAP  -fPIC   -c -o libnetlink.o libnetlink.c
#21 0.671 gcc -Wall -Wstrict-prototypes  -Wmissing-prototypes -Wmissing-declarations -Wold-style-definition -Wformat=2 -O2 -pipe -I../include -I../include/uapi -DRESOLVE_HOSTNAMES -DLIBDIR=\"/usr/lib/x86_64-linux-gnu\" -DCONF_USR_DIR=\"/usr/share/iproute2\" -DCONF_ETC_DIR=\"/etc/iproute2\" -DNETNS_RUN_DIR=\"/var/run/netns\" -DNETNS_ETC_DIR=\"/etc/netns\" -DARPDDIR=\"/var/lib/arpd\" -DCONF_COLOR=COLOR_OPT_NEVER -D_GNU_SOURCE -D_FILE_OFFSET_BITS=64 -D_LARGEFILE_SOURCE -D_LARGEFILE64_SOURCE -DHAVE_SETNS -DHAVE_HANDLE_AT -DHAVE_LIBBPF  -DLIBBPF_VERSION=\"1.3.0\" -DLIBBPF_DYNAMIC -DHAVE_LIBBPF_SECTION_NAME  -DHAVE_ELF  -DHAVE_LIBMNL  -DHAVE_LIBCAP  -DHAVE_SETNS -DHAVE_HANDLE_AT -DHAVE_LIBBPF  -DLIBBPF_VERSION=\"1.3.0\" -DLIBBPF_DYNAMIC -DHAVE_LIBBPF_SECTION_NAME  -DHAVE_ELF  -DHAVE_LIBMNL  -DHAVE_LIBCAP  -fPIC   -c -o mnl_utils.o mnl_utils.c
#21 0.727 gcc -Wall -Wstrict-prototypes  -Wmissing-prototypes -Wmissing-declarations -Wold-style-definition -Wformat=2 -O2 -pipe -I../include -I../include/uapi -DRESOLVE_HOSTNAMES -DLIBDIR=\"/usr/lib/x86_64-linux-gnu\" -DCONF_USR_DIR=\"/usr/share/iproute2\" -DCONF_ETC_DIR=\"/etc/iproute2\" -DNETNS_RUN_DIR=\"/var/run/netns\" -DNETNS_ETC_DIR=\"/etc/netns\" -DARPDDIR=\"/var/lib/arpd\" -DCONF_COLOR=COLOR_OPT_NEVER -D_GNU_SOURCE -D_FILE_OFFSET_BITS=64 -D_LARGEFILE_SOURCE -D_LARGEFILE64_SOURCE -DHAVE_SETNS -DHAVE_HANDLE_AT -DHAVE_LIBBPF  -DLIBBPF_VERSION=\"1.3.0\" -DLIBBPF_DYNAMIC -DHAVE_LIBBPF_SECTION_NAME  -DHAVE_ELF  -DHAVE_LIBMNL  -DHAVE_LIBCAP  -DHAVE_SETNS -DHAVE_HANDLE_AT -DHAVE_LIBBPF  -DLIBBPF_VERSION=\"1.3.0\" -DLIBBPF_DYNAMIC -DHAVE_LIBBPF_SECTION_NAME  -DHAVE_ELF  -DHAVE_LIBMNL  -DHAVE_LIBCAP  -fPIC   -c -o mnlg.o mnlg.c
#21 0.763 ar rcs libnetlink.a libgenl.o libnetlink.o mnl_utils.o mnlg.o
#21 0.766 gcc -Wall -Wstrict-prototypes  -Wmissing-prototypes -Wmissing-declarations -Wold-style-definition -Wformat=2 -O2 -pipe -I../include -I../include/uapi -DRESOLVE_HOSTNAMES -DLIBDIR=\"/usr/lib/x86_64-linux-gnu\" -DCONF_USR_DIR=\"/usr/share/iproute2\" -DCONF_ETC_DIR=\"/etc/iproute2\" -DNETNS_RUN_DIR=\"/var/run/netns\" -DNETNS_ETC_DIR=\"/etc/netns\" -DARPDDIR=\"/var/lib/arpd\" -DCONF_COLOR=COLOR_OPT_NEVER -D_GNU_SOURCE -D_FILE_OFFSET_BITS=64 -D_LARGEFILE_SOURCE -D_LARGEFILE64_SOURCE -DHAVE_SETNS -DHAVE_HANDLE_AT -DHAVE_LIBBPF  -DLIBBPF_VERSION=\"1.3.0\" -DLIBBPF_DYNAMIC -DHAVE_LIBBPF_SECTION_NAME  -DHAVE_ELF  -DHAVE_LIBMNL  -DHAVE_LIBCAP  -DHAVE_SETNS -DHAVE_HANDLE_AT -DHAVE_LIBBPF  -DLIBBPF_VERSION=\"1.3.0\" -DLIBBPF_DYNAMIC -DHAVE_LIBBPF_SECTION_NAME  -DHAVE_ELF  -DHAVE_LIBMNL  -DHAVE_LIBCAP  -fPIC   -c -o utils.o utils.c
#21 0.993 gcc -Wall -Wstrict-prototypes  -Wmissing-prototypes -Wmissing-declarations -Wold-style-definition -Wformat=2 -O2 -pipe -I../include -I../include/uapi -DRESOLVE_HOSTNAMES -DLIBDIR=\"/usr/lib/x86_64-linux-gnu\" -DCONF_USR_DIR=\"/usr/share/iproute2\" -DCONF_ETC_DIR=\"/etc/iproute2\" -DNETNS_RUN_DIR=\"/var/run/netns\" -DNETNS_ETC_DIR=\"/etc/netns\" -DARPDDIR=\"/var/lib/arpd\" -DCONF_COLOR=COLOR_OPT_NEVER -D_GNU_SOURCE -D_FILE_OFFSET_BITS=64 -D_LARGEFILE_SOURCE -D_LARGEFILE64_SOURCE -DHAVE_SETNS -DHAVE_HANDLE_AT -DHAVE_LIBBPF  -DLIBBPF_VERSION=\"1.3.0\" -DLIBBPF_DYNAMIC -DHAVE_LIBBPF_SECTION_NAME  -DHAVE_ELF  -DHAVE_LIBMNL  -DHAVE_LIBCAP  -DHAVE_SETNS -DHAVE_HANDLE_AT -DHAVE_LIBBPF  -DLIBBPF_VERSION=\"1.3.0\" -DLIBBPF_DYNAMIC -DHAVE_LIBBPF_SECTION_NAME  -DHAVE_ELF  -DHAVE_LIBMNL  -DHAVE_LIBCAP  -fPIC   -c -o utils_math.o utils_math.c
#21 1.040 gcc -Wall -Wstrict-prototypes  -Wmissing-prototypes -Wmissing-declarations -Wold-style-definition -Wformat=2 -O2 -pipe -I../include -I../include/uapi -DRESOLVE_HOSTNAMES -DLIBDIR=\"/usr/lib/x86_64-linux-gnu\" -DCONF_USR_DIR=\"/usr/share/iproute2\" -DCONF_ETC_DIR=\"/etc/iproute2\" -DNETNS_RUN_DIR=\"/var/run/netns\" -DNETNS_ETC_DIR=\"/etc/netns\" -DARPDDIR=\"/var/lib/arpd\" -DCONF_COLOR=COLOR_OPT_NEVER -D_GNU_SOURCE -D_FILE_OFFSET_BITS=64 -D_LARGEFILE_SOURCE -D_LARGEFILE64_SOURCE -DHAVE_SETNS -DHAVE_HANDLE_AT -DHAVE_LIBBPF  -DLIBBPF_VERSION=\"1.3.0\" -DLIBBPF_DYNAMIC -DHAVE_LIBBPF_SECTION_NAME  -DHAVE_ELF  -DHAVE_LIBMNL  -DHAVE_LIBCAP  -DHAVE_SETNS -DHAVE_HANDLE_AT -DHAVE_LIBBPF  -DLIBBPF_VERSION=\"1.3.0\" -DLIBBPF_DYNAMIC -DHAVE_LIBBPF_SECTION_NAME  -DHAVE_ELF  -DHAVE_LIBMNL  -DHAVE_LIBCAP  -fPIC   -c -o rt_names.o rt_names.c
#21 1.148 gcc -Wall -Wstrict-prototypes  -Wmissing-prototypes -Wmissing-declarations -Wold-style-definition -Wformat=2 -O2 -pipe -I../include -I../include/uapi -DRESOLVE_HOSTNAMES -DLIBDIR=\"/usr/lib/x86_64-linux-gnu\" -DCONF_USR_DIR=\"/usr/share/iproute2\" -DCONF_ETC_DIR=\"/etc/iproute2\" -DNETNS_RUN_DIR=\"/var/run/netns\" -DNETNS_ETC_DIR=\"/etc/netns\" -DARPDDIR=\"/var/lib/arpd\" -DCONF_COLOR=COLOR_OPT_NEVER -D_GNU_SOURCE -D_FILE_OFFSET_BITS=64 -D_LARGEFILE_SOURCE -D_LARGEFILE64_SOURCE -DHAVE_SETNS -DHAVE_HANDLE_AT -DHAVE_LIBBPF  -DLIBBPF_VERSION=\"1.3.0\" -DLIBBPF_DYNAMIC -DHAVE_LIBBPF_SECTION_NAME  -DHAVE_ELF  -DHAVE_LIBMNL  -DHAVE_LIBCAP  -DHAVE_SETNS -DHAVE_HANDLE_AT -DHAVE_LIBBPF  -DLIBBPF_VERSION=\"1.3.0\" -DLIBBPF_DYNAMIC -DHAVE_LIBBPF_SECTION_NAME  -DHAVE_ELF  -DHAVE_LIBMNL  -DHAVE_LIBCAP  -fPIC   -c -o ll_map.o ll_map.c
#21 1.210 gcc -Wall -Wstrict-prototypes  -Wmissing-prototypes -Wmissing-declarations -Wold-style-definition -Wformat=2 -O2 -pipe -I../include -I../include/uapi -DRESOLVE_HOSTNAMES -DLIBDIR=\"/usr/lib/x86_64-linux-gnu\" -DCONF_USR_DIR=\"/usr/share/iproute2\" -DCONF_ETC_DIR=\"/etc/iproute2\" -DNETNS_RUN_DIR=\"/var/run/netns\" -DNETNS_ETC_DIR=\"/etc/netns\" -DARPDDIR=\"/var/lib/arpd\" -DCONF_COLOR=COLOR_OPT_NEVER -D_GNU_SOURCE -D_FILE_OFFSET_BITS=64 -D_LARGEFILE_SOURCE -D_LARGEFILE64_SOURCE -DHAVE_SETNS -DHAVE_HANDLE_AT -DHAVE_LIBBPF  -DLIBBPF_VERSION=\"1.3.0\" -DLIBBPF_DYNAMIC -DHAVE_LIBBPF_SECTION_NAME  -DHAVE_ELF  -DHAVE_LIBMNL  -DHAVE_LIBCAP  -DHAVE_SETNS -DHAVE_HANDLE_AT -DHAVE_LIBBPF  -DLIBBPF_VERSION=\"1.3.0\" -DLIBBPF_DYNAMIC -DHAVE_LIBBPF_SECTION_NAME  -DHAVE_ELF  -DHAVE_LIBMNL  -DHAVE_LIBCAP  -fPIC   -c -o ll_types.o ll_types.c
#21 1.240 gcc -Wall -Wstrict-prototypes  -Wmissing-prototypes -Wmissing-declarations -Wold-style-definition -Wformat=2 -O2 -pipe -I../include -I../include/uapi -DRESOLVE_HOSTNAMES -DLIBDIR=\"/usr/lib/x86_64-linux-gnu\" -DCONF_USR_DIR=\"/usr/share/iproute2\" -DCONF_ETC_DIR=\"/etc/iproute2\" -DNETNS_RUN_DIR=\"/var/run/netns\" -DNETNS_ETC_DIR=\"/etc/netns\" -DARPDDIR=\"/var/lib/arpd\" -DCONF_COLOR=COLOR_OPT_NEVER -D_GNU_SOURCE -D_FILE_OFFSET_BITS=64 -D_LARGEFILE_SOURCE -D_LARGEFILE64_SOURCE -DHAVE_SETNS -DHAVE_HANDLE_AT -DHAVE_LIBBPF  -DLIBBPF_VERSION=\"1.3.0\" -DLIBBPF_DYNAMIC -DHAVE_LIBBPF_SECTION_NAME  -DHAVE_ELF  -DHAVE_LIBMNL  -DHAVE_LIBCAP  -DHAVE_SETNS -DHAVE_HANDLE_AT -DHAVE_LIBBPF  -DLIBBPF_VERSION=\"1.3.0\" -DLIBBPF_DYNAMIC -DHAVE_LIBBPF_SECTION_NAME  -DHAVE_ELF  -DHAVE_LIBMNL  -DHAVE_LIBCAP  -fPIC   -c -o ll_proto.o ll_proto.c
#21 1.266 gcc -Wall -Wstrict-prototypes  -Wmissing-prototypes -Wmissing-declarations -Wold-style-definition -Wformat=2 -O2 -pipe -I../include -I../include/uapi -DRESOLVE_HOSTNAMES -DLIBDIR=\"/usr/lib/x86_64-linux-gnu\" -DCONF_USR_DIR=\"/usr/share/iproute2\" -DCONF_ETC_DIR=\"/etc/iproute2\" -DNETNS_RUN_DIR=\"/var/run/netns\" -DNETNS_ETC_DIR=\"/etc/netns\" -DARPDDIR=\"/var/lib/arpd\" -DCONF_COLOR=COLOR_OPT_NEVER -D_GNU_SOURCE -D_FILE_OFFSET_BITS=64 -D_LARGEFILE_SOURCE -D_LARGEFILE64_SOURCE -DHAVE_SETNS -DHAVE_HANDLE_AT -DHAVE_LIBBPF  -DLIBBPF_VERSION=\"1.3.0\" -DLIBBPF_DYNAMIC -DHAVE_LIBBPF_SECTION_NAME  -DHAVE_ELF  -DHAVE_LIBMNL  -DHAVE_LIBCAP  -DHAVE_SETNS -DHAVE_HANDLE_AT -DHAVE_LIBBPF  -DLIBBPF_VERSION=\"1.3.0\" -DLIBBPF_DYNAMIC -DHAVE_LIBBPF_SECTION_NAME  -DHAVE_ELF  -DHAVE_LIBMNL  -DHAVE_LIBCAP  -fPIC   -c -o ll_addr.o ll_addr.c
#21 1.302 gcc -Wall -Wstrict-prototypes  -Wmissing-prototypes -Wmissing-declarations -Wold-style-definition -Wformat=2 -O2 -pipe -I../include -I../include/uapi -DRESOLVE_HOSTNAMES -DLIBDIR=\"/usr/lib/x86_64-linux-gnu\" -DCONF_USR_DIR=\"/usr/share/iproute2\" -DCONF_ETC_DIR=\"/etc/iproute2\" -DNETNS_RUN_DIR=\"/var/run/netns\" -DNETNS_ETC_DIR=\"/etc/netns\" -DARPDDIR=\"/var/lib/arpd\" -DCONF_COLOR=COLOR_OPT_NEVER -D_GNU_SOURCE -D_FILE_OFFSET_BITS=64 -D_LARGEFILE_SOURCE -D_LARGEFILE64_SOURCE -DHAVE_SETNS -DHAVE_HANDLE_AT -DHAVE_LIBBPF  -DLIBBPF_VERSION=\"1.3.0\" -DLIBBPF_DYNAMIC -DHAVE_LIBBPF_SECTION_NAME  -DHAVE_ELF  -DHAVE_LIBMNL  -DHAVE_LIBCAP  -DHAVE_SETNS -DHAVE_HANDLE_AT -DHAVE_LIBBPF  -DLIBBPF_VERSION=\"1.3.0\" -DLIBBPF_DYNAMIC -DHAVE_LIBBPF_SECTION_NAME  -DHAVE_ELF  -DHAVE_LIBMNL  -DHAVE_LIBCAP  -fPIC   -c -o inet_proto.o inet_proto.c
#21 1.331 gcc -Wall -Wstrict-prototypes  -Wmissing-prototypes -Wmissing-declarations -Wold-style-definition -Wformat=2 -O2 -pipe -I../include -I../include/uapi -DRESOLVE_HOSTNAMES -DLIBDIR=\"/usr/lib/x86_64-linux-gnu\" -DCONF_USR_DIR=\"/usr/share/iproute2\" -DCONF_ETC_DIR=\"/etc/iproute2\" -DNETNS_RUN_DIR=\"/var/run/netns\" -DNETNS_ETC_DIR=\"/etc/netns\" -DARPDDIR=\"/var/lib/arpd\" -DCONF_COLOR=COLOR_OPT_NEVER -D_GNU_SOURCE -D_FILE_OFFSET_BITS=64 -D_LARGEFILE_SOURCE -D_LARGEFILE64_SOURCE -DHAVE_SETNS -DHAVE_HANDLE_AT -DHAVE_LIBBPF  -DLIBBPF_VERSION=\"1.3.0\" -DLIBBPF_DYNAMIC -DHAVE_LIBBPF_SECTION_NAME  -DHAVE_ELF  -DHAVE_LIBMNL  -DHAVE_LIBCAP  -DHAVE_SETNS -DHAVE_HANDLE_AT -DHAVE_LIBBPF  -DLIBBPF_VERSION=\"1.3.0\" -DLIBBPF_DYNAMIC -DHAVE_LIBBPF_SECTION_NAME  -DHAVE_ELF  -DHAVE_LIBMNL  -DHAVE_LIBCAP  -fPIC   -c -o namespace.o namespace.c
#21 1.381 gcc -Wall -Wstrict-prototypes  -Wmissing-prototypes -Wmissing-declarations -Wold-style-definition -Wformat=2 -O2 -pipe -I../include -I../include/uapi -DRESOLVE_HOSTNAMES -DLIBDIR=\"/usr/lib/x86_64-linux-gnu\" -DCONF_USR_DIR=\"/usr/share/iproute2\" -DCONF_ETC_DIR=\"/etc/iproute2\" -DNETNS_RUN_DIR=\"/var/run/netns\" -DNETNS_ETC_DIR=\"/etc/netns\" -DARPDDIR=\"/var/lib/arpd\" -DCONF_COLOR=COLOR_OPT_NEVER -D_GNU_SOURCE -D_FILE_OFFSET_BITS=64 -D_LARGEFILE_SOURCE -D_LARGEFILE64_SOURCE -DHAVE_SETNS -DHAVE_HANDLE_AT -DHAVE_LIBBPF  -DLIBBPF_VERSION=\"1.3.0\" -DLIBBPF_DYNAMIC -DHAVE_LIBBPF_SECTION_NAME  -DHAVE_ELF  -DHAVE_LIBMNL  -DHAVE_LIBCAP  -DHAVE_SETNS -DHAVE_HANDLE_AT -DHAVE_LIBBPF  -DLIBBPF_VERSION=\"1.3.0\" -DLIBBPF_DYNAMIC -DHAVE_LIBBPF_SECTION_NAME  -DHAVE_ELF  -DHAVE_LIBMNL  -DHAVE_LIBCAP  -fPIC   -c -o json_writer.o json_writer.c
#21 1.421 gcc -Wall -Wstrict-prototypes  -Wmissing-prototypes -Wmissing-declarations -Wold-style-definition -Wformat=2 -O2 -pipe -I../include -I../include/uapi -DRESOLVE_HOSTNAMES -DLIBDIR=\"/usr/lib/x86_64-linux-gnu\" -DCONF_USR_DIR=\"/usr/share/iproute2\" -DCONF_ETC_DIR=\"/etc/iproute2\" -DNETNS_RUN_DIR=\"/var/run/netns\" -DNETNS_ETC_DIR=\"/etc/netns\" -DARPDDIR=\"/var/lib/arpd\" -DCONF_COLOR=COLOR_OPT_NEVER -D_GNU_SOURCE -D_FILE_OFFSET_BITS=64 -D_LARGEFILE_SOURCE -D_LARGEFILE64_SOURCE -DHAVE_SETNS -DHAVE_HANDLE_AT -DHAVE_LIBBPF  -DLIBBPF_VERSION=\"1.3.0\" -DLIBBPF_DYNAMIC -DHAVE_LIBBPF_SECTION_NAME  -DHAVE_ELF  -DHAVE_LIBMNL  -DHAVE_LIBCAP  -DHAVE_SETNS -DHAVE_HANDLE_AT -DHAVE_LIBBPF  -DLIBBPF_VERSION=\"1.3.0\" -DLIBBPF_DYNAMIC -DHAVE_LIBBPF_SECTION_NAME  -DHAVE_ELF  -DHAVE_LIBMNL  -DHAVE_LIBCAP  -fPIC   -c -o json_print.o json_print.c
#21 1.495 gcc -Wall -Wstrict-prototypes  -Wmissing-prototypes -Wmissing-declarations -Wold-style-definition -Wformat=2 -O2 -pipe -I../include -I../include/uapi -DRESOLVE_HOSTNAMES -DLIBDIR=\"/usr/lib/x86_64-linux-gnu\" -DCONF_USR_DIR=\"/usr/share/iproute2\" -DCONF_ETC_DIR=\"/etc/iproute2\" -DNETNS_RUN_DIR=\"/var/run/netns\" -DNETNS_ETC_DIR=\"/etc/netns\" -DARPDDIR=\"/var/lib/arpd\" -DCONF_COLOR=COLOR_OPT_NEVER -D_GNU_SOURCE -D_FILE_OFFSET_BITS=64 -D_LARGEFILE_SOURCE -D_LARGEFILE64_SOURCE -DHAVE_SETNS -DHAVE_HANDLE_AT -DHAVE_LIBBPF  -DLIBBPF_VERSION=\"1.3.0\" -DLIBBPF_DYNAMIC -DHAVE_LIBBPF_SECTION_NAME  -DHAVE_ELF  -DHAVE_LIBMNL  -DHAVE_LIBCAP  -DHAVE_SETNS -DHAVE_HANDLE_AT -DHAVE_LIBBPF  -DLIBBPF_VERSION=\"1.3.0\" -DLIBBPF_DYNAMIC -DHAVE_LIBBPF_SECTION_NAME  -DHAVE_ELF  -DHAVE_LIBMNL  -DHAVE_LIBCAP  -fPIC   -c -o json_print_math.o json_print_math.c
#21 1.535 gcc -Wall -Wstrict-prototypes  -Wmissing-prototypes -Wmissing-declarations -Wold-style-definition -Wformat=2 -O2 -pipe -I../include -I../include/uapi -DRESOLVE_HOSTNAMES -DLIBDIR=\"/usr/lib/x86_64-linux-gnu\" -DCONF_USR_DIR=\"/usr/share/iproute2\" -DCONF_ETC_DIR=\"/etc/iproute2\" -DNETNS_RUN_DIR=\"/var/run/netns\" -DNETNS_ETC_DIR=\"/etc/netns\" -DARPDDIR=\"/var/lib/arpd\" -DCONF_COLOR=COLOR_OPT_NEVER -D_GNU_SOURCE -D_FILE_OFFSET_BITS=64 -D_LARGEFILE_SOURCE -D_LARGEFILE64_SOURCE -DHAVE_SETNS -DHAVE_HANDLE_AT -DHAVE_LIBBPF  -DLIBBPF_VERSION=\"1.3.0\" -DLIBBPF_DYNAMIC -DHAVE_LIBBPF_SECTION_NAME  -DHAVE_ELF  -DHAVE_LIBMNL  -DHAVE_LIBCAP  -DHAVE_SETNS -DHAVE_HANDLE_AT -DHAVE_LIBBPF  -DLIBBPF_VERSION=\"1.3.0\" -DLIBBPF_DYNAMIC -DHAVE_LIBBPF_SECTION_NAME  -DHAVE_ELF  -DHAVE_LIBMNL  -DHAVE_LIBCAP  -fPIC   -c -o names.o names.c
#21 1.575 gcc -Wall -Wstrict-prototypes  -Wmissing-prototypes -Wmissing-declarations -Wold-style-definition -Wformat=2 -O2 -pipe -I../include -I../include/uapi -DRESOLVE_HOSTNAMES -DLIBDIR=\"/usr/lib/x86_64-linux-gnu\" -DCONF_USR_DIR=\"/usr/share/iproute2\" -DCONF_ETC_DIR=\"/etc/iproute2\" -DNETNS_RUN_DIR=\"/var/run/netns\" -DNETNS_ETC_DIR=\"/etc/netns\" -DARPDDIR=\"/var/lib/arpd\" -DCONF_COLOR=COLOR_OPT_NEVER -D_GNU_SOURCE -D_FILE_OFFSET_BITS=64 -D_LARGEFILE_SOURCE -D_LARGEFILE64_SOURCE -DHAVE_SETNS -DHAVE_HANDLE_AT -DHAVE_LIBBPF  -DLIBBPF_VERSION=\"1.3.0\" -DLIBBPF_DYNAMIC -DHAVE_LIBBPF_SECTION_NAME  -DHAVE_ELF  -DHAVE_LIBMNL  -DHAVE_LIBCAP  -DHAVE_SETNS -DHAVE_HANDLE_AT -DHAVE_LIBBPF  -DLIBBPF_VERSION=\"1.3.0\" -DLIBBPF_DYNAMIC -DHAVE_LIBBPF_SECTION_NAME  -DHAVE_ELF  -DHAVE_LIBMNL  -DHAVE_LIBCAP  -fPIC   -c -o color.o color.c
#21 1.610 gcc -Wall -Wstrict-prototypes  -Wmissing-prototypes -Wmissing-declarations -Wold-style-definition -Wformat=2 -O2 -pipe -I../include -I../include/uapi -DRESOLVE_HOSTNAMES -DLIBDIR=\"/usr/lib/x86_64-linux-gnu\" -DCONF_USR_DIR=\"/usr/share/iproute2\" -DCONF_ETC_DIR=\"/etc/iproute2\" -DNETNS_RUN_DIR=\"/var/run/netns\" -DNETNS_ETC_DIR=\"/etc/netns\" -DARPDDIR=\"/var/lib/arpd\" -DCONF_COLOR=COLOR_OPT_NEVER -D_GNU_SOURCE -D_FILE_OFFSET_BITS=64 -D_LARGEFILE_SOURCE -D_LARGEFILE64_SOURCE -DHAVE_SETNS -DHAVE_HANDLE_AT -DHAVE_LIBBPF  -DLIBBPF_VERSION=\"1.3.0\" -DLIBBPF_DYNAMIC -DHAVE_LIBBPF_SECTION_NAME  -DHAVE_ELF  -DHAVE_LIBMNL  -DHAVE_LIBCAP  -DHAVE_SETNS -DHAVE_HANDLE_AT -DHAVE_LIBBPF  -DLIBBPF_VERSION=\"1.3.0\" -DLIBBPF_DYNAMIC -DHAVE_LIBBPF_SECTION_NAME  -DHAVE_ELF  -DHAVE_LIBMNL  -DHAVE_LIBCAP  -fPIC   -c -o bpf_legacy.o bpf_legacy.c
#21 1.832 gcc -Wall -Wstrict-prototypes  -Wmissing-prototypes -Wmissing-declarations -Wold-style-definition -Wformat=2 -O2 -pipe -I../include -I../include/uapi -DRESOLVE_HOSTNAMES -DLIBDIR=\"/usr/lib/x86_64-linux-gnu\" -DCONF_USR_DIR=\"/usr/share/iproute2\" -DCONF_ETC_DIR=\"/etc/iproute2\" -DNETNS_RUN_DIR=\"/var/run/netns\" -DNETNS_ETC_DIR=\"/etc/netns\" -DARPDDIR=\"/var/lib/arpd\" -DCONF_COLOR=COLOR_OPT_NEVER -D_GNU_SOURCE -D_FILE_OFFSET_BITS=64 -D_LARGEFILE_SOURCE -D_LARGEFILE64_SOURCE -DHAVE_SETNS -DHAVE_HANDLE_AT -DHAVE_LIBBPF  -DLIBBPF_VERSION=\"1.3.0\" -DLIBBPF_DYNAMIC -DHAVE_LIBBPF_SECTION_NAME  -DHAVE_ELF  -DHAVE_LIBMNL  -DHAVE_LIBCAP  -DHAVE_SETNS -DHAVE_HANDLE_AT -DHAVE_LIBBPF  -DLIBBPF_VERSION=\"1.3.0\" -DLIBBPF_DYNAMIC -DHAVE_LIBBPF_SECTION_NAME  -DHAVE_ELF  -DHAVE_LIBMNL  -DHAVE_LIBCAP  -fPIC   -c -o bpf_glue.o bpf_glue.c
#21 1.863 gcc -Wall -Wstrict-prototypes  -Wmissing-prototypes -Wmissing-declarations -Wold-style-definition -Wformat=2 -O2 -pipe -I../include -I../include/uapi -DRESOLVE_HOSTNAMES -DLIBDIR=\"/usr/lib/x86_64-linux-gnu\" -DCONF_USR_DIR=\"/usr/share/iproute2\" -DCONF_ETC_DIR=\"/etc/iproute2\" -DNETNS_RUN_DIR=\"/var/run/netns\" -DNETNS_ETC_DIR=\"/etc/netns\" -DARPDDIR=\"/var/lib/arpd\" -DCONF_COLOR=COLOR_OPT_NEVER -D_GNU_SOURCE -D_FILE_OFFSET_BITS=64 -D_LARGEFILE_SOURCE -D_LARGEFILE64_SOURCE -DHAVE_SETNS -DHAVE_HANDLE_AT -DHAVE_LIBBPF  -DLIBBPF_VERSION=\"1.3.0\" -DLIBBPF_DYNAMIC -DHAVE_LIBBPF_SECTION_NAME  -DHAVE_ELF  -DHAVE_LIBMNL  -DHAVE_LIBCAP  -DHAVE_SETNS -DHAVE_HANDLE_AT -DHAVE_LIBBPF  -DLIBBPF_VERSION=\"1.3.0\" -DLIBBPF_DYNAMIC -DHAVE_LIBBPF_SECTION_NAME  -DHAVE_ELF  -DHAVE_LIBMNL  -DHAVE_LIBCAP  -fPIC   -c -o exec.o exec.c
#21 1.894 gcc -Wall -Wstrict-prototypes  -Wmissing-prototypes -Wmissing-declarations -Wold-style-definition -Wformat=2 -O2 -pipe -I../include -I../include/uapi -DRESOLVE_HOSTNAMES -DLIBDIR=\"/usr/lib/x86_64-linux-gnu\" -DCONF_USR_DIR=\"/usr/share/iproute2\" -DCONF_ETC_DIR=\"/etc/iproute2\" -DNETNS_RUN_DIR=\"/var/run/netns\" -DNETNS_ETC_DIR=\"/etc/netns\" -DARPDDIR=\"/var/lib/arpd\" -DCONF_COLOR=COLOR_OPT_NEVER -D_GNU_SOURCE -D_FILE_OFFSET_BITS=64 -D_LARGEFILE_SOURCE -D_LARGEFILE64_SOURCE -DHAVE_SETNS -DHAVE_HANDLE_AT -DHAVE_LIBBPF  -DLIBBPF_VERSION=\"1.3.0\" -DLIBBPF_DYNAMIC -DHAVE_LIBBPF_SECTION_NAME  -DHAVE_ELF  -DHAVE_LIBMNL  -DHAVE_LIBCAP  -DHAVE_SETNS -DHAVE_HANDLE_AT -DHAVE_LIBBPF  -DLIBBPF_VERSION=\"1.3.0\" -DLIBBPF_DYNAMIC -DHAVE_LIBBPF_SECTION_NAME  -DHAVE_ELF  -DHAVE_LIBMNL  -DHAVE_LIBCAP  -fPIC   -c -o fs.o fs.c
#21 1.946 gcc -Wall -Wstrict-prototypes  -Wmissing-prototypes -Wmissing-declarations -Wold-style-definition -Wformat=2 -O2 -pipe -I../include -I../include/uapi -DRESOLVE_HOSTNAMES -DLIBDIR=\"/usr/lib/x86_64-linux-gnu\" -DCONF_USR_DIR=\"/usr/share/iproute2\" -DCONF_ETC_DIR=\"/etc/iproute2\" -DNETNS_RUN_DIR=\"/var/run/netns\" -DNETNS_ETC_DIR=\"/etc/netns\" -DARPDDIR=\"/var/lib/arpd\" -DCONF_COLOR=COLOR_OPT_NEVER -D_GNU_SOURCE -D_FILE_OFFSET_BITS=64 -D_LARGEFILE_SOURCE -D_LARGEFILE64_SOURCE -DHAVE_SETNS -DHAVE_HANDLE_AT -DHAVE_LIBBPF  -DLIBBPF_VERSION=\"1.3.0\" -DLIBBPF_DYNAMIC -DHAVE_LIBBPF_SECTION_NAME  -DHAVE_ELF  -DHAVE_LIBMNL  -DHAVE_LIBCAP  -DHAVE_SETNS -DHAVE_HANDLE_AT -DHAVE_LIBBPF  -DLIBBPF_VERSION=\"1.3.0\" -DLIBBPF_DYNAMIC -DHAVE_LIBBPF_SECTION_NAME  -DHAVE_ELF  -DHAVE_LIBMNL  -DHAVE_LIBCAP  -fPIC   -c -o cg_map.o cg_map.c
#21 1.978 gcc -Wall -Wstrict-prototypes  -Wmissing-prototypes -Wmissing-declarations -Wold-style-definition -Wformat=2 -O2 -pipe -I../include -I../include/uapi -DRESOLVE_HOSTNAMES -DLIBDIR=\"/usr/lib/x86_64-linux-gnu\" -DCONF_USR_DIR=\"/usr/share/iproute2\" -DCONF_ETC_DIR=\"/etc/iproute2\" -DNETNS_RUN_DIR=\"/var/run/netns\" -DNETNS_ETC_DIR=\"/etc/netns\" -DARPDDIR=\"/var/lib/arpd\" -DCONF_COLOR=COLOR_OPT_NEVER -D_GNU_SOURCE -D_FILE_OFFSET_BITS=64 -D_LARGEFILE_SOURCE -D_LARGEFILE64_SOURCE -DHAVE_SETNS -DHAVE_HANDLE_AT -DHAVE_LIBBPF  -DLIBBPF_VERSION=\"1.3.0\" -DLIBBPF_DYNAMIC -DHAVE_LIBBPF_SECTION_NAME  -DHAVE_ELF  -DHAVE_LIBMNL  -DHAVE_LIBCAP  -DHAVE_SETNS -DHAVE_HANDLE_AT -DHAVE_LIBBPF  -DLIBBPF_VERSION=\"1.3.0\" -DLIBBPF_DYNAMIC -DHAVE_LIBBPF_SECTION_NAME  -DHAVE_ELF  -DHAVE_LIBMNL  -DHAVE_LIBCAP  -fPIC   -c -o ppp_proto.o ppp_proto.c
#21 2.002 gcc -Wall -Wstrict-prototypes  -Wmissing-prototypes -Wmissing-declarations -Wold-style-definition -Wformat=2 -O2 -pipe -I../include -I../include/uapi -DRESOLVE_HOSTNAMES -DLIBDIR=\"/usr/lib/x86_64-linux-gnu\" -DCONF_USR_DIR=\"/usr/share/iproute2\" -DCONF_ETC_DIR=\"/etc/iproute2\" -DNETNS_RUN_DIR=\"/var/run/netns\" -DNETNS_ETC_DIR=\"/etc/netns\" -DARPDDIR=\"/var/lib/arpd\" -DCONF_COLOR=COLOR_OPT_NEVER -D_GNU_SOURCE -D_FILE_OFFSET_BITS=64 -D_LARGEFILE_SOURCE -D_LARGEFILE64_SOURCE -DHAVE_SETNS -DHAVE_HANDLE_AT -DHAVE_LIBBPF  -DLIBBPF_VERSION=\"1.3.0\" -DLIBBPF_DYNAMIC -DHAVE_LIBBPF_SECTION_NAME  -DHAVE_ELF  -DHAVE_LIBMNL  -DHAVE_LIBCAP  -DHAVE_SETNS -DHAVE_HANDLE_AT -DHAVE_LIBBPF  -DLIBBPF_VERSION=\"1.3.0\" -DLIBBPF_DYNAMIC -DHAVE_LIBBPF_SECTION_NAME  -DHAVE_ELF  -DHAVE_LIBMNL  -DHAVE_LIBCAP  -fPIC   -c -o bridge.o bridge.c
#21 2.034 gcc -Wall -Wstrict-prototypes  -Wmissing-prototypes -Wmissing-declarations -Wold-style-definition -Wformat=2 -O2 -pipe -I../include -I../include/uapi -DRESOLVE_HOSTNAMES -DLIBDIR=\"/usr/lib/x86_64-linux-gnu\" -DCONF_USR_DIR=\"/usr/share/iproute2\" -DCONF_ETC_DIR=\"/etc/iproute2\" -DNETNS_RUN_DIR=\"/var/run/netns\" -DNETNS_ETC_DIR=\"/etc/netns\" -DARPDDIR=\"/var/lib/arpd\" -DCONF_COLOR=COLOR_OPT_NEVER -D_GNU_SOURCE -D_FILE_OFFSET_BITS=64 -D_LARGEFILE_SOURCE -D_LARGEFILE64_SOURCE -DHAVE_SETNS -DHAVE_HANDLE_AT -DHAVE_LIBBPF  -DLIBBPF_VERSION=\"1.3.0\" -DLIBBPF_DYNAMIC -DHAVE_LIBBPF_SECTION_NAME  -DHAVE_ELF  -DHAVE_LIBMNL  -DHAVE_LIBCAP  -DHAVE_SETNS -DHAVE_HANDLE_AT -DHAVE_LIBBPF  -DLIBBPF_VERSION=\"1.3.0\" -DLIBBPF_DYNAMIC -DHAVE_LIBBPF_SECTION_NAME  -DHAVE_ELF  -DHAVE_LIBMNL  -DHAVE_LIBCAP  -fPIC   -c -o sha1.o sha1.c
#21 2.123 gcc -Wall -Wstrict-prototypes  -Wmissing-prototypes -Wmissing-declarations -Wold-style-definition -Wformat=2 -O2 -pipe -I../include -I../include/uapi -DRESOLVE_HOSTNAMES -DLIBDIR=\"/usr/lib/x86_64-linux-gnu\" -DCONF_USR_DIR=\"/usr/share/iproute2\" -DCONF_ETC_DIR=\"/etc/iproute2\" -DNETNS_RUN_DIR=\"/var/run/netns\" -DNETNS_ETC_DIR=\"/etc/netns\" -DARPDDIR=\"/var/lib/arpd\" -DCONF_COLOR=COLOR_OPT_NEVER -D_GNU_SOURCE -D_FILE_OFFSET_BITS=64 -D_LARGEFILE_SOURCE -D_LARGEFILE64_SOURCE -DHAVE_SETNS -DHAVE_HANDLE_AT -DHAVE_LIBBPF  -DLIBBPF_VERSION=\"1.3.0\" -DLIBBPF_DYNAMIC -DHAVE_LIBBPF_SECTION_NAME  -DHAVE_ELF  -DHAVE_LIBMNL  -DHAVE_LIBCAP  -DHAVE_SETNS -DHAVE_HANDLE_AT -DHAVE_LIBBPF  -DLIBBPF_VERSION=\"1.3.0\" -DLIBBPF_DYNAMIC -DHAVE_LIBBPF_SECTION_NAME  -DHAVE_ELF  -DHAVE_LIBMNL  -DHAVE_LIBCAP  -fPIC   -c -o bpf_libbpf.o bpf_libbpf.c
#21 2.182 gcc -Wall -Wstrict-prototypes  -Wmissing-prototypes -Wmissing-declarations -Wold-style-definition -Wformat=2 -O2 -pipe -I../include -I../include/uapi -DRESOLVE_HOSTNAMES -DLIBDIR=\"/usr/lib/x86_64-linux-gnu\" -DCONF_USR_DIR=\"/usr/share/iproute2\" -DCONF_ETC_DIR=\"/etc/iproute2\" -DNETNS_RUN_DIR=\"/var/run/netns\" -DNETNS_ETC_DIR=\"/etc/netns\" -DARPDDIR=\"/var/lib/arpd\" -DCONF_COLOR=COLOR_OPT_NEVER -D_GNU_SOURCE -D_FILE_OFFSET_BITS=64 -D_LARGEFILE_SOURCE -D_LARGEFILE64_SOURCE -DHAVE_SETNS -DHAVE_HANDLE_AT -DHAVE_LIBBPF  -DLIBBPF_VERSION=\"1.3.0\" -DLIBBPF_DYNAMIC -DHAVE_LIBBPF_SECTION_NAME  -DHAVE_ELF  -DHAVE_LIBMNL  -DHAVE_LIBCAP  -DHAVE_SETNS -DHAVE_HANDLE_AT -DHAVE_LIBBPF  -DLIBBPF_VERSION=\"1.3.0\" -DLIBBPF_DYNAMIC -DHAVE_LIBBPF_SECTION_NAME  -DHAVE_ELF  -DHAVE_LIBMNL  -DHAVE_LIBCAP  -fPIC   -c -o selinux.o selinux.c
#21 2.197 gcc -Wall -Wstrict-prototypes  -Wmissing-prototypes -Wmissing-declarations -Wold-style-definition -Wformat=2 -O2 -pipe -I../include -I../include/uapi -DRESOLVE_HOSTNAMES -DLIBDIR=\"/usr/lib/x86_64-linux-gnu\" -DCONF_USR_DIR=\"/usr/share/iproute2\" -DCONF_ETC_DIR=\"/etc/iproute2\" -DNETNS_RUN_DIR=\"/var/run/netns\" -DNETNS_ETC_DIR=\"/etc/netns\" -DARPDDIR=\"/var/lib/arpd\" -DCONF_COLOR=COLOR_OPT_NEVER -D_GNU_SOURCE -D_FILE_OFFSET_BITS=64 -D_LARGEFILE_SOURCE -D_LARGEFILE64_SOURCE -DHAVE_SETNS -DHAVE_HANDLE_AT -DHAVE_LIBBPF  -DLIBBPF_VERSION=\"1.3.0\" -DLIBBPF_DYNAMIC -DHAVE_LIBBPF_SECTION_NAME  -DHAVE_ELF  -DHAVE_LIBMNL  -DHAVE_LIBCAP  -DHAVE_SETNS -DHAVE_HANDLE_AT -DHAVE_LIBBPF  -DLIBBPF_VERSION=\"1.3.0\" -DLIBBPF_DYNAMIC -DHAVE_LIBBPF_SECTION_NAME  -DHAVE_ELF  -DHAVE_LIBMNL  -DHAVE_LIBCAP  -fPIC   -c -o ax25_ntop.o ax25_ntop.c
#21 2.225 gcc -Wall -Wstrict-prototypes  -Wmissing-prototypes -Wmissing-declarations -Wold-style-definition -Wformat=2 -O2 -pipe -I../include -I../include/uapi -DRESOLVE_HOSTNAMES -DLIBDIR=\"/usr/lib/x86_64-linux-gnu\" -DCONF_USR_DIR=\"/usr/share/iproute2\" -DCONF_ETC_DIR=\"/etc/iproute2\" -DNETNS_RUN_DIR=\"/var/run/netns\" -DNETNS_ETC_DIR=\"/etc/netns\" -DARPDDIR=\"/var/lib/arpd\" -DCONF_COLOR=COLOR_OPT_NEVER -D_GNU_SOURCE -D_FILE_OFFSET_BITS=64 -D_LARGEFILE_SOURCE -D_LARGEFILE64_SOURCE -DHAVE_SETNS -DHAVE_HANDLE_AT -DHAVE_LIBBPF  -DLIBBPF_VERSION=\"1.3.0\" -DLIBBPF_DYNAMIC -DHAVE_LIBBPF_SECTION_NAME  -DHAVE_ELF  -DHAVE_LIBMNL  -DHAVE_LIBCAP  -DHAVE_SETNS -DHAVE_HANDLE_AT -DHAVE_LIBBPF  -DLIBBPF_VERSION=\"1.3.0\" -DLIBBPF_DYNAMIC -DHAVE_LIBBPF_SECTION_NAME  -DHAVE_ELF  -DHAVE_LIBMNL  -DHAVE_LIBCAP  -fPIC   -c -o rose_ntop.o rose_ntop.c
#21 2.254 gcc -Wall -Wstrict-prototypes  -Wmissing-prototypes -Wmissing-declarations -Wold-style-definition -Wformat=2 -O2 -pipe -I../include -I../include/uapi -DRESOLVE_HOSTNAMES -DLIBDIR=\"/usr/lib/x86_64-linux-gnu\" -DCONF_USR_DIR=\"/usr/share/iproute2\" -DCONF_ETC_DIR=\"/etc/iproute2\" -DNETNS_RUN_DIR=\"/var/run/netns\" -DNETNS_ETC_DIR=\"/etc/netns\" -DARPDDIR=\"/var/lib/arpd\" -DCONF_COLOR=COLOR_OPT_NEVER -D_GNU_SOURCE -D_FILE_OFFSET_BITS=64 -D_LARGEFILE_SOURCE -D_LARGEFILE64_SOURCE -DHAVE_SETNS -DHAVE_HANDLE_AT -DHAVE_LIBBPF  -DLIBBPF_VERSION=\"1.3.0\" -DLIBBPF_DYNAMIC -DHAVE_LIBBPF_SECTION_NAME  -DHAVE_ELF  -DHAVE_LIBMNL  -DHAVE_LIBCAP  -DHAVE_SETNS -DHAVE_HANDLE_AT -DHAVE_LIBBPF  -DLIBBPF_VERSION=\"1.3.0\" -DLIBBPF_DYNAMIC -DHAVE_LIBBPF_SECTION_NAME  -DHAVE_ELF  -DHAVE_LIBMNL  -DHAVE_LIBCAP  -fPIC   -c -o mpls_ntop.o mpls_ntop.c
#21 2.282 gcc -Wall -Wstrict-prototypes  -Wmissing-prototypes -Wmissing-declarations -Wold-style-definition -Wformat=2 -O2 -pipe -I../include -I../include/uapi -DRESOLVE_HOSTNAMES -DLIBDIR=\"/usr/lib/x86_64-linux-gnu\" -DCONF_USR_DIR=\"/usr/share/iproute2\" -DCONF_ETC_DIR=\"/etc/iproute2\" -DNETNS_RUN_DIR=\"/var/run/netns\" -DNETNS_ETC_DIR=\"/etc/netns\" -DARPDDIR=\"/var/lib/arpd\" -DCONF_COLOR=COLOR_OPT_NEVER -D_GNU_SOURCE -D_FILE_OFFSET_BITS=64 -D_LARGEFILE_SOURCE -D_LARGEFILE64_SOURCE -DHAVE_SETNS -DHAVE_HANDLE_AT -DHAVE_LIBBPF  -DLIBBPF_VERSION=\"1.3.0\" -DLIBBPF_DYNAMIC -DHAVE_LIBBPF_SECTION_NAME  -DHAVE_ELF  -DHAVE_LIBMNL  -DHAVE_LIBCAP  -DHAVE_SETNS -DHAVE_HANDLE_AT -DHAVE_LIBBPF  -DLIBBPF_VERSION=\"1.3.0\" -DLIBBPF_DYNAMIC -DHAVE_LIBBPF_SECTION_NAME  -DHAVE_ELF  -DHAVE_LIBMNL  -DHAVE_LIBCAP  -fPIC   -c -o mpls_pton.o mpls_pton.c
#21 2.311 gcc -Wall -Wstrict-prototypes  -Wmissing-prototypes -Wmissing-declarations -Wold-style-definition -Wformat=2 -O2 -pipe -I../include -I../include/uapi -DRESOLVE_HOSTNAMES -DLIBDIR=\"/usr/lib/x86_64-linux-gnu\" -DCONF_USR_DIR=\"/usr/share/iproute2\" -DCONF_ETC_DIR=\"/etc/iproute2\" -DNETNS_RUN_DIR=\"/var/run/netns\" -DNETNS_ETC_DIR=\"/etc/netns\" -DARPDDIR=\"/var/lib/arpd\" -DCONF_COLOR=COLOR_OPT_NEVER -D_GNU_SOURCE -D_FILE_OFFSET_BITS=64 -D_LARGEFILE_SOURCE -D_LARGEFILE64_SOURCE -DHAVE_SETNS -DHAVE_HANDLE_AT -DHAVE_LIBBPF  -DLIBBPF_VERSION=\"1.3.0\" -DLIBBPF_DYNAMIC -DHAVE_LIBBPF_SECTION_NAME  -DHAVE_ELF  -DHAVE_LIBMNL  -DHAVE_LIBCAP  -DHAVE_SETNS -DHAVE_HANDLE_AT -DHAVE_LIBBPF  -DLIBBPF_VERSION=\"1.3.0\" -DLIBBPF_DYNAMIC -DHAVE_LIBBPF_SECTION_NAME  -DHAVE_ELF  -DHAVE_LIBMNL  -DHAVE_LIBCAP  -fPIC   -c -o netrom_ntop.o netrom_ntop.c
#21 2.338 ar rcs libutil.a utils.o utils_math.o rt_names.o ll_map.o ll_types.o ll_proto.o ll_addr.o inet_proto.o namespace.o json_writer.o json_print.o json_print_math.o names.o color.o bpf_legacy.o bpf_glue.o exec.o fs.o cg_map.o ppp_proto.o bridge.o sha1.o bpf_libbpf.o selinux.o ax25_ntop.o rose_ntop.o mpls_ntop.o mpls_pton.o netrom_ntop.o
#21 2.343 make[1]: Leaving directory '/nipa-data/iproute2/lib'
#21 2.343 
#21 2.343 ip
#21 2.344 make[1]: Entering directory '/nipa-data/iproute2/ip'
#21 2.344 gcc -Wall -Wstrict-prototypes  -Wmissing-prototypes -Wmissing-declarations -Wold-style-definition -Wformat=2 -O2 -pipe -I../include -I../include/uapi -DRESOLVE_HOSTNAMES -DLIBDIR=\"/usr/lib/x86_64-linux-gnu\" -DCONF_USR_DIR=\"/usr/share/iproute2\" -DCONF_ETC_DIR=\"/etc/iproute2\" -DNETNS_RUN_DIR=\"/var/run/netns\" -DNETNS_ETC_DIR=\"/etc/netns\" -DARPDDIR=\"/var/lib/arpd\" -DCONF_COLOR=COLOR_OPT_NEVER -D_GNU_SOURCE -D_FILE_OFFSET_BITS=64 -D_LARGEFILE_SOURCE -D_LARGEFILE64_SOURCE -DHAVE_SETNS -DHAVE_HANDLE_AT -DHAVE_LIBBPF  -DLIBBPF_VERSION=\"1.3.0\" -DLIBBPF_DYNAMIC -DHAVE_LIBBPF_SECTION_NAME  -DHAVE_ELF  -DHAVE_LIBMNL  -DHAVE_LIBCAP  -DHAVE_SETNS -DHAVE_HANDLE_AT -DHAVE_LIBBPF  -DLIBBPF_VERSION=\"1.3.0\" -DLIBBPF_DYNAMIC -DHAVE_LIBBPF_SECTION_NAME  -DHAVE_ELF  -DHAVE_LIBMNL  -DHAVE_LIBCAP    -c -o ip.o ip.c
#21 2.397 gcc -Wall -Wstrict-prototypes  -Wmissing-prototypes -Wmissing-declarations -Wold-style-definition -Wformat=2 -O2 -pipe -I../include -I../include/uapi -DRESOLVE_HOSTNAMES -DLIBDIR=\"/usr/lib/x86_64-linux-gnu\" -DCONF_USR_DIR=\"/usr/share/iproute2\" -DCONF_ETC_DIR=\"/etc/iproute2\" -DNETNS_RUN_DIR=\"/var/run/netns\" -DNETNS_ETC_DIR=\"/etc/netns\" -DARPDDIR=\"/var/lib/arpd\" -DCONF_COLOR=COLOR_OPT_NEVER -D_GNU_SOURCE -D_FILE_OFFSET_BITS=64 -D_LARGEFILE_SOURCE -D_LARGEFILE64_SOURCE -DHAVE_SETNS -DHAVE_HANDLE_AT -DHAVE_LIBBPF  -DLIBBPF_VERSION=\"1.3.0\" -DLIBBPF_DYNAMIC -DHAVE_LIBBPF_SECTION_NAME  -DHAVE_ELF  -DHAVE_LIBMNL  -DHAVE_LIBCAP  -DHAVE_SETNS -DHAVE_HANDLE_AT -DHAVE_LIBBPF  -DLIBBPF_VERSION=\"1.3.0\" -DLIBBPF_DYNAMIC -DHAVE_LIBBPF_SECTION_NAME  -DHAVE_ELF  -DHAVE_LIBMNL  -DHAVE_LIBCAP    -c -o ipaddress.o ipaddress.c
#21 2.681 gcc -Wall -Wstrict-prototypes  -Wmissing-prototypes -Wmissing-declarations -Wold-style-definition -Wformat=2 -O2 -pipe -I../include -I../include/uapi -DRESOLVE_HOSTNAMES -DLIBDIR=\"/usr/lib/x86_64-linux-gnu\" -DCONF_USR_DIR=\"/usr/share/iproute2\" -DCONF_ETC_DIR=\"/etc/iproute2\" -DNETNS_RUN_DIR=\"/var/run/netns\" -DNETNS_ETC_DIR=\"/etc/netns\" -DARPDDIR=\"/var/lib/arpd\" -DCONF_COLOR=COLOR_OPT_NEVER -D_GNU_SOURCE -D_FILE_OFFSET_BITS=64 -D_LARGEFILE_SOURCE -D_LARGEFILE64_SOURCE -DHAVE_SETNS -DHAVE_HANDLE_AT -DHAVE_LIBBPF  -DLIBBPF_VERSION=\"1.3.0\" -DLIBBPF_DYNAMIC -DHAVE_LIBBPF_SECTION_NAME  -DHAVE_ELF  -DHAVE_LIBMNL  -DHAVE_LIBCAP  -DHAVE_SETNS -DHAVE_HANDLE_AT -DHAVE_LIBBPF  -DLIBBPF_VERSION=\"1.3.0\" -DLIBBPF_DYNAMIC -DHAVE_LIBBPF_SECTION_NAME  -DHAVE_ELF  -DHAVE_LIBMNL  -DHAVE_LIBCAP    -c -o ipaddrlabel.o ipaddrlabel.c
#21 2.728 gcc -Wall -Wstrict-prototypes  -Wmissing-prototypes -Wmissing-declarations -Wold-style-definition -Wformat=2 -O2 -pipe -I../include -I../include/uapi -DRESOLVE_HOSTNAMES -DLIBDIR=\"/usr/lib/x86_64-linux-gnu\" -DCONF_USR_DIR=\"/usr/share/iproute2\" -DCONF_ETC_DIR=\"/etc/iproute2\" -DNETNS_RUN_DIR=\"/var/run/netns\" -DNETNS_ETC_DIR=\"/etc/netns\" -DARPDDIR=\"/var/lib/arpd\" -DCONF_COLOR=COLOR_OPT_NEVER -D_GNU_SOURCE -D_FILE_OFFSET_BITS=64 -D_LARGEFILE_SOURCE -D_LARGEFILE64_SOURCE -DHAVE_SETNS -DHAVE_HANDLE_AT -DHAVE_LIBBPF  -DLIBBPF_VERSION=\"1.3.0\" -DLIBBPF_DYNAMIC -DHAVE_LIBBPF_SECTION_NAME  -DHAVE_ELF  -DHAVE_LIBMNL  -DHAVE_LIBCAP  -DHAVE_SETNS -DHAVE_HANDLE_AT -DHAVE_LIBBPF  -DLIBBPF_VERSION=\"1.3.0\" -DLIBBPF_DYNAMIC -DHAVE_LIBBPF_SECTION_NAME  -DHAVE_ELF  -DHAVE_LIBMNL  -DHAVE_LIBCAP    -c -o iproute.o iproute.c
#21 3.060 gcc -Wall -Wstrict-prototypes  -Wmissing-prototypes -Wmissing-declarations -Wold-style-definition -Wformat=2 -O2 -pipe -I../include -I../include/uapi -DRESOLVE_HOSTNAMES -DLIBDIR=\"/usr/lib/x86_64-linux-gnu\" -DCONF_USR_DIR=\"/usr/share/iproute2\" -DCONF_ETC_DIR=\"/etc/iproute2\" -DNETNS_RUN_DIR=\"/var/run/netns\" -DNETNS_ETC_DIR=\"/etc/netns\" -DARPDDIR=\"/var/lib/arpd\" -DCONF_COLOR=COLOR_OPT_NEVER -D_GNU_SOURCE -D_FILE_OFFSET_BITS=64 -D_LARGEFILE_SOURCE -D_LARGEFILE64_SOURCE -DHAVE_SETNS -DHAVE_HANDLE_AT -DHAVE_LIBBPF  -DLIBBPF_VERSION=\"1.3.0\" -DLIBBPF_DYNAMIC -DHAVE_LIBBPF_SECTION_NAME  -DHAVE_ELF  -DHAVE_LIBMNL  -DHAVE_LIBCAP  -DHAVE_SETNS -DHAVE_HANDLE_AT -DHAVE_LIBBPF  -DLIBBPF_VERSION=\"1.3.0\" -DLIBBPF_DYNAMIC -DHAVE_LIBBPF_SECTION_NAME  -DHAVE_ELF  -DHAVE_LIBMNL  -DHAVE_LIBCAP    -c -o iprule.o iprule.c
#21 3.200 gcc -Wall -Wstrict-prototypes  -Wmissing-prototypes -Wmissing-declarations -Wold-style-definition -Wformat=2 -O2 -pipe -I../include -I../include/uapi -DRESOLVE_HOSTNAMES -DLIBDIR=\"/usr/lib/x86_64-linux-gnu\" -DCONF_USR_DIR=\"/usr/share/iproute2\" -DCONF_ETC_DIR=\"/etc/iproute2\" -DNETNS_RUN_DIR=\"/var/run/netns\" -DNETNS_ETC_DIR=\"/etc/netns\" -DARPDDIR=\"/var/lib/arpd\" -DCONF_COLOR=COLOR_OPT_NEVER -D_GNU_SOURCE -D_FILE_OFFSET_BITS=64 -D_LARGEFILE_SOURCE -D_LARGEFILE64_SOURCE -DHAVE_SETNS -DHAVE_HANDLE_AT -DHAVE_LIBBPF  -DLIBBPF_VERSION=\"1.3.0\" -DLIBBPF_DYNAMIC -DHAVE_LIBBPF_SECTION_NAME  -DHAVE_ELF  -DHAVE_LIBMNL  -DHAVE_LIBCAP  -DHAVE_SETNS -DHAVE_HANDLE_AT -DHAVE_LIBBPF  -DLIBBPF_VERSION=\"1.3.0\" -DLIBBPF_DYNAMIC -DHAVE_LIBBPF_SECTION_NAME  -DHAVE_ELF  -DHAVE_LIBMNL  -DHAVE_LIBCAP    -c -o ipnetns.o ipnetns.c
#21 3.320 gcc -Wall -Wstrict-prototypes  -Wmissing-prototypes -Wmissing-declarations -Wold-style-definition -Wformat=2 -O2 -pipe -I../include -I../include/uapi -DRESOLVE_HOSTNAMES -DLIBDIR=\"/usr/lib/x86_64-linux-gnu\" -DCONF_USR_DIR=\"/usr/share/iproute2\" -DCONF_ETC_DIR=\"/etc/iproute2\" -DNETNS_RUN_DIR=\"/var/run/netns\" -DNETNS_ETC_DIR=\"/etc/netns\" -DARPDDIR=\"/var/lib/arpd\" -DCONF_COLOR=COLOR_OPT_NEVER -D_GNU_SOURCE -D_FILE_OFFSET_BITS=64 -D_LARGEFILE_SOURCE -D_LARGEFILE64_SOURCE -DHAVE_SETNS -DHAVE_HANDLE_AT -DHAVE_LIBBPF  -DLIBBPF_VERSION=\"1.3.0\" -DLIBBPF_DYNAMIC -DHAVE_LIBBPF_SECTION_NAME  -DHAVE_ELF  -DHAVE_LIBMNL  -DHAVE_LIBCAP  -DHAVE_SETNS -DHAVE_HANDLE_AT -DHAVE_LIBBPF  -DLIBBPF_VERSION=\"1.3.0\" -DLIBBPF_DYNAMIC -DHAVE_LIBBPF_SECTION_NAME  -DHAVE_ELF  -DHAVE_LIBMNL  -DHAVE_LIBCAP    -c -o rtm_map.o rtm_map.c
#21 3.355 gcc -Wall -Wstrict-prototypes  -Wmissing-prototypes -Wmissing-declarations -Wold-style-definition -Wformat=2 -O2 -pipe -I../include -I../include/uapi -DRESOLVE_HOSTNAMES -DLIBDIR=\"/usr/lib/x86_64-linux-gnu\" -DCONF_USR_DIR=\"/usr/share/iproute2\" -DCONF_ETC_DIR=\"/etc/iproute2\" -DNETNS_RUN_DIR=\"/var/run/netns\" -DNETNS_ETC_DIR=\"/etc/netns\" -DARPDDIR=\"/var/lib/arpd\" -DCONF_COLOR=COLOR_OPT_NEVER -D_GNU_SOURCE -D_FILE_OFFSET_BITS=64 -D_LARGEFILE_SOURCE -D_LARGEFILE64_SOURCE -DHAVE_SETNS -DHAVE_HANDLE_AT -DHAVE_LIBBPF  -DLIBBPF_VERSION=\"1.3.0\" -DLIBBPF_DYNAMIC -DHAVE_LIBBPF_SECTION_NAME  -DHAVE_ELF  -DHAVE_LIBMNL  -DHAVE_LIBCAP  -DHAVE_SETNS -DHAVE_HANDLE_AT -DHAVE_LIBBPF  -DLIBBPF_VERSION=\"1.3.0\" -DLIBBPF_DYNAMIC -DHAVE_LIBBPF_SECTION_NAME  -DHAVE_ELF  -DHAVE_LIBMNL  -DHAVE_LIBCAP    -c -o iptunnel.o iptunnel.c
#21 3.452 gcc -Wall -Wstrict-prototypes  -Wmissing-prototypes -Wmissing-declarations -Wold-style-definition -Wformat=2 -O2 -pipe -I../include -I../include/uapi -DRESOLVE_HOSTNAMES -DLIBDIR=\"/usr/lib/x86_64-linux-gnu\" -DCONF_USR_DIR=\"/usr/share/iproute2\" -DCONF_ETC_DIR=\"/etc/iproute2\" -DNETNS_RUN_DIR=\"/var/run/netns\" -DNETNS_ETC_DIR=\"/etc/netns\" -DARPDDIR=\"/var/lib/arpd\" -DCONF_COLOR=COLOR_OPT_NEVER -D_GNU_SOURCE -D_FILE_OFFSET_BITS=64 -D_LARGEFILE_SOURCE -D_LARGEFILE64_SOURCE -DHAVE_SETNS -DHAVE_HANDLE_AT -DHAVE_LIBBPF  -DLIBBPF_VERSION=\"1.3.0\" -DLIBBPF_DYNAMIC -DHAVE_LIBBPF_SECTION_NAME  -DHAVE_ELF  -DHAVE_LIBMNL  -DHAVE_LIBCAP  -DHAVE_SETNS -DHAVE_HANDLE_AT -DHAVE_LIBBPF  -DLIBBPF_VERSION=\"1.3.0\" -DLIBBPF_DYNAMIC -DHAVE_LIBBPF_SECTION_NAME  -DHAVE_ELF  -DHAVE_LIBMNL  -DHAVE_LIBCAP    -c -o ip6tunnel.o ip6tunnel.c
#21 3.530 gcc -Wall -Wstrict-prototypes  -Wmissing-prototypes -Wmissing-declarations -Wold-style-definition -Wformat=2 -O2 -pipe -I../include -I../include/uapi -DRESOLVE_HOSTNAMES -DLIBDIR=\"/usr/lib/x86_64-linux-gnu\" -DCONF_USR_DIR=\"/usr/share/iproute2\" -DCONF_ETC_DIR=\"/etc/iproute2\" -DNETNS_RUN_DIR=\"/var/run/netns\" -DNETNS_ETC_DIR=\"/etc/netns\" -DARPDDIR=\"/var/lib/arpd\" -DCONF_COLOR=COLOR_OPT_NEVER -D_GNU_SOURCE -D_FILE_OFFSET_BITS=64 -D_LARGEFILE_SOURCE -D_LARGEFILE64_SOURCE -DHAVE_SETNS -DHAVE_HANDLE_AT -DHAVE_LIBBPF  -DLIBBPF_VERSION=\"1.3.0\" -DLIBBPF_DYNAMIC -DHAVE_LIBBPF_SECTION_NAME  -DHAVE_ELF  -DHAVE_LIBMNL  -DHAVE_LIBCAP  -DHAVE_SETNS -DHAVE_HANDLE_AT -DHAVE_LIBBPF  -DLIBBPF_VERSION=\"1.3.0\" -DLIBBPF_DYNAMIC -DHAVE_LIBBPF_SECTION_NAME  -DHAVE_ELF  -DHAVE_LIBMNL  -DHAVE_LIBCAP    -c -o tunnel.o tunnel.c
#21 3.594 gcc -Wall -Wstrict-prototypes  -Wmissing-prototypes -Wmissing-declarations -Wold-style-definition -Wformat=2 -O2 -pipe -I../include -I../include/uapi -DRESOLVE_HOSTNAMES -DLIBDIR=\"/usr/lib/x86_64-linux-gnu\" -DCONF_USR_DIR=\"/usr/share/iproute2\" -DCONF_ETC_DIR=\"/etc/iproute2\" -DNETNS_RUN_DIR=\"/var/run/netns\" -DNETNS_ETC_DIR=\"/etc/netns\" -DARPDDIR=\"/var/lib/arpd\" -DCONF_COLOR=COLOR_OPT_NEVER -D_GNU_SOURCE -D_FILE_OFFSET_BITS=64 -D_LARGEFILE_SOURCE -D_LARGEFILE64_SOURCE -DHAVE_SETNS -DHAVE_HANDLE_AT -DHAVE_LIBBPF  -DLIBBPF_VERSION=\"1.3.0\" -DLIBBPF_DYNAMIC -DHAVE_LIBBPF_SECTION_NAME  -DHAVE_ELF  -DHAVE_LIBMNL  -DHAVE_LIBCAP  -DHAVE_SETNS -DHAVE_HANDLE_AT -DHAVE_LIBBPF  -DLIBBPF_VERSION=\"1.3.0\" -DLIBBPF_DYNAMIC -DHAVE_LIBBPF_SECTION_NAME  -DHAVE_ELF  -DHAVE_LIBMNL  -DHAVE_LIBCAP    -c -o ipneigh.o ipneigh.c
#21 3.696 gcc -Wall -Wstrict-prototypes  -Wmissing-prototypes -Wmissing-declarations -Wold-style-definition -Wformat=2 -O2 -pipe -I../include -I../include/uapi -DRESOLVE_HOSTNAMES -DLIBDIR=\"/usr/lib/x86_64-linux-gnu\" -DCONF_USR_DIR=\"/usr/share/iproute2\" -DCONF_ETC_DIR=\"/etc/iproute2\" -DNETNS_RUN_DIR=\"/var/run/netns\" -DNETNS_ETC_DIR=\"/etc/netns\" -DARPDDIR=\"/var/lib/arpd\" -DCONF_COLOR=COLOR_OPT_NEVER -D_GNU_SOURCE -D_FILE_OFFSET_BITS=64 -D_LARGEFILE_SOURCE -D_LARGEFILE64_SOURCE -DHAVE_SETNS -DHAVE_HANDLE_AT -DHAVE_LIBBPF  -DLIBBPF_VERSION=\"1.3.0\" -DLIBBPF_DYNAMIC -DHAVE_LIBBPF_SECTION_NAME  -DHAVE_ELF  -DHAVE_LIBMNL  -DHAVE_LIBCAP  -DHAVE_SETNS -DHAVE_HANDLE_AT -DHAVE_LIBBPF  -DLIBBPF_VERSION=\"1.3.0\" -DLIBBPF_DYNAMIC -DHAVE_LIBBPF_SECTION_NAME  -DHAVE_ELF  -DHAVE_LIBMNL  -DHAVE_LIBCAP    -c -o ipntable.o ipntable.c
#21 3.775 gcc -Wall -Wstrict-prototypes  -Wmissing-prototypes -Wmissing-declarations -Wold-style-definition -Wformat=2 -O2 -pipe -I../include -I../include/uapi -DRESOLVE_HOSTNAMES -DLIBDIR=\"/usr/lib/x86_64-linux-gnu\" -DCONF_USR_DIR=\"/usr/share/iproute2\" -DCONF_ETC_DIR=\"/etc/iproute2\" -DNETNS_RUN_DIR=\"/var/run/netns\" -DNETNS_ETC_DIR=\"/etc/netns\" -DARPDDIR=\"/var/lib/arpd\" -DCONF_COLOR=COLOR_OPT_NEVER -D_GNU_SOURCE -D_FILE_OFFSET_BITS=64 -D_LARGEFILE_SOURCE -D_LARGEFILE64_SOURCE -DHAVE_SETNS -DHAVE_HANDLE_AT -DHAVE_LIBBPF  -DLIBBPF_VERSION=\"1.3.0\" -DLIBBPF_DYNAMIC -DHAVE_LIBBPF_SECTION_NAME  -DHAVE_ELF  -DHAVE_LIBMNL  -DHAVE_LIBCAP  -DHAVE_SETNS -DHAVE_HANDLE_AT -DHAVE_LIBBPF  -DLIBBPF_VERSION=\"1.3.0\" -DLIBBPF_DYNAMIC -DHAVE_LIBBPF_SECTION_NAME  -DHAVE_ELF  -DHAVE_LIBMNL  -DHAVE_LIBCAP    -c -o iplink.o iplink.c
#21 3.967 gcc -Wall -Wstrict-prototypes  -Wmissing-prototypes -Wmissing-declarations -Wold-style-definition -Wformat=2 -O2 -pipe -I../include -I../include/uapi -DRESOLVE_HOSTNAMES -DLIBDIR=\"/usr/lib/x86_64-linux-gnu\" -DCONF_USR_DIR=\"/usr/share/iproute2\" -DCONF_ETC_DIR=\"/etc/iproute2\" -DNETNS_RUN_DIR=\"/var/run/netns\" -DNETNS_ETC_DIR=\"/etc/netns\" -DARPDDIR=\"/var/lib/arpd\" -DCONF_COLOR=COLOR_OPT_NEVER -D_GNU_SOURCE -D_FILE_OFFSET_BITS=64 -D_LARGEFILE_SOURCE -D_LARGEFILE64_SOURCE -DHAVE_SETNS -DHAVE_HANDLE_AT -DHAVE_LIBBPF  -DLIBBPF_VERSION=\"1.3.0\" -DLIBBPF_DYNAMIC -DHAVE_LIBBPF_SECTION_NAME  -DHAVE_ELF  -DHAVE_LIBMNL  -DHAVE_LIBCAP  -DHAVE_SETNS -DHAVE_HANDLE_AT -DHAVE_LIBBPF  -DLIBBPF_VERSION=\"1.3.0\" -DLIBBPF_DYNAMIC -DHAVE_LIBBPF_SECTION_NAME  -DHAVE_ELF  -DHAVE_LIBMNL  -DHAVE_LIBCAP    -c -o ipmaddr.o ipmaddr.c
#21 4.033 gcc -Wall -Wstrict-prototypes  -Wmissing-prototypes -Wmissing-declarations -Wold-style-definition -Wformat=2 -O2 -pipe -I../include -I../include/uapi -DRESOLVE_HOSTNAMES -DLIBDIR=\"/usr/lib/x86_64-linux-gnu\" -DCONF_USR_DIR=\"/usr/share/iproute2\" -DCONF_ETC_DIR=\"/etc/iproute2\" -DNETNS_RUN_DIR=\"/var/run/netns\" -DNETNS_ETC_DIR=\"/etc/netns\" -DARPDDIR=\"/var/lib/arpd\" -DCONF_COLOR=COLOR_OPT_NEVER -D_GNU_SOURCE -D_FILE_OFFSET_BITS=64 -D_LARGEFILE_SOURCE -D_LARGEFILE64_SOURCE -DHAVE_SETNS -DHAVE_HANDLE_AT -DHAVE_LIBBPF  -DLIBBPF_VERSION=\"1.3.0\" -DLIBBPF_DYNAMIC -DHAVE_LIBBPF_SECTION_NAME  -DHAVE_ELF  -DHAVE_LIBMNL  -DHAVE_LIBCAP  -DHAVE_SETNS -DHAVE_HANDLE_AT -DHAVE_LIBBPF  -DLIBBPF_VERSION=\"1.3.0\" -DLIBBPF_DYNAMIC -DHAVE_LIBBPF_SECTION_NAME  -DHAVE_ELF  -DHAVE_LIBMNL  -DHAVE_LIBCAP    -c -o ipmonitor.o ipmonitor.c
#21 4.090 gcc -Wall -Wstrict-prototypes  -Wmissing-prototypes -Wmissing-declarations -Wold-style-definition -Wformat=2 -O2 -pipe -I../include -I../include/uapi -DRESOLVE_HOSTNAMES -DLIBDIR=\"/usr/lib/x86_64-linux-gnu\" -DCONF_USR_DIR=\"/usr/share/iproute2\" -DCONF_ETC_DIR=\"/etc/iproute2\" -DNETNS_RUN_DIR=\"/var/run/netns\" -DNETNS_ETC_DIR=\"/etc/netns\" -DARPDDIR=\"/var/lib/arpd\" -DCONF_COLOR=COLOR_OPT_NEVER -D_GNU_SOURCE -D_FILE_OFFSET_BITS=64 -D_LARGEFILE_SOURCE -D_LARGEFILE64_SOURCE -DHAVE_SETNS -DHAVE_HANDLE_AT -DHAVE_LIBBPF  -DLIBBPF_VERSION=\"1.3.0\" -DLIBBPF_DYNAMIC -DHAVE_LIBBPF_SECTION_NAME  -DHAVE_ELF  -DHAVE_LIBMNL  -DHAVE_LIBCAP  -DHAVE_SETNS -DHAVE_HANDLE_AT -DHAVE_LIBBPF  -DLIBBPF_VERSION=\"1.3.0\" -DLIBBPF_DYNAMIC -DHAVE_LIBBPF_SECTION_NAME  -DHAVE_ELF  -DHAVE_LIBMNL  -DHAVE_LIBCAP    -c -o ipmroute.o ipmroute.c
#21 4.151 gcc -Wall -Wstrict-prototypes  -Wmissing-prototypes -Wmissing-declarations -Wold-style-definition -Wformat=2 -O2 -pipe -I../include -I../include/uapi -DRESOLVE_HOSTNAMES -DLIBDIR=\"/usr/lib/x86_64-linux-gnu\" -DCONF_USR_DIR=\"/usr/share/iproute2\" -DCONF_ETC_DIR=\"/etc/iproute2\" -DNETNS_RUN_DIR=\"/var/run/netns\" -DNETNS_ETC_DIR=\"/etc/netns\" -DARPDDIR=\"/var/lib/arpd\" -DCONF_COLOR=COLOR_OPT_NEVER -D_GNU_SOURCE -D_FILE_OFFSET_BITS=64 -D_LARGEFILE_SOURCE -D_LARGEFILE64_SOURCE -DHAVE_SETNS -DHAVE_HANDLE_AT -DHAVE_LIBBPF  -DLIBBPF_VERSION=\"1.3.0\" -DLIBBPF_DYNAMIC -DHAVE_LIBBPF_SECTION_NAME  -DHAVE_ELF  -DHAVE_LIBMNL  -DHAVE_LIBCAP  -DHAVE_SETNS -DHAVE_HANDLE_AT -DHAVE_LIBBPF  -DLIBBPF_VERSION=\"1.3.0\" -DLIBBPF_DYNAMIC -DHAVE_LIBBPF_SECTION_NAME  -DHAVE_ELF  -DHAVE_LIBMNL  -DHAVE_LIBCAP    -c -o ipprefix.o ipprefix.c
#21 4.182 gcc -Wall -Wstrict-prototypes  -Wmissing-prototypes -Wmissing-declarations -Wold-style-definition -Wformat=2 -O2 -pipe -I../include -I../include/uapi -DRESOLVE_HOSTNAMES -DLIBDIR=\"/usr/lib/x86_64-linux-gnu\" -DCONF_USR_DIR=\"/usr/share/iproute2\" -DCONF_ETC_DIR=\"/etc/iproute2\" -DNETNS_RUN_DIR=\"/var/run/netns\" -DNETNS_ETC_DIR=\"/etc/netns\" -DARPDDIR=\"/var/lib/arpd\" -DCONF_COLOR=COLOR_OPT_NEVER -D_GNU_SOURCE -D_FILE_OFFSET_BITS=64 -D_LARGEFILE_SOURCE -D_LARGEFILE64_SOURCE -DHAVE_SETNS -DHAVE_HANDLE_AT -DHAVE_LIBBPF  -DLIBBPF_VERSION=\"1.3.0\" -DLIBBPF_DYNAMIC -DHAVE_LIBBPF_SECTION_NAME  -DHAVE_ELF  -DHAVE_LIBMNL  -DHAVE_LIBCAP  -DHAVE_SETNS -DHAVE_HANDLE_AT -DHAVE_LIBBPF  -DLIBBPF_VERSION=\"1.3.0\" -DLIBBPF_DYNAMIC -DHAVE_LIBBPF_SECTION_NAME  -DHAVE_ELF  -DHAVE_LIBMNL  -DHAVE_LIBCAP    -c -o iptuntap.o iptuntap.c
#21 4.256 gcc -Wall -Wstrict-prototypes  -Wmissing-prototypes -Wmissing-declarations -Wold-style-definition -Wformat=2 -O2 -pipe -I../include -I../include/uapi -DRESOLVE_HOSTNAMES -DLIBDIR=\"/usr/lib/x86_64-linux-gnu\" -DCONF_USR_DIR=\"/usr/share/iproute2\" -DCONF_ETC_DIR=\"/etc/iproute2\" -DNETNS_RUN_DIR=\"/var/run/netns\" -DNETNS_ETC_DIR=\"/etc/netns\" -DARPDDIR=\"/var/lib/arpd\" -DCONF_COLOR=COLOR_OPT_NEVER -D_GNU_SOURCE -D_FILE_OFFSET_BITS=64 -D_LARGEFILE_SOURCE -D_LARGEFILE64_SOURCE -DHAVE_SETNS -DHAVE_HANDLE_AT -DHAVE_LIBBPF  -DLIBBPF_VERSION=\"1.3.0\" -DLIBBPF_DYNAMIC -DHAVE_LIBBPF_SECTION_NAME  -DHAVE_ELF  -DHAVE_LIBMNL  -DHAVE_LIBCAP  -DHAVE_SETNS -DHAVE_HANDLE_AT -DHAVE_LIBBPF  -DLIBBPF_VERSION=\"1.3.0\" -DLIBBPF_DYNAMIC -DHAVE_LIBBPF_SECTION_NAME  -DHAVE_ELF  -DHAVE_LIBMNL  -DHAVE_LIBCAP    -c -o iptoken.o iptoken.c
#21 4.303 gcc -Wall -Wstrict-prototypes  -Wmissing-prototypes -Wmissing-declarations -Wold-style-definition -Wformat=2 -O2 -pipe -I../include -I../include/uapi -DRESOLVE_HOSTNAMES -DLIBDIR=\"/usr/lib/x86_64-linux-gnu\" -DCONF_USR_DIR=\"/usr/share/iproute2\" -DCONF_ETC_DIR=\"/etc/iproute2\" -DNETNS_RUN_DIR=\"/var/run/netns\" -DNETNS_ETC_DIR=\"/etc/netns\" -DARPDDIR=\"/var/lib/arpd\" -DCONF_COLOR=COLOR_OPT_NEVER -D_GNU_SOURCE -D_FILE_OFFSET_BITS=64 -D_LARGEFILE_SOURCE -D_LARGEFILE64_SOURCE -DHAVE_SETNS -DHAVE_HANDLE_AT -DHAVE_LIBBPF  -DLIBBPF_VERSION=\"1.3.0\" -DLIBBPF_DYNAMIC -DHAVE_LIBBPF_SECTION_NAME  -DHAVE_ELF  -DHAVE_LIBMNL  -DHAVE_LIBCAP  -DHAVE_SETNS -DHAVE_HANDLE_AT -DHAVE_LIBBPF  -DLIBBPF_VERSION=\"1.3.0\" -DLIBBPF_DYNAMIC -DHAVE_LIBBPF_SECTION_NAME  -DHAVE_ELF  -DHAVE_LIBMNL  -DHAVE_LIBCAP    -c -o ipxfrm.o ipxfrm.c
#21 4.492 gcc -Wall -Wstrict-prototypes  -Wmissing-prototypes -Wmissing-declarations -Wold-style-definition -Wformat=2 -O2 -pipe -I../include -I../include/uapi -DRESOLVE_HOSTNAMES -DLIBDIR=\"/usr/lib/x86_64-linux-gnu\" -DCONF_USR_DIR=\"/usr/share/iproute2\" -DCONF_ETC_DIR=\"/etc/iproute2\" -DNETNS_RUN_DIR=\"/var/run/netns\" -DNETNS_ETC_DIR=\"/etc/netns\" -DARPDDIR=\"/var/lib/arpd\" -DCONF_COLOR=COLOR_OPT_NEVER -D_GNU_SOURCE -D_FILE_OFFSET_BITS=64 -D_LARGEFILE_SOURCE -D_LARGEFILE64_SOURCE -DHAVE_SETNS -DHAVE_HANDLE_AT -DHAVE_LIBBPF  -DLIBBPF_VERSION=\"1.3.0\" -DLIBBPF_DYNAMIC -DHAVE_LIBBPF_SECTION_NAME  -DHAVE_ELF  -DHAVE_LIBMNL  -DHAVE_LIBCAP  -DHAVE_SETNS -DHAVE_HANDLE_AT -DHAVE_LIBBPF  -DLIBBPF_VERSION=\"1.3.0\" -DLIBBPF_DYNAMIC -DHAVE_LIBBPF_SECTION_NAME  -DHAVE_ELF  -DHAVE_LIBMNL  -DHAVE_LIBCAP    -c -o xfrm_state.o xfrm_state.c
#21 4.673 gcc -Wall -Wstrict-prototypes  -Wmissing-prototypes -Wmissing-declarations -Wold-style-definition -Wformat=2 -O2 -pipe -I../include -I../include/uapi -DRESOLVE_HOSTNAMES -DLIBDIR=\"/usr/lib/x86_64-linux-gnu\" -DCONF_USR_DIR=\"/usr/share/iproute2\" -DCONF_ETC_DIR=\"/etc/iproute2\" -DNETNS_RUN_DIR=\"/var/run/netns\" -DNETNS_ETC_DIR=\"/etc/netns\" -DARPDDIR=\"/var/lib/arpd\" -DCONF_COLOR=COLOR_OPT_NEVER -D_GNU_SOURCE -D_FILE_OFFSET_BITS=64 -D_LARGEFILE_SOURCE -D_LARGEFILE64_SOURCE -DHAVE_SETNS -DHAVE_HANDLE_AT -DHAVE_LIBBPF  -DLIBBPF_VERSION=\"1.3.0\" -DLIBBPF_DYNAMIC -DHAVE_LIBBPF_SECTION_NAME  -DHAVE_ELF  -DHAVE_LIBMNL  -DHAVE_LIBCAP  -DHAVE_SETNS -DHAVE_HANDLE_AT -DHAVE_LIBBPF  -DLIBBPF_VERSION=\"1.3.0\" -DLIBBPF_DYNAMIC -DHAVE_LIBBPF_SECTION_NAME  -DHAVE_ELF  -DHAVE_LIBMNL  -DHAVE_LIBCAP    -c -o xfrm_policy.o xfrm_policy.c
#21 4.823 gcc -Wall -Wstrict-prototypes  -Wmissing-prototypes -Wmissing-declarations -Wold-style-definition -Wformat=2 -O2 -pipe -I../include -I../include/uapi -DRESOLVE_HOSTNAMES -DLIBDIR=\"/usr/lib/x86_64-linux-gnu\" -DCONF_USR_DIR=\"/usr/share/iproute2\" -DCONF_ETC_DIR=\"/etc/iproute2\" -DNETNS_RUN_DIR=\"/var/run/netns\" -DNETNS_ETC_DIR=\"/etc/netns\" -DARPDDIR=\"/var/lib/arpd\" -DCONF_COLOR=COLOR_OPT_NEVER -D_GNU_SOURCE -D_FILE_OFFSET_BITS=64 -D_LARGEFILE_SOURCE -D_LARGEFILE64_SOURCE -DHAVE_SETNS -DHAVE_HANDLE_AT -DHAVE_LIBBPF  -DLIBBPF_VERSION=\"1.3.0\" -DLIBBPF_DYNAMIC -DHAVE_LIBBPF_SECTION_NAME  -DHAVE_ELF  -DHAVE_LIBMNL  -DHAVE_LIBCAP  -DHAVE_SETNS -DHAVE_HANDLE_AT -DHAVE_LIBBPF  -DLIBBPF_VERSION=\"1.3.0\" -DLIBBPF_DYNAMIC -DHAVE_LIBBPF_SECTION_NAME  -DHAVE_ELF  -DHAVE_LIBMNL  -DHAVE_LIBCAP    -c -o xfrm_monitor.o xfrm_monitor.c
#21 4.879 gcc -Wall -Wstrict-prototypes  -Wmissing-prototypes -Wmissing-declarations -Wold-style-definition -Wformat=2 -O2 -pipe -I../include -I../include/uapi -DRESOLVE_HOSTNAMES -DLIBDIR=\"/usr/lib/x86_64-linux-gnu\" -DCONF_USR_DIR=\"/usr/share/iproute2\" -DCONF_ETC_DIR=\"/etc/iproute2\" -DNETNS_RUN_DIR=\"/var/run/netns\" -DNETNS_ETC_DIR=\"/etc/netns\" -DARPDDIR=\"/var/lib/arpd\" -DCONF_COLOR=COLOR_OPT_NEVER -D_GNU_SOURCE -D_FILE_OFFSET_BITS=64 -D_LARGEFILE_SOURCE -D_LARGEFILE64_SOURCE -DHAVE_SETNS -DHAVE_HANDLE_AT -DHAVE_LIBBPF  -DLIBBPF_VERSION=\"1.3.0\" -DLIBBPF_DYNAMIC -DHAVE_LIBBPF_SECTION_NAME  -DHAVE_ELF  -DHAVE_LIBMNL  -DHAVE_LIBCAP  -DHAVE_SETNS -DHAVE_HANDLE_AT -DHAVE_LIBBPF  -DLIBBPF_VERSION=\"1.3.0\" -DLIBBPF_DYNAMIC -DHAVE_LIBBPF_SECTION_NAME  -DHAVE_ELF  -DHAVE_LIBMNL  -DHAVE_LIBCAP    -c -o iplink_dummy.o iplink_dummy.c
#21 4.906 gcc -Wall -Wstrict-prototypes  -Wmissing-prototypes -Wmissing-declarations -Wold-style-definition -Wformat=2 -O2 -pipe -I../include -I../include/uapi -DRESOLVE_HOSTNAMES -DLIBDIR=\"/usr/lib/x86_64-linux-gnu\" -DCONF_USR_DIR=\"/usr/share/iproute2\" -DCONF_ETC_DIR=\"/etc/iproute2\" -DNETNS_RUN_DIR=\"/var/run/netns\" -DNETNS_ETC_DIR=\"/etc/netns\" -DARPDDIR=\"/var/lib/arpd\" -DCONF_COLOR=COLOR_OPT_NEVER -D_GNU_SOURCE -D_FILE_OFFSET_BITS=64 -D_LARGEFILE_SOURCE -D_LARGEFILE64_SOURCE -DHAVE_SETNS -DHAVE_HANDLE_AT -DHAVE_LIBBPF  -DLIBBPF_VERSION=\"1.3.0\" -DLIBBPF_DYNAMIC -DHAVE_LIBBPF_SECTION_NAME  -DHAVE_ELF  -DHAVE_LIBMNL  -DHAVE_LIBCAP  -DHAVE_SETNS -DHAVE_HANDLE_AT -DHAVE_LIBBPF  -DLIBBPF_VERSION=\"1.3.0\" -DLIBBPF_DYNAMIC -DHAVE_LIBBPF_SECTION_NAME  -DHAVE_ELF  -DHAVE_LIBMNL  -DHAVE_LIBCAP    -c -o iplink_ifb.o iplink_ifb.c
#21 4.931 gcc -Wall -Wstrict-prototypes  -Wmissing-prototypes -Wmissing-declarations -Wold-style-definition -Wformat=2 -O2 -pipe -I../include -I../include/uapi -DRESOLVE_HOSTNAMES -DLIBDIR=\"/usr/lib/x86_64-linux-gnu\" -DCONF_USR_DIR=\"/usr/share/iproute2\" -DCONF_ETC_DIR=\"/etc/iproute2\" -DNETNS_RUN_DIR=\"/var/run/netns\" -DNETNS_ETC_DIR=\"/etc/netns\" -DARPDDIR=\"/var/lib/arpd\" -DCONF_COLOR=COLOR_OPT_NEVER -D_GNU_SOURCE -D_FILE_OFFSET_BITS=64 -D_LARGEFILE_SOURCE -D_LARGEFILE64_SOURCE -DHAVE_SETNS -DHAVE_HANDLE_AT -DHAVE_LIBBPF  -DLIBBPF_VERSION=\"1.3.0\" -DLIBBPF_DYNAMIC -DHAVE_LIBBPF_SECTION_NAME  -DHAVE_ELF  -DHAVE_LIBMNL  -DHAVE_LIBCAP  -DHAVE_SETNS -DHAVE_HANDLE_AT -DHAVE_LIBBPF  -DLIBBPF_VERSION=\"1.3.0\" -DLIBBPF_DYNAMIC -DHAVE_LIBBPF_SECTION_NAME  -DHAVE_ELF  -DHAVE_LIBMNL  -DHAVE_LIBCAP    -c -o iplink_nlmon.o iplink_nlmon.c
#21 4.956 gcc -Wall -Wstrict-prototypes  -Wmissing-prototypes -Wmissing-declarations -Wold-style-definition -Wformat=2 -O2 -pipe -I../include -I../include/uapi -DRESOLVE_HOSTNAMES -DLIBDIR=\"/usr/lib/x86_64-linux-gnu\" -DCONF_USR_DIR=\"/usr/share/iproute2\" -DCONF_ETC_DIR=\"/etc/iproute2\" -DNETNS_RUN_DIR=\"/var/run/netns\" -DNETNS_ETC_DIR=\"/etc/netns\" -DARPDDIR=\"/var/lib/arpd\" -DCONF_COLOR=COLOR_OPT_NEVER -D_GNU_SOURCE -D_FILE_OFFSET_BITS=64 -D_LARGEFILE_SOURCE -D_LARGEFILE64_SOURCE -DHAVE_SETNS -DHAVE_HANDLE_AT -DHAVE_LIBBPF  -DLIBBPF_VERSION=\"1.3.0\" -DLIBBPF_DYNAMIC -DHAVE_LIBBPF_SECTION_NAME  -DHAVE_ELF  -DHAVE_LIBMNL  -DHAVE_LIBCAP  -DHAVE_SETNS -DHAVE_HANDLE_AT -DHAVE_LIBBPF  -DLIBBPF_VERSION=\"1.3.0\" -DLIBBPF_DYNAMIC -DHAVE_LIBBPF_SECTION_NAME  -DHAVE_ELF  -DHAVE_LIBMNL  -DHAVE_LIBCAP    -c -o iplink_team.o iplink_team.c
#21 4.984 gcc -Wall -Wstrict-prototypes  -Wmissing-prototypes -Wmissing-declarations -Wold-style-definition -Wformat=2 -O2 -pipe -I../include -I../include/uapi -DRESOLVE_HOSTNAMES -DLIBDIR=\"/usr/lib/x86_64-linux-gnu\" -DCONF_USR_DIR=\"/usr/share/iproute2\" -DCONF_ETC_DIR=\"/etc/iproute2\" -DNETNS_RUN_DIR=\"/var/run/netns\" -DNETNS_ETC_DIR=\"/etc/netns\" -DARPDDIR=\"/var/lib/arpd\" -DCONF_COLOR=COLOR_OPT_NEVER -D_GNU_SOURCE -D_FILE_OFFSET_BITS=64 -D_LARGEFILE_SOURCE -D_LARGEFILE64_SOURCE -DHAVE_SETNS -DHAVE_HANDLE_AT -DHAVE_LIBBPF  -DLIBBPF_VERSION=\"1.3.0\" -DLIBBPF_DYNAMIC -DHAVE_LIBBPF_SECTION_NAME  -DHAVE_ELF  -DHAVE_LIBMNL  -DHAVE_LIBCAP  -DHAVE_SETNS -DHAVE_HANDLE_AT -DHAVE_LIBBPF  -DLIBBPF_VERSION=\"1.3.0\" -DLIBBPF_DYNAMIC -DHAVE_LIBBPF_SECTION_NAME  -DHAVE_ELF  -DHAVE_LIBMNL  -DHAVE_LIBCAP    -c -o iplink_vcan.o iplink_vcan.c
#21 5.010 gcc -Wall -Wstrict-prototypes  -Wmissing-prototypes -Wmissing-declarations -Wold-style-definition -Wformat=2 -O2 -pipe -I../include -I../include/uapi -DRESOLVE_HOSTNAMES -DLIBDIR=\"/usr/lib/x86_64-linux-gnu\" -DCONF_USR_DIR=\"/usr/share/iproute2\" -DCONF_ETC_DIR=\"/etc/iproute2\" -DNETNS_RUN_DIR=\"/var/run/netns\" -DNETNS_ETC_DIR=\"/etc/netns\" -DARPDDIR=\"/var/lib/arpd\" -DCONF_COLOR=COLOR_OPT_NEVER -D_GNU_SOURCE -D_FILE_OFFSET_BITS=64 -D_LARGEFILE_SOURCE -D_LARGEFILE64_SOURCE -DHAVE_SETNS -DHAVE_HANDLE_AT -DHAVE_LIBBPF  -DLIBBPF_VERSION=\"1.3.0\" -DLIBBPF_DYNAMIC -DHAVE_LIBBPF_SECTION_NAME  -DHAVE_ELF  -DHAVE_LIBMNL  -DHAVE_LIBCAP  -DHAVE_SETNS -DHAVE_HANDLE_AT -DHAVE_LIBBPF  -DLIBBPF_VERSION=\"1.3.0\" -DLIBBPF_DYNAMIC -DHAVE_LIBBPF_SECTION_NAME  -DHAVE_ELF  -DHAVE_LIBMNL  -DHAVE_LIBCAP    -c -o iplink_vxcan.o iplink_vxcan.c
#21 5.040 gcc -Wall -Wstrict-prototypes  -Wmissing-prototypes -Wmissing-declarations -Wold-style-definition -Wformat=2 -O2 -pipe -I../include -I../include/uapi -DRESOLVE_HOSTNAMES -DLIBDIR=\"/usr/lib/x86_64-linux-gnu\" -DCONF_USR_DIR=\"/usr/share/iproute2\" -DCONF_ETC_DIR=\"/etc/iproute2\" -DNETNS_RUN_DIR=\"/var/run/netns\" -DNETNS_ETC_DIR=\"/etc/netns\" -DARPDDIR=\"/var/lib/arpd\" -DCONF_COLOR=COLOR_OPT_NEVER -D_GNU_SOURCE -D_FILE_OFFSET_BITS=64 -D_LARGEFILE_SOURCE -D_LARGEFILE64_SOURCE -DHAVE_SETNS -DHAVE_HANDLE_AT -DHAVE_LIBBPF  -DLIBBPF_VERSION=\"1.3.0\" -DLIBBPF_DYNAMIC -DHAVE_LIBBPF_SECTION_NAME  -DHAVE_ELF  -DHAVE_LIBMNL  -DHAVE_LIBCAP  -DHAVE_SETNS -DHAVE_HANDLE_AT -DHAVE_LIBBPF  -DLIBBPF_VERSION=\"1.3.0\" -DLIBBPF_DYNAMIC -DHAVE_LIBBPF_SECTION_NAME  -DHAVE_ELF  -DHAVE_LIBMNL  -DHAVE_LIBCAP    -c -o iplink_vlan.o iplink_vlan.c
#21 5.095 gcc -Wall -Wstrict-prototypes  -Wmissing-prototypes -Wmissing-declarations -Wold-style-definition -Wformat=2 -O2 -pipe -I../include -I../include/uapi -DRESOLVE_HOSTNAMES -DLIBDIR=\"/usr/lib/x86_64-linux-gnu\" -DCONF_USR_DIR=\"/usr/share/iproute2\" -DCONF_ETC_DIR=\"/etc/iproute2\" -DNETNS_RUN_DIR=\"/var/run/netns\" -DNETNS_ETC_DIR=\"/etc/netns\" -DARPDDIR=\"/var/lib/arpd\" -DCONF_COLOR=COLOR_OPT_NEVER -D_GNU_SOURCE -D_FILE_OFFSET_BITS=64 -D_LARGEFILE_SOURCE -D_LARGEFILE64_SOURCE -DHAVE_SETNS -DHAVE_HANDLE_AT -DHAVE_LIBBPF  -DLIBBPF_VERSION=\"1.3.0\" -DLIBBPF_DYNAMIC -DHAVE_LIBBPF_SECTION_NAME  -DHAVE_ELF  -DHAVE_LIBMNL  -DHAVE_LIBCAP  -DHAVE_SETNS -DHAVE_HANDLE_AT -DHAVE_LIBBPF  -DLIBBPF_VERSION=\"1.3.0\" -DLIBBPF_DYNAMIC -DHAVE_LIBBPF_SECTION_NAME  -DHAVE_ELF  -DHAVE_LIBMNL  -DHAVE_LIBCAP    -c -o link_veth.o link_veth.c
#21 5.126 gcc -Wall -Wstrict-prototypes  -Wmissing-prototypes -Wmissing-declarations -Wold-style-definition -Wformat=2 -O2 -pipe -I../include -I../include/uapi -DRESOLVE_HOSTNAMES -DLIBDIR=\"/usr/lib/x86_64-linux-gnu\" -DCONF_USR_DIR=\"/usr/share/iproute2\" -DCONF_ETC_DIR=\"/etc/iproute2\" -DNETNS_RUN_DIR=\"/var/run/netns\" -DNETNS_ETC_DIR=\"/etc/netns\" -DARPDDIR=\"/var/lib/arpd\" -DCONF_COLOR=COLOR_OPT_NEVER -D_GNU_SOURCE -D_FILE_OFFSET_BITS=64 -D_LARGEFILE_SOURCE -D_LARGEFILE64_SOURCE -DHAVE_SETNS -DHAVE_HANDLE_AT -DHAVE_LIBBPF  -DLIBBPF_VERSION=\"1.3.0\" -DLIBBPF_DYNAMIC -DHAVE_LIBBPF_SECTION_NAME  -DHAVE_ELF  -DHAVE_LIBMNL  -DHAVE_LIBCAP  -DHAVE_SETNS -DHAVE_HANDLE_AT -DHAVE_LIBBPF  -DLIBBPF_VERSION=\"1.3.0\" -DLIBBPF_DYNAMIC -DHAVE_LIBBPF_SECTION_NAME  -DHAVE_ELF  -DHAVE_LIBMNL  -DHAVE_LIBCAP    -c -o link_gre.o link_gre.c
#21 5.209 gcc -Wall -Wstrict-prototypes  -Wmissing-prototypes -Wmissing-declarations -Wold-style-definition -Wformat=2 -O2 -pipe -I../include -I../include/uapi -DRESOLVE_HOSTNAMES -DLIBDIR=\"/usr/lib/x86_64-linux-gnu\" -DCONF_USR_DIR=\"/usr/share/iproute2\" -DCONF_ETC_DIR=\"/etc/iproute2\" -DNETNS_RUN_DIR=\"/var/run/netns\" -DNETNS_ETC_DIR=\"/etc/netns\" -DARPDDIR=\"/var/lib/arpd\" -DCONF_COLOR=COLOR_OPT_NEVER -D_GNU_SOURCE -D_FILE_OFFSET_BITS=64 -D_LARGEFILE_SOURCE -D_LARGEFILE64_SOURCE -DHAVE_SETNS -DHAVE_HANDLE_AT -DHAVE_LIBBPF  -DLIBBPF_VERSION=\"1.3.0\" -DLIBBPF_DYNAMIC -DHAVE_LIBBPF_SECTION_NAME  -DHAVE_ELF  -DHAVE_LIBMNL  -DHAVE_LIBCAP  -DHAVE_SETNS -DHAVE_HANDLE_AT -DHAVE_LIBBPF  -DLIBBPF_VERSION=\"1.3.0\" -DLIBBPF_DYNAMIC -DHAVE_LIBBPF_SECTION_NAME  -DHAVE_ELF  -DHAVE_LIBMNL  -DHAVE_LIBCAP    -c -o iplink_can.o iplink_can.c
#21 5.337 gcc -Wall -Wstrict-prototypes  -Wmissing-prototypes -Wmissing-declarations -Wold-style-definition -Wformat=2 -O2 -pipe -I../include -I../include/uapi -DRESOLVE_HOSTNAMES -DLIBDIR=\"/usr/lib/x86_64-linux-gnu\" -DCONF_USR_DIR=\"/usr/share/iproute2\" -DCONF_ETC_DIR=\"/etc/iproute2\" -DNETNS_RUN_DIR=\"/var/run/netns\" -DNETNS_ETC_DIR=\"/etc/netns\" -DARPDDIR=\"/var/lib/arpd\" -DCONF_COLOR=COLOR_OPT_NEVER -D_GNU_SOURCE -D_FILE_OFFSET_BITS=64 -D_LARGEFILE_SOURCE -D_LARGEFILE64_SOURCE -DHAVE_SETNS -DHAVE_HANDLE_AT -DHAVE_LIBBPF  -DLIBBPF_VERSION=\"1.3.0\" -DLIBBPF_DYNAMIC -DHAVE_LIBBPF_SECTION_NAME  -DHAVE_ELF  -DHAVE_LIBMNL  -DHAVE_LIBCAP  -DHAVE_SETNS -DHAVE_HANDLE_AT -DHAVE_LIBBPF  -DLIBBPF_VERSION=\"1.3.0\" -DLIBBPF_DYNAMIC -DHAVE_LIBBPF_SECTION_NAME  -DHAVE_ELF  -DHAVE_LIBMNL  -DHAVE_LIBCAP    -c -o iplink_xdp.o iplink_xdp.c
#21 5.384 gcc -Wall -Wstrict-prototypes  -Wmissing-prototypes -Wmissing-declarations -Wold-style-definition -Wformat=2 -O2 -pipe -I../include -I../include/uapi -DRESOLVE_HOSTNAMES -DLIBDIR=\"/usr/lib/x86_64-linux-gnu\" -DCONF_USR_DIR=\"/usr/share/iproute2\" -DCONF_ETC_DIR=\"/etc/iproute2\" -DNETNS_RUN_DIR=\"/var/run/netns\" -DNETNS_ETC_DIR=\"/etc/netns\" -DARPDDIR=\"/var/lib/arpd\" -DCONF_COLOR=COLOR_OPT_NEVER -D_GNU_SOURCE -D_FILE_OFFSET_BITS=64 -D_LARGEFILE_SOURCE -D_LARGEFILE64_SOURCE -DHAVE_SETNS -DHAVE_HANDLE_AT -DHAVE_LIBBPF  -DLIBBPF_VERSION=\"1.3.0\" -DLIBBPF_DYNAMIC -DHAVE_LIBBPF_SECTION_NAME  -DHAVE_ELF  -DHAVE_LIBMNL  -DHAVE_LIBCAP  -DHAVE_SETNS -DHAVE_HANDLE_AT -DHAVE_LIBBPF  -DLIBBPF_VERSION=\"1.3.0\" -DLIBBPF_DYNAMIC -DHAVE_LIBBPF_SECTION_NAME  -DHAVE_ELF  -DHAVE_LIBMNL  -DHAVE_LIBCAP    -c -o iplink_macvlan.o iplink_macvlan.c
#21 5.438 gcc -Wall -Wstrict-prototypes  -Wmissing-prototypes -Wmissing-declarations -Wold-style-definition -Wformat=2 -O2 -pipe -I../include -I../include/uapi -DRESOLVE_HOSTNAMES -DLIBDIR=\"/usr/lib/x86_64-linux-gnu\" -DCONF_USR_DIR=\"/usr/share/iproute2\" -DCONF_ETC_DIR=\"/etc/iproute2\" -DNETNS_RUN_DIR=\"/var/run/netns\" -DNETNS_ETC_DIR=\"/etc/netns\" -DARPDDIR=\"/var/lib/arpd\" -DCONF_COLOR=COLOR_OPT_NEVER -D_GNU_SOURCE -D_FILE_OFFSET_BITS=64 -D_LARGEFILE_SOURCE -D_LARGEFILE64_SOURCE -DHAVE_SETNS -DHAVE_HANDLE_AT -DHAVE_LIBBPF  -DLIBBPF_VERSION=\"1.3.0\" -DLIBBPF_DYNAMIC -DHAVE_LIBBPF_SECTION_NAME  -DHAVE_ELF  -DHAVE_LIBMNL  -DHAVE_LIBCAP  -DHAVE_SETNS -DHAVE_HANDLE_AT -DHAVE_LIBBPF  -DLIBBPF_VERSION=\"1.3.0\" -DLIBBPF_DYNAMIC -DHAVE_LIBBPF_SECTION_NAME  -DHAVE_ELF  -DHAVE_LIBMNL  -DHAVE_LIBCAP    -c -o ipl2tp.o ipl2tp.c
#21 5.540 gcc -Wall -Wstrict-prototypes  -Wmissing-prototypes -Wmissing-declarations -Wold-style-definition -Wformat=2 -O2 -pipe -I../include -I../include/uapi -DRESOLVE_HOSTNAMES -DLIBDIR=\"/usr/lib/x86_64-linux-gnu\" -DCONF_USR_DIR=\"/usr/share/iproute2\" -DCONF_ETC_DIR=\"/etc/iproute2\" -DNETNS_RUN_DIR=\"/var/run/netns\" -DNETNS_ETC_DIR=\"/etc/netns\" -DARPDDIR=\"/var/lib/arpd\" -DCONF_COLOR=COLOR_OPT_NEVER -D_GNU_SOURCE -D_FILE_OFFSET_BITS=64 -D_LARGEFILE_SOURCE -D_LARGEFILE64_SOURCE -DHAVE_SETNS -DHAVE_HANDLE_AT -DHAVE_LIBBPF  -DLIBBPF_VERSION=\"1.3.0\" -DLIBBPF_DYNAMIC -DHAVE_LIBBPF_SECTION_NAME  -DHAVE_ELF  -DHAVE_LIBMNL  -DHAVE_LIBCAP  -DHAVE_SETNS -DHAVE_HANDLE_AT -DHAVE_LIBBPF  -DLIBBPF_VERSION=\"1.3.0\" -DLIBBPF_DYNAMIC -DHAVE_LIBBPF_SECTION_NAME  -DHAVE_ELF  -DHAVE_LIBMNL  -DHAVE_LIBCAP    -c -o link_vti.o link_vti.c
#21 5.584 gcc -Wall -Wstrict-prototypes  -Wmissing-prototypes -Wmissing-declarations -Wold-style-definition -Wformat=2 -O2 -pipe -I../include -I../include/uapi -DRESOLVE_HOSTNAMES -DLIBDIR=\"/usr/lib/x86_64-linux-gnu\" -DCONF_USR_DIR=\"/usr/share/iproute2\" -DCONF_ETC_DIR=\"/etc/iproute2\" -DNETNS_RUN_DIR=\"/var/run/netns\" -DNETNS_ETC_DIR=\"/etc/netns\" -DARPDDIR=\"/var/lib/arpd\" -DCONF_COLOR=COLOR_OPT_NEVER -D_GNU_SOURCE -D_FILE_OFFSET_BITS=64 -D_LARGEFILE_SOURCE -D_LARGEFILE64_SOURCE -DHAVE_SETNS -DHAVE_HANDLE_AT -DHAVE_LIBBPF  -DLIBBPF_VERSION=\"1.3.0\" -DLIBBPF_DYNAMIC -DHAVE_LIBBPF_SECTION_NAME  -DHAVE_ELF  -DHAVE_LIBMNL  -DHAVE_LIBCAP  -DHAVE_SETNS -DHAVE_HANDLE_AT -DHAVE_LIBBPF  -DLIBBPF_VERSION=\"1.3.0\" -DLIBBPF_DYNAMIC -DHAVE_LIBBPF_SECTION_NAME  -DHAVE_ELF  -DHAVE_LIBMNL  -DHAVE_LIBCAP    -c -o link_vti6.o link_vti6.c
#21 5.629 gcc -Wall -Wstrict-prototypes  -Wmissing-prototypes -Wmissing-declarations -Wold-style-definition -Wformat=2 -O2 -pipe -I../include -I../include/uapi -DRESOLVE_HOSTNAMES -DLIBDIR=\"/usr/lib/x86_64-linux-gnu\" -DCONF_USR_DIR=\"/usr/share/iproute2\" -DCONF_ETC_DIR=\"/etc/iproute2\" -DNETNS_RUN_DIR=\"/var/run/netns\" -DNETNS_ETC_DIR=\"/etc/netns\" -DARPDDIR=\"/var/lib/arpd\" -DCONF_COLOR=COLOR_OPT_NEVER -D_GNU_SOURCE -D_FILE_OFFSET_BITS=64 -D_LARGEFILE_SOURCE -D_LARGEFILE64_SOURCE -DHAVE_SETNS -DHAVE_HANDLE_AT -DHAVE_LIBBPF  -DLIBBPF_VERSION=\"1.3.0\" -DLIBBPF_DYNAMIC -DHAVE_LIBBPF_SECTION_NAME  -DHAVE_ELF  -DHAVE_LIBMNL  -DHAVE_LIBCAP  -DHAVE_SETNS -DHAVE_HANDLE_AT -DHAVE_LIBBPF  -DLIBBPF_VERSION=\"1.3.0\" -DLIBBPF_DYNAMIC -DHAVE_LIBBPF_SECTION_NAME  -DHAVE_ELF  -DHAVE_LIBMNL  -DHAVE_LIBCAP    -c -o link_xfrm.o link_xfrm.c
#21 5.662 gcc -Wall -Wstrict-prototypes  -Wmissing-prototypes -Wmissing-declarations -Wold-style-definition -Wformat=2 -O2 -pipe -I../include -I../include/uapi -DRESOLVE_HOSTNAMES -DLIBDIR=\"/usr/lib/x86_64-linux-gnu\" -DCONF_USR_DIR=\"/usr/share/iproute2\" -DCONF_ETC_DIR=\"/etc/iproute2\" -DNETNS_RUN_DIR=\"/var/run/netns\" -DNETNS_ETC_DIR=\"/etc/netns\" -DARPDDIR=\"/var/lib/arpd\" -DCONF_COLOR=COLOR_OPT_NEVER -D_GNU_SOURCE -D_FILE_OFFSET_BITS=64 -D_LARGEFILE_SOURCE -D_LARGEFILE64_SOURCE -DHAVE_SETNS -DHAVE_HANDLE_AT -DHAVE_LIBBPF  -DLIBBPF_VERSION=\"1.3.0\" -DLIBBPF_DYNAMIC -DHAVE_LIBBPF_SECTION_NAME  -DHAVE_ELF  -DHAVE_LIBMNL  -DHAVE_LIBCAP  -DHAVE_SETNS -DHAVE_HANDLE_AT -DHAVE_LIBBPF  -DLIBBPF_VERSION=\"1.3.0\" -DLIBBPF_DYNAMIC -DHAVE_LIBBPF_SECTION_NAME  -DHAVE_ELF  -DHAVE_LIBMNL  -DHAVE_LIBCAP    -c -o iplink_vxlan.o iplink_vxlan.c
#21 5.767 gcc -Wall -Wstrict-prototypes  -Wmissing-prototypes -Wmissing-declarations -Wold-style-definition -Wformat=2 -O2 -pipe -I../include -I../include/uapi -DRESOLVE_HOSTNAMES -DLIBDIR=\"/usr/lib/x86_64-linux-gnu\" -DCONF_USR_DIR=\"/usr/share/iproute2\" -DCONF_ETC_DIR=\"/etc/iproute2\" -DNETNS_RUN_DIR=\"/var/run/netns\" -DNETNS_ETC_DIR=\"/etc/netns\" -DARPDDIR=\"/var/lib/arpd\" -DCONF_COLOR=COLOR_OPT_NEVER -D_GNU_SOURCE -D_FILE_OFFSET_BITS=64 -D_LARGEFILE_SOURCE -D_LARGEFILE64_SOURCE -DHAVE_SETNS -DHAVE_HANDLE_AT -DHAVE_LIBBPF  -DLIBBPF_VERSION=\"1.3.0\" -DLIBBPF_DYNAMIC -DHAVE_LIBBPF_SECTION_NAME  -DHAVE_ELF  -DHAVE_LIBMNL  -DHAVE_LIBCAP  -DHAVE_SETNS -DHAVE_HANDLE_AT -DHAVE_LIBBPF  -DLIBBPF_VERSION=\"1.3.0\" -DLIBBPF_DYNAMIC -DHAVE_LIBBPF_SECTION_NAME  -DHAVE_ELF  -DHAVE_LIBMNL  -DHAVE_LIBCAP    -c -o tcp_metrics.o tcp_metrics.c
#21 5.846 gcc -Wall -Wstrict-prototypes  -Wmissing-prototypes -Wmissing-declarations -Wold-style-definition -Wformat=2 -O2 -pipe -I../include -I../include/uapi -DRESOLVE_HOSTNAMES -DLIBDIR=\"/usr/lib/x86_64-linux-gnu\" -DCONF_USR_DIR=\"/usr/share/iproute2\" -DCONF_ETC_DIR=\"/etc/iproute2\" -DNETNS_RUN_DIR=\"/var/run/netns\" -DNETNS_ETC_DIR=\"/etc/netns\" -DARPDDIR=\"/var/lib/arpd\" -DCONF_COLOR=COLOR_OPT_NEVER -D_GNU_SOURCE -D_FILE_OFFSET_BITS=64 -D_LARGEFILE_SOURCE -D_LARGEFILE64_SOURCE -DHAVE_SETNS -DHAVE_HANDLE_AT -DHAVE_LIBBPF  -DLIBBPF_VERSION=\"1.3.0\" -DLIBBPF_DYNAMIC -DHAVE_LIBBPF_SECTION_NAME  -DHAVE_ELF  -DHAVE_LIBMNL  -DHAVE_LIBCAP  -DHAVE_SETNS -DHAVE_HANDLE_AT -DHAVE_LIBBPF  -DLIBBPF_VERSION=\"1.3.0\" -DLIBBPF_DYNAMIC -DHAVE_LIBBPF_SECTION_NAME  -DHAVE_ELF  -DHAVE_LIBMNL  -DHAVE_LIBCAP    -c -o iplink_ipoib.o iplink_ipoib.c
#21 5.883 gcc -Wall -Wstrict-prototypes  -Wmissing-prototypes -Wmissing-declarations -Wold-style-definition -Wformat=2 -O2 -pipe -I../include -I../include/uapi -DRESOLVE_HOSTNAMES -DLIBDIR=\"/usr/lib/x86_64-linux-gnu\" -DCONF_USR_DIR=\"/usr/share/iproute2\" -DCONF_ETC_DIR=\"/etc/iproute2\" -DNETNS_RUN_DIR=\"/var/run/netns\" -DNETNS_ETC_DIR=\"/etc/netns\" -DARPDDIR=\"/var/lib/arpd\" -DCONF_COLOR=COLOR_OPT_NEVER -D_GNU_SOURCE -D_FILE_OFFSET_BITS=64 -D_LARGEFILE_SOURCE -D_LARGEFILE64_SOURCE -DHAVE_SETNS -DHAVE_HANDLE_AT -DHAVE_LIBBPF  -DLIBBPF_VERSION=\"1.3.0\" -DLIBBPF_DYNAMIC -DHAVE_LIBBPF_SECTION_NAME  -DHAVE_ELF  -DHAVE_LIBMNL  -DHAVE_LIBCAP  -DHAVE_SETNS -DHAVE_HANDLE_AT -DHAVE_LIBBPF  -DLIBBPF_VERSION=\"1.3.0\" -DLIBBPF_DYNAMIC -DHAVE_LIBBPF_SECTION_NAME  -DHAVE_ELF  -DHAVE_LIBMNL  -DHAVE_LIBCAP    -c -o ipnetconf.o ipnetconf.c
#21 5.927 gcc -Wall -Wstrict-prototypes  -Wmissing-prototypes -Wmissing-declarations -Wold-style-definition -Wformat=2 -O2 -pipe -I../include -I../include/uapi -DRESOLVE_HOSTNAMES -DLIBDIR=\"/usr/lib/x86_64-linux-gnu\" -DCONF_USR_DIR=\"/usr/share/iproute2\" -DCONF_ETC_DIR=\"/etc/iproute2\" -DNETNS_RUN_DIR=\"/var/run/netns\" -DNETNS_ETC_DIR=\"/etc/netns\" -DARPDDIR=\"/var/lib/arpd\" -DCONF_COLOR=COLOR_OPT_NEVER -D_GNU_SOURCE -D_FILE_OFFSET_BITS=64 -D_LARGEFILE_SOURCE -D_LARGEFILE64_SOURCE -DHAVE_SETNS -DHAVE_HANDLE_AT -DHAVE_LIBBPF  -DLIBBPF_VERSION=\"1.3.0\" -DLIBBPF_DYNAMIC -DHAVE_LIBBPF_SECTION_NAME  -DHAVE_ELF  -DHAVE_LIBMNL  -DHAVE_LIBCAP  -DHAVE_SETNS -DHAVE_HANDLE_AT -DHAVE_LIBBPF  -DLIBBPF_VERSION=\"1.3.0\" -DLIBBPF_DYNAMIC -DHAVE_LIBBPF_SECTION_NAME  -DHAVE_ELF  -DHAVE_LIBMNL  -DHAVE_LIBCAP    -c -o link_ip6tnl.o link_ip6tnl.c
#21 5.996 gcc -Wall -Wstrict-prototypes  -Wmissing-prototypes -Wmissing-declarations -Wold-style-definition -Wformat=2 -O2 -pipe -I../include -I../include/uapi -DRESOLVE_HOSTNAMES -DLIBDIR=\"/usr/lib/x86_64-linux-gnu\" -DCONF_USR_DIR=\"/usr/share/iproute2\" -DCONF_ETC_DIR=\"/etc/iproute2\" -DNETNS_RUN_DIR=\"/var/run/netns\" -DNETNS_ETC_DIR=\"/etc/netns\" -DARPDDIR=\"/var/lib/arpd\" -DCONF_COLOR=COLOR_OPT_NEVER -D_GNU_SOURCE -D_FILE_OFFSET_BITS=64 -D_LARGEFILE_SOURCE -D_LARGEFILE64_SOURCE -DHAVE_SETNS -DHAVE_HANDLE_AT -DHAVE_LIBBPF  -DLIBBPF_VERSION=\"1.3.0\" -DLIBBPF_DYNAMIC -DHAVE_LIBBPF_SECTION_NAME  -DHAVE_ELF  -DHAVE_LIBMNL  -DHAVE_LIBCAP  -DHAVE_SETNS -DHAVE_HANDLE_AT -DHAVE_LIBBPF  -DLIBBPF_VERSION=\"1.3.0\" -DLIBBPF_DYNAMIC -DHAVE_LIBBPF_SECTION_NAME  -DHAVE_ELF  -DHAVE_LIBMNL  -DHAVE_LIBCAP    -c -o link_iptnl.o link_iptnl.c
#21 6.068 gcc -Wall -Wstrict-prototypes  -Wmissing-prototypes -Wmissing-declarations -Wold-style-definition -Wformat=2 -O2 -pipe -I../include -I../include/uapi -DRESOLVE_HOSTNAMES -DLIBDIR=\"/usr/lib/x86_64-linux-gnu\" -DCONF_USR_DIR=\"/usr/share/iproute2\" -DCONF_ETC_DIR=\"/etc/iproute2\" -DNETNS_RUN_DIR=\"/var/run/netns\" -DNETNS_ETC_DIR=\"/etc/netns\" -DARPDDIR=\"/var/lib/arpd\" -DCONF_COLOR=COLOR_OPT_NEVER -D_GNU_SOURCE -D_FILE_OFFSET_BITS=64 -D_LARGEFILE_SOURCE -D_LARGEFILE64_SOURCE -DHAVE_SETNS -DHAVE_HANDLE_AT -DHAVE_LIBBPF  -DLIBBPF_VERSION=\"1.3.0\" -DLIBBPF_DYNAMIC -DHAVE_LIBBPF_SECTION_NAME  -DHAVE_ELF  -DHAVE_LIBMNL  -DHAVE_LIBCAP  -DHAVE_SETNS -DHAVE_HANDLE_AT -DHAVE_LIBBPF  -DLIBBPF_VERSION=\"1.3.0\" -DLIBBPF_DYNAMIC -DHAVE_LIBBPF_SECTION_NAME  -DHAVE_ELF  -DHAVE_LIBMNL  -DHAVE_LIBCAP    -c -o link_gre6.o link_gre6.c
#21 6.159 gcc -Wall -Wstrict-prototypes  -Wmissing-prototypes -Wmissing-declarations -Wold-style-definition -Wformat=2 -O2 -pipe -I../include -I../include/uapi -DRESOLVE_HOSTNAMES -DLIBDIR=\"/usr/lib/x86_64-linux-gnu\" -DCONF_USR_DIR=\"/usr/share/iproute2\" -DCONF_ETC_DIR=\"/etc/iproute2\" -DNETNS_RUN_DIR=\"/var/run/netns\" -DNETNS_ETC_DIR=\"/etc/netns\" -DARPDDIR=\"/var/lib/arpd\" -DCONF_COLOR=COLOR_OPT_NEVER -D_GNU_SOURCE -D_FILE_OFFSET_BITS=64 -D_LARGEFILE_SOURCE -D_LARGEFILE64_SOURCE -DHAVE_SETNS -DHAVE_HANDLE_AT -DHAVE_LIBBPF  -DLIBBPF_VERSION=\"1.3.0\" -DLIBBPF_DYNAMIC -DHAVE_LIBBPF_SECTION_NAME  -DHAVE_ELF  -DHAVE_LIBMNL  -DHAVE_LIBCAP  -DHAVE_SETNS -DHAVE_HANDLE_AT -DHAVE_LIBBPF  -DLIBBPF_VERSION=\"1.3.0\" -DLIBBPF_DYNAMIC -DHAVE_LIBBPF_SECTION_NAME  -DHAVE_ELF  -DHAVE_LIBMNL  -DHAVE_LIBCAP    -c -o iplink_bond.o iplink_bond.c
#21 6.272 gcc -Wall -Wstrict-prototypes  -Wmissing-prototypes -Wmissing-declarations -Wold-style-definition -Wformat=2 -O2 -pipe -I../include -I../include/uapi -DRESOLVE_HOSTNAMES -DLIBDIR=\"/usr/lib/x86_64-linux-gnu\" -DCONF_USR_DIR=\"/usr/share/iproute2\" -DCONF_ETC_DIR=\"/etc/iproute2\" -DNETNS_RUN_DIR=\"/var/run/netns\" -DNETNS_ETC_DIR=\"/etc/netns\" -DARPDDIR=\"/var/lib/arpd\" -DCONF_COLOR=COLOR_OPT_NEVER -D_GNU_SOURCE -D_FILE_OFFSET_BITS=64 -D_LARGEFILE_SOURCE -D_LARGEFILE64_SOURCE -DHAVE_SETNS -DHAVE_HANDLE_AT -DHAVE_LIBBPF  -DLIBBPF_VERSION=\"1.3.0\" -DLIBBPF_DYNAMIC -DHAVE_LIBBPF_SECTION_NAME  -DHAVE_ELF  -DHAVE_LIBMNL  -DHAVE_LIBCAP  -DHAVE_SETNS -DHAVE_HANDLE_AT -DHAVE_LIBBPF  -DLIBBPF_VERSION=\"1.3.0\" -DLIBBPF_DYNAMIC -DHAVE_LIBBPF_SECTION_NAME  -DHAVE_ELF  -DHAVE_LIBMNL  -DHAVE_LIBCAP    -c -o iplink_bond_slave.o iplink_bond_slave.c
#21 6.318 gcc -Wall -Wstrict-prototypes  -Wmissing-prototypes -Wmissing-declarations -Wold-style-definition -Wformat=2 -O2 -pipe -I../include -I../include/uapi -DRESOLVE_HOSTNAMES -DLIBDIR=\"/usr/lib/x86_64-linux-gnu\" -DCONF_USR_DIR=\"/usr/share/iproute2\" -DCONF_ETC_DIR=\"/etc/iproute2\" -DNETNS_RUN_DIR=\"/var/run/netns\" -DNETNS_ETC_DIR=\"/etc/netns\" -DARPDDIR=\"/var/lib/arpd\" -DCONF_COLOR=COLOR_OPT_NEVER -D_GNU_SOURCE -D_FILE_OFFSET_BITS=64 -D_LARGEFILE_SOURCE -D_LARGEFILE64_SOURCE -DHAVE_SETNS -DHAVE_HANDLE_AT -DHAVE_LIBBPF  -DLIBBPF_VERSION=\"1.3.0\" -DLIBBPF_DYNAMIC -DHAVE_LIBBPF_SECTION_NAME  -DHAVE_ELF  -DHAVE_LIBMNL  -DHAVE_LIBCAP  -DHAVE_SETNS -DHAVE_HANDLE_AT -DHAVE_LIBBPF  -DLIBBPF_VERSION=\"1.3.0\" -DLIBBPF_DYNAMIC -DHAVE_LIBBPF_SECTION_NAME  -DHAVE_ELF  -DHAVE_LIBMNL  -DHAVE_LIBCAP    -c -o iplink_hsr.o iplink_hsr.c
#21 6.359 gcc -Wall -Wstrict-prototypes  -Wmissing-prototypes -Wmissing-declarations -Wold-style-definition -Wformat=2 -O2 -pipe -I../include -I../include/uapi -DRESOLVE_HOSTNAMES -DLIBDIR=\"/usr/lib/x86_64-linux-gnu\" -DCONF_USR_DIR=\"/usr/share/iproute2\" -DCONF_ETC_DIR=\"/etc/iproute2\" -DNETNS_RUN_DIR=\"/var/run/netns\" -DNETNS_ETC_DIR=\"/etc/netns\" -DARPDDIR=\"/var/lib/arpd\" -DCONF_COLOR=COLOR_OPT_NEVER -D_GNU_SOURCE -D_FILE_OFFSET_BITS=64 -D_LARGEFILE_SOURCE -D_LARGEFILE64_SOURCE -DHAVE_SETNS -DHAVE_HANDLE_AT -DHAVE_LIBBPF  -DLIBBPF_VERSION=\"1.3.0\" -DLIBBPF_DYNAMIC -DHAVE_LIBBPF_SECTION_NAME  -DHAVE_ELF  -DHAVE_LIBMNL  -DHAVE_LIBCAP  -DHAVE_SETNS -DHAVE_HANDLE_AT -DHAVE_LIBBPF  -DLIBBPF_VERSION=\"1.3.0\" -DLIBBPF_DYNAMIC -DHAVE_LIBBPF_SECTION_NAME  -DHAVE_ELF  -DHAVE_LIBMNL  -DHAVE_LIBCAP    -c -o iplink_bridge.o iplink_bridge.c
#21 6.465 gcc -Wall -Wstrict-prototypes  -Wmissing-prototypes -Wmissing-declarations -Wold-style-definition -Wformat=2 -O2 -pipe -I../include -I../include/uapi -DRESOLVE_HOSTNAMES -DLIBDIR=\"/usr/lib/x86_64-linux-gnu\" -DCONF_USR_DIR=\"/usr/share/iproute2\" -DCONF_ETC_DIR=\"/etc/iproute2\" -DNETNS_RUN_DIR=\"/var/run/netns\" -DNETNS_ETC_DIR=\"/etc/netns\" -DARPDDIR=\"/var/lib/arpd\" -DCONF_COLOR=COLOR_OPT_NEVER -D_GNU_SOURCE -D_FILE_OFFSET_BITS=64 -D_LARGEFILE_SOURCE -D_LARGEFILE64_SOURCE -DHAVE_SETNS -DHAVE_HANDLE_AT -DHAVE_LIBBPF  -DLIBBPF_VERSION=\"1.3.0\" -DLIBBPF_DYNAMIC -DHAVE_LIBBPF_SECTION_NAME  -DHAVE_ELF  -DHAVE_LIBMNL  -DHAVE_LIBCAP  -DHAVE_SETNS -DHAVE_HANDLE_AT -DHAVE_LIBBPF  -DLIBBPF_VERSION=\"1.3.0\" -DLIBBPF_DYNAMIC -DHAVE_LIBBPF_SECTION_NAME  -DHAVE_ELF  -DHAVE_LIBMNL  -DHAVE_LIBCAP    -c -o iplink_bridge_slave.o iplink_bridge_slave.c
#21 6.534 gcc -Wall -Wstrict-prototypes  -Wmissing-prototypes -Wmissing-declarations -Wold-style-definition -Wformat=2 -O2 -pipe -I../include -I../include/uapi -DRESOLVE_HOSTNAMES -DLIBDIR=\"/usr/lib/x86_64-linux-gnu\" -DCONF_USR_DIR=\"/usr/share/iproute2\" -DCONF_ETC_DIR=\"/etc/iproute2\" -DNETNS_RUN_DIR=\"/var/run/netns\" -DNETNS_ETC_DIR=\"/etc/netns\" -DARPDDIR=\"/var/lib/arpd\" -DCONF_COLOR=COLOR_OPT_NEVER -D_GNU_SOURCE -D_FILE_OFFSET_BITS=64 -D_LARGEFILE_SOURCE -D_LARGEFILE64_SOURCE -DHAVE_SETNS -DHAVE_HANDLE_AT -DHAVE_LIBBPF  -DLIBBPF_VERSION=\"1.3.0\" -DLIBBPF_DYNAMIC -DHAVE_LIBBPF_SECTION_NAME  -DHAVE_ELF  -DHAVE_LIBMNL  -DHAVE_LIBCAP  -DHAVE_SETNS -DHAVE_HANDLE_AT -DHAVE_LIBBPF  -DLIBBPF_VERSION=\"1.3.0\" -DLIBBPF_DYNAMIC -DHAVE_LIBBPF_SECTION_NAME  -DHAVE_ELF  -DHAVE_LIBMNL  -DHAVE_LIBCAP    -c -o iplink_dsa.o iplink_dsa.c
#21 6.565 gcc -Wall -Wstrict-prototypes  -Wmissing-prototypes -Wmissing-declarations -Wold-style-definition -Wformat=2 -O2 -pipe -I../include -I../include/uapi -DRESOLVE_HOSTNAMES -DLIBDIR=\"/usr/lib/x86_64-linux-gnu\" -DCONF_USR_DIR=\"/usr/share/iproute2\" -DCONF_ETC_DIR=\"/etc/iproute2\" -DNETNS_RUN_DIR=\"/var/run/netns\" -DNETNS_ETC_DIR=\"/etc/netns\" -DARPDDIR=\"/var/lib/arpd\" -DCONF_COLOR=COLOR_OPT_NEVER -D_GNU_SOURCE -D_FILE_OFFSET_BITS=64 -D_LARGEFILE_SOURCE -D_LARGEFILE64_SOURCE -DHAVE_SETNS -DHAVE_HANDLE_AT -DHAVE_LIBBPF  -DLIBBPF_VERSION=\"1.3.0\" -DLIBBPF_DYNAMIC -DHAVE_LIBBPF_SECTION_NAME  -DHAVE_ELF  -DHAVE_LIBMNL  -DHAVE_LIBCAP  -DHAVE_SETNS -DHAVE_HANDLE_AT -DHAVE_LIBBPF  -DLIBBPF_VERSION=\"1.3.0\" -DLIBBPF_DYNAMIC -DHAVE_LIBBPF_SECTION_NAME  -DHAVE_ELF  -DHAVE_LIBMNL  -DHAVE_LIBCAP    -c -o ipfou.o ipfou.c
#21 6.623 gcc -Wall -Wstrict-prototypes  -Wmissing-prototypes -Wmissing-declarations -Wold-style-definition -Wformat=2 -O2 -pipe -I../include -I../include/uapi -DRESOLVE_HOSTNAMES -DLIBDIR=\"/usr/lib/x86_64-linux-gnu\" -DCONF_USR_DIR=\"/usr/share/iproute2\" -DCONF_ETC_DIR=\"/etc/iproute2\" -DNETNS_RUN_DIR=\"/var/run/netns\" -DNETNS_ETC_DIR=\"/etc/netns\" -DARPDDIR=\"/var/lib/arpd\" -DCONF_COLOR=COLOR_OPT_NEVER -D_GNU_SOURCE -D_FILE_OFFSET_BITS=64 -D_LARGEFILE_SOURCE -D_LARGEFILE64_SOURCE -DHAVE_SETNS -DHAVE_HANDLE_AT -DHAVE_LIBBPF  -DLIBBPF_VERSION=\"1.3.0\" -DLIBBPF_DYNAMIC -DHAVE_LIBBPF_SECTION_NAME  -DHAVE_ELF  -DHAVE_LIBMNL  -DHAVE_LIBCAP  -DHAVE_SETNS -DHAVE_HANDLE_AT -DHAVE_LIBBPF  -DLIBBPF_VERSION=\"1.3.0\" -DLIBBPF_DYNAMIC -DHAVE_LIBBPF_SECTION_NAME  -DHAVE_ELF  -DHAVE_LIBMNL  -DHAVE_LIBCAP    -c -o iplink_ipvlan.o iplink_ipvlan.c
#21 6.658 gcc -Wall -Wstrict-prototypes  -Wmissing-prototypes -Wmissing-declarations -Wold-style-definition -Wformat=2 -O2 -pipe -I../include -I../include/uapi -DRESOLVE_HOSTNAMES -DLIBDIR=\"/usr/lib/x86_64-linux-gnu\" -DCONF_USR_DIR=\"/usr/share/iproute2\" -DCONF_ETC_DIR=\"/etc/iproute2\" -DNETNS_RUN_DIR=\"/var/run/netns\" -DNETNS_ETC_DIR=\"/etc/netns\" -DARPDDIR=\"/var/lib/arpd\" -DCONF_COLOR=COLOR_OPT_NEVER -D_GNU_SOURCE -D_FILE_OFFSET_BITS=64 -D_LARGEFILE_SOURCE -D_LARGEFILE64_SOURCE -DHAVE_SETNS -DHAVE_HANDLE_AT -DHAVE_LIBBPF  -DLIBBPF_VERSION=\"1.3.0\" -DLIBBPF_DYNAMIC -DHAVE_LIBBPF_SECTION_NAME  -DHAVE_ELF  -DHAVE_LIBMNL  -DHAVE_LIBCAP  -DHAVE_SETNS -DHAVE_HANDLE_AT -DHAVE_LIBBPF  -DLIBBPF_VERSION=\"1.3.0\" -DLIBBPF_DYNAMIC -DHAVE_LIBBPF_SECTION_NAME  -DHAVE_ELF  -DHAVE_LIBMNL  -DHAVE_LIBCAP    -c -o iplink_geneve.o iplink_geneve.c
#21 6.724 gcc -Wall -Wstrict-prototypes  -Wmissing-prototypes -Wmissing-declarations -Wold-style-definition -Wformat=2 -O2 -pipe -I../include -I../include/uapi -DRESOLVE_HOSTNAMES -DLIBDIR=\"/usr/lib/x86_64-linux-gnu\" -DCONF_USR_DIR=\"/usr/share/iproute2\" -DCONF_ETC_DIR=\"/etc/iproute2\" -DNETNS_RUN_DIR=\"/var/run/netns\" -DNETNS_ETC_DIR=\"/etc/netns\" -DARPDDIR=\"/var/lib/arpd\" -DCONF_COLOR=COLOR_OPT_NEVER -D_GNU_SOURCE -D_FILE_OFFSET_BITS=64 -D_LARGEFILE_SOURCE -D_LARGEFILE64_SOURCE -DHAVE_SETNS -DHAVE_HANDLE_AT -DHAVE_LIBBPF  -DLIBBPF_VERSION=\"1.3.0\" -DLIBBPF_DYNAMIC -DHAVE_LIBBPF_SECTION_NAME  -DHAVE_ELF  -DHAVE_LIBMNL  -DHAVE_LIBCAP  -DHAVE_SETNS -DHAVE_HANDLE_AT -DHAVE_LIBBPF  -DLIBBPF_VERSION=\"1.3.0\" -DLIBBPF_DYNAMIC -DHAVE_LIBBPF_SECTION_NAME  -DHAVE_ELF  -DHAVE_LIBMNL  -DHAVE_LIBCAP    -c -o iplink_vrf.o iplink_vrf.c
#21 6.765 gcc -Wall -Wstrict-prototypes  -Wmissing-prototypes -Wmissing-declarations -Wold-style-definition -Wformat=2 -O2 -pipe -I../include -I../include/uapi -DRESOLVE_HOSTNAMES -DLIBDIR=\"/usr/lib/x86_64-linux-gnu\" -DCONF_USR_DIR=\"/usr/share/iproute2\" -DCONF_ETC_DIR=\"/etc/iproute2\" -DNETNS_RUN_DIR=\"/var/run/netns\" -DNETNS_ETC_DIR=\"/etc/netns\" -DARPDDIR=\"/var/lib/arpd\" -DCONF_COLOR=COLOR_OPT_NEVER -D_GNU_SOURCE -D_FILE_OFFSET_BITS=64 -D_LARGEFILE_SOURCE -D_LARGEFILE64_SOURCE -DHAVE_SETNS -DHAVE_HANDLE_AT -DHAVE_LIBBPF  -DLIBBPF_VERSION=\"1.3.0\" -DLIBBPF_DYNAMIC -DHAVE_LIBBPF_SECTION_NAME  -DHAVE_ELF  -DHAVE_LIBMNL  -DHAVE_LIBCAP  -DHAVE_SETNS -DHAVE_HANDLE_AT -DHAVE_LIBBPF  -DLIBBPF_VERSION=\"1.3.0\" -DLIBBPF_DYNAMIC -DHAVE_LIBBPF_SECTION_NAME  -DHAVE_ELF  -DHAVE_LIBMNL  -DHAVE_LIBCAP    -c -o iproute_lwtunnel.o iproute_lwtunnel.c
#21 7.024 gcc -Wall -Wstrict-prototypes  -Wmissing-prototypes -Wmissing-declarations -Wold-style-definition -Wformat=2 -O2 -pipe -I../include -I../include/uapi -DRESOLVE_HOSTNAMES -DLIBDIR=\"/usr/lib/x86_64-linux-gnu\" -DCONF_USR_DIR=\"/usr/share/iproute2\" -DCONF_ETC_DIR=\"/etc/iproute2\" -DNETNS_RUN_DIR=\"/var/run/netns\" -DNETNS_ETC_DIR=\"/etc/netns\" -DARPDDIR=\"/var/lib/arpd\" -DCONF_COLOR=COLOR_OPT_NEVER -D_GNU_SOURCE -D_FILE_OFFSET_BITS=64 -D_LARGEFILE_SOURCE -D_LARGEFILE64_SOURCE -DHAVE_SETNS -DHAVE_HANDLE_AT -DHAVE_LIBBPF  -DLIBBPF_VERSION=\"1.3.0\" -DLIBBPF_DYNAMIC -DHAVE_LIBBPF_SECTION_NAME  -DHAVE_ELF  -DHAVE_LIBMNL  -DHAVE_LIBCAP  -DHAVE_SETNS -DHAVE_HANDLE_AT -DHAVE_LIBBPF  -DLIBBPF_VERSION=\"1.3.0\" -DLIBBPF_DYNAMIC -DHAVE_LIBBPF_SECTION_NAME  -DHAVE_ELF  -DHAVE_LIBMNL  -DHAVE_LIBCAP    -c -o ipmacsec.o ipmacsec.c
#21 7.176 gcc -Wall -Wstrict-prototypes  -Wmissing-prototypes -Wmissing-declarations -Wold-style-definition -Wformat=2 -O2 -pipe -I../include -I../include/uapi -DRESOLVE_HOSTNAMES -DLIBDIR=\"/usr/lib/x86_64-linux-gnu\" -DCONF_USR_DIR=\"/usr/share/iproute2\" -DCONF_ETC_DIR=\"/etc/iproute2\" -DNETNS_RUN_DIR=\"/var/run/netns\" -DNETNS_ETC_DIR=\"/etc/netns\" -DARPDDIR=\"/var/lib/arpd\" -DCONF_COLOR=COLOR_OPT_NEVER -D_GNU_SOURCE -D_FILE_OFFSET_BITS=64 -D_LARGEFILE_SOURCE -D_LARGEFILE64_SOURCE -DHAVE_SETNS -DHAVE_HANDLE_AT -DHAVE_LIBBPF  -DLIBBPF_VERSION=\"1.3.0\" -DLIBBPF_DYNAMIC -DHAVE_LIBBPF_SECTION_NAME  -DHAVE_ELF  -DHAVE_LIBMNL  -DHAVE_LIBCAP  -DHAVE_SETNS -DHAVE_HANDLE_AT -DHAVE_LIBBPF  -DLIBBPF_VERSION=\"1.3.0\" -DLIBBPF_DYNAMIC -DHAVE_LIBBPF_SECTION_NAME  -DHAVE_ELF  -DHAVE_LIBMNL  -DHAVE_LIBCAP    -c -o ipila.o ipila.c
#21 7.234 gcc -Wall -Wstrict-prototypes  -Wmissing-prototypes -Wmissing-declarations -Wold-style-definition -Wformat=2 -O2 -pipe -I../include -I../include/uapi -DRESOLVE_HOSTNAMES -DLIBDIR=\"/usr/lib/x86_64-linux-gnu\" -DCONF_USR_DIR=\"/usr/share/iproute2\" -DCONF_ETC_DIR=\"/etc/iproute2\" -DNETNS_RUN_DIR=\"/var/run/netns\" -DNETNS_ETC_DIR=\"/etc/netns\" -DARPDDIR=\"/var/lib/arpd\" -DCONF_COLOR=COLOR_OPT_NEVER -D_GNU_SOURCE -D_FILE_OFFSET_BITS=64 -D_LARGEFILE_SOURCE -D_LARGEFILE64_SOURCE -DHAVE_SETNS -DHAVE_HANDLE_AT -DHAVE_LIBBPF  -DLIBBPF_VERSION=\"1.3.0\" -DLIBBPF_DYNAMIC -DHAVE_LIBBPF_SECTION_NAME  -DHAVE_ELF  -DHAVE_LIBMNL  -DHAVE_LIBCAP  -DHAVE_SETNS -DHAVE_HANDLE_AT -DHAVE_LIBBPF  -DLIBBPF_VERSION=\"1.3.0\" -DLIBBPF_DYNAMIC -DHAVE_LIBBPF_SECTION_NAME  -DHAVE_ELF  -DHAVE_LIBMNL  -DHAVE_LIBCAP    -c -o ipvrf.o ipvrf.c
#21 7.311 gcc -Wall -Wstrict-prototypes  -Wmissing-prototypes -Wmissing-declarations -Wold-style-definition -Wformat=2 -O2 -pipe -I../include -I../include/uapi -DRESOLVE_HOSTNAMES -DLIBDIR=\"/usr/lib/x86_64-linux-gnu\" -DCONF_USR_DIR=\"/usr/share/iproute2\" -DCONF_ETC_DIR=\"/etc/iproute2\" -DNETNS_RUN_DIR=\"/var/run/netns\" -DNETNS_ETC_DIR=\"/etc/netns\" -DARPDDIR=\"/var/lib/arpd\" -DCONF_COLOR=COLOR_OPT_NEVER -D_GNU_SOURCE -D_FILE_OFFSET_BITS=64 -D_LARGEFILE_SOURCE -D_LARGEFILE64_SOURCE -DHAVE_SETNS -DHAVE_HANDLE_AT -DHAVE_LIBBPF  -DLIBBPF_VERSION=\"1.3.0\" -DLIBBPF_DYNAMIC -DHAVE_LIBBPF_SECTION_NAME  -DHAVE_ELF  -DHAVE_LIBMNL  -DHAVE_LIBCAP  -DHAVE_SETNS -DHAVE_HANDLE_AT -DHAVE_LIBBPF  -DLIBBPF_VERSION=\"1.3.0\" -DLIBBPF_DYNAMIC -DHAVE_LIBBPF_SECTION_NAME  -DHAVE_ELF  -DHAVE_LIBMNL  -DHAVE_LIBCAP    -c -o iplink_xstats.o iplink_xstats.c
#21 7.341 gcc -Wall -Wstrict-prototypes  -Wmissing-prototypes -Wmissing-declarations -Wold-style-definition -Wformat=2 -O2 -pipe -I../include -I../include/uapi -DRESOLVE_HOSTNAMES -DLIBDIR=\"/usr/lib/x86_64-linux-gnu\" -DCONF_USR_DIR=\"/usr/share/iproute2\" -DCONF_ETC_DIR=\"/etc/iproute2\" -DNETNS_RUN_DIR=\"/var/run/netns\" -DNETNS_ETC_DIR=\"/etc/netns\" -DARPDDIR=\"/var/lib/arpd\" -DCONF_COLOR=COLOR_OPT_NEVER -D_GNU_SOURCE -D_FILE_OFFSET_BITS=64 -D_LARGEFILE_SOURCE -D_LARGEFILE64_SOURCE -DHAVE_SETNS -DHAVE_HANDLE_AT -DHAVE_LIBBPF  -DLIBBPF_VERSION=\"1.3.0\" -DLIBBPF_DYNAMIC -DHAVE_LIBBPF_SECTION_NAME  -DHAVE_ELF  -DHAVE_LIBMNL  -DHAVE_LIBCAP  -DHAVE_SETNS -DHAVE_HANDLE_AT -DHAVE_LIBBPF  -DLIBBPF_VERSION=\"1.3.0\" -DLIBBPF_DYNAMIC -DHAVE_LIBBPF_SECTION_NAME  -DHAVE_ELF  -DHAVE_LIBMNL  -DHAVE_LIBCAP    -c -o ipseg6.o ipseg6.c
#21 7.385 gcc -Wall -Wstrict-prototypes  -Wmissing-prototypes -Wmissing-declarations -Wold-style-definition -Wformat=2 -O2 -pipe -I../include -I../include/uapi -DRESOLVE_HOSTNAMES -DLIBDIR=\"/usr/lib/x86_64-linux-gnu\" -DCONF_USR_DIR=\"/usr/share/iproute2\" -DCONF_ETC_DIR=\"/etc/iproute2\" -DNETNS_RUN_DIR=\"/var/run/netns\" -DNETNS_ETC_DIR=\"/etc/netns\" -DARPDDIR=\"/var/lib/arpd\" -DCONF_COLOR=COLOR_OPT_NEVER -D_GNU_SOURCE -D_FILE_OFFSET_BITS=64 -D_LARGEFILE_SOURCE -D_LARGEFILE64_SOURCE -DHAVE_SETNS -DHAVE_HANDLE_AT -DHAVE_LIBBPF  -DLIBBPF_VERSION=\"1.3.0\" -DLIBBPF_DYNAMIC -DHAVE_LIBBPF_SECTION_NAME  -DHAVE_ELF  -DHAVE_LIBMNL  -DHAVE_LIBCAP  -DHAVE_SETNS -DHAVE_HANDLE_AT -DHAVE_LIBBPF  -DLIBBPF_VERSION=\"1.3.0\" -DLIBBPF_DYNAMIC -DHAVE_LIBBPF_SECTION_NAME  -DHAVE_ELF  -DHAVE_LIBMNL  -DHAVE_LIBCAP    -c -o iplink_netdevsim.o iplink_netdevsim.c
#21 7.410 gcc -Wall -Wstrict-prototypes  -Wmissing-prototypes -Wmissing-declarations -Wold-style-definition -Wformat=2 -O2 -pipe -I../include -I../include/uapi -DRESOLVE_HOSTNAMES -DLIBDIR=\"/usr/lib/x86_64-linux-gnu\" -DCONF_USR_DIR=\"/usr/share/iproute2\" -DCONF_ETC_DIR=\"/etc/iproute2\" -DNETNS_RUN_DIR=\"/var/run/netns\" -DNETNS_ETC_DIR=\"/etc/netns\" -DARPDDIR=\"/var/lib/arpd\" -DCONF_COLOR=COLOR_OPT_NEVER -D_GNU_SOURCE -D_FILE_OFFSET_BITS=64 -D_LARGEFILE_SOURCE -D_LARGEFILE64_SOURCE -DHAVE_SETNS -DHAVE_HANDLE_AT -DHAVE_LIBBPF  -DLIBBPF_VERSION=\"1.3.0\" -DLIBBPF_DYNAMIC -DHAVE_LIBBPF_SECTION_NAME  -DHAVE_ELF  -DHAVE_LIBMNL  -DHAVE_LIBCAP  -DHAVE_SETNS -DHAVE_HANDLE_AT -DHAVE_LIBBPF  -DLIBBPF_VERSION=\"1.3.0\" -DLIBBPF_DYNAMIC -DHAVE_LIBBPF_SECTION_NAME  -DHAVE_ELF  -DHAVE_LIBMNL  -DHAVE_LIBCAP    -c -o iplink_rmnet.o iplink_rmnet.c
#21 7.454 gcc -Wall -Wstrict-prototypes  -Wmissing-prototypes -Wmissing-declarations -Wold-style-definition -Wformat=2 -O2 -pipe -I../include -I../include/uapi -DRESOLVE_HOSTNAMES -DLIBDIR=\"/usr/lib/x86_64-linux-gnu\" -DCONF_USR_DIR=\"/usr/share/iproute2\" -DCONF_ETC_DIR=\"/etc/iproute2\" -DNETNS_RUN_DIR=\"/var/run/netns\" -DNETNS_ETC_DIR=\"/etc/netns\" -DARPDDIR=\"/var/lib/arpd\" -DCONF_COLOR=COLOR_OPT_NEVER -D_GNU_SOURCE -D_FILE_OFFSET_BITS=64 -D_LARGEFILE_SOURCE -D_LARGEFILE64_SOURCE -DHAVE_SETNS -DHAVE_HANDLE_AT -DHAVE_LIBBPF  -DLIBBPF_VERSION=\"1.3.0\" -DLIBBPF_DYNAMIC -DHAVE_LIBBPF_SECTION_NAME  -DHAVE_ELF  -DHAVE_LIBMNL  -DHAVE_LIBCAP  -DHAVE_SETNS -DHAVE_HANDLE_AT -DHAVE_LIBBPF  -DLIBBPF_VERSION=\"1.3.0\" -DLIBBPF_DYNAMIC -DHAVE_LIBBPF_SECTION_NAME  -DHAVE_ELF  -DHAVE_LIBMNL  -DHAVE_LIBCAP    -c -o ipnexthop.o ipnexthop.c
#21 7.614 gcc -Wall -Wstrict-prototypes  -Wmissing-prototypes -Wmissing-declarations -Wold-style-definition -Wformat=2 -O2 -pipe -I../include -I../include/uapi -DRESOLVE_HOSTNAMES -DLIBDIR=\"/usr/lib/x86_64-linux-gnu\" -DCONF_USR_DIR=\"/usr/share/iproute2\" -DCONF_ETC_DIR=\"/etc/iproute2\" -DNETNS_RUN_DIR=\"/var/run/netns\" -DNETNS_ETC_DIR=\"/etc/netns\" -DARPDDIR=\"/var/lib/arpd\" -DCONF_COLOR=COLOR_OPT_NEVER -D_GNU_SOURCE -D_FILE_OFFSET_BITS=64 -D_LARGEFILE_SOURCE -D_LARGEFILE64_SOURCE -DHAVE_SETNS -DHAVE_HANDLE_AT -DHAVE_LIBBPF  -DLIBBPF_VERSION=\"1.3.0\" -DLIBBPF_DYNAMIC -DHAVE_LIBBPF_SECTION_NAME  -DHAVE_ELF  -DHAVE_LIBMNL  -DHAVE_LIBCAP  -DHAVE_SETNS -DHAVE_HANDLE_AT -DHAVE_LIBBPF  -DLIBBPF_VERSION=\"1.3.0\" -DLIBBPF_DYNAMIC -DHAVE_LIBBPF_SECTION_NAME  -DHAVE_ELF  -DHAVE_LIBMNL  -DHAVE_LIBCAP    -c -o ipmptcp.o ipmptcp.c
#21 7.702 gcc -Wall -Wstrict-prototypes  -Wmissing-prototypes -Wmissing-declarations -Wold-style-definition -Wformat=2 -O2 -pipe -I../include -I../include/uapi -DRESOLVE_HOSTNAMES -DLIBDIR=\"/usr/lib/x86_64-linux-gnu\" -DCONF_USR_DIR=\"/usr/share/iproute2\" -DCONF_ETC_DIR=\"/etc/iproute2\" -DNETNS_RUN_DIR=\"/var/run/netns\" -DNETNS_ETC_DIR=\"/etc/netns\" -DARPDDIR=\"/var/lib/arpd\" -DCONF_COLOR=COLOR_OPT_NEVER -D_GNU_SOURCE -D_FILE_OFFSET_BITS=64 -D_LARGEFILE_SOURCE -D_LARGEFILE64_SOURCE -DHAVE_SETNS -DHAVE_HANDLE_AT -DHAVE_LIBBPF  -DLIBBPF_VERSION=\"1.3.0\" -DLIBBPF_DYNAMIC -DHAVE_LIBBPF_SECTION_NAME  -DHAVE_ELF  -DHAVE_LIBMNL  -DHAVE_LIBCAP  -DHAVE_SETNS -DHAVE_HANDLE_AT -DHAVE_LIBBPF  -DLIBBPF_VERSION=\"1.3.0\" -DLIBBPF_DYNAMIC -DHAVE_LIBBPF_SECTION_NAME  -DHAVE_ELF  -DHAVE_LIBMNL  -DHAVE_LIBCAP    -c -o iplink_bareudp.o iplink_bareudp.c
#21 7.741 gcc -Wall -Wstrict-prototypes  -Wmissing-prototypes -Wmissing-declarations -Wold-style-definition -Wformat=2 -O2 -pipe -I../include -I../include/uapi -DRESOLVE_HOSTNAMES -DLIBDIR=\"/usr/lib/x86_64-linux-gnu\" -DCONF_USR_DIR=\"/usr/share/iproute2\" -DCONF_ETC_DIR=\"/etc/iproute2\" -DNETNS_RUN_DIR=\"/var/run/netns\" -DNETNS_ETC_DIR=\"/etc/netns\" -DARPDDIR=\"/var/lib/arpd\" -DCONF_COLOR=COLOR_OPT_NEVER -D_GNU_SOURCE -D_FILE_OFFSET_BITS=64 -D_LARGEFILE_SOURCE -D_LARGEFILE64_SOURCE -DHAVE_SETNS -DHAVE_HANDLE_AT -DHAVE_LIBBPF  -DLIBBPF_VERSION=\"1.3.0\" -DLIBBPF_DYNAMIC -DHAVE_LIBBPF_SECTION_NAME  -DHAVE_ELF  -DHAVE_LIBMNL  -DHAVE_LIBCAP  -DHAVE_SETNS -DHAVE_HANDLE_AT -DHAVE_LIBBPF  -DLIBBPF_VERSION=\"1.3.0\" -DLIBBPF_DYNAMIC -DHAVE_LIBBPF_SECTION_NAME  -DHAVE_ELF  -DHAVE_LIBMNL  -DHAVE_LIBCAP    -c -o iplink_wwan.o iplink_wwan.c
#21 7.771 gcc -Wall -Wstrict-prototypes  -Wmissing-prototypes -Wmissing-declarations -Wold-style-definition -Wformat=2 -O2 -pipe -I../include -I../include/uapi -DRESOLVE_HOSTNAMES -DLIBDIR=\"/usr/lib/x86_64-linux-gnu\" -DCONF_USR_DIR=\"/usr/share/iproute2\" -DCONF_ETC_DIR=\"/etc/iproute2\" -DNETNS_RUN_DIR=\"/var/run/netns\" -DNETNS_ETC_DIR=\"/etc/netns\" -DARPDDIR=\"/var/lib/arpd\" -DCONF_COLOR=COLOR_OPT_NEVER -D_GNU_SOURCE -D_FILE_OFFSET_BITS=64 -D_LARGEFILE_SOURCE -D_LARGEFILE64_SOURCE -DHAVE_SETNS -DHAVE_HANDLE_AT -DHAVE_LIBBPF  -DLIBBPF_VERSION=\"1.3.0\" -DLIBBPF_DYNAMIC -DHAVE_LIBBPF_SECTION_NAME  -DHAVE_ELF  -DHAVE_LIBMNL  -DHAVE_LIBCAP  -DHAVE_SETNS -DHAVE_HANDLE_AT -DHAVE_LIBBPF  -DLIBBPF_VERSION=\"1.3.0\" -DLIBBPF_DYNAMIC -DHAVE_LIBBPF_SECTION_NAME  -DHAVE_ELF  -DHAVE_LIBMNL  -DHAVE_LIBCAP    -c -o ipioam6.o ipioam6.c
#21 7.825 gcc -Wall -Wstrict-prototypes  -Wmissing-prototypes -Wmissing-declarations -Wold-style-definition -Wformat=2 -O2 -pipe -I../include -I../include/uapi -DRESOLVE_HOSTNAMES -DLIBDIR=\"/usr/lib/x86_64-linux-gnu\" -DCONF_USR_DIR=\"/usr/share/iproute2\" -DCONF_ETC_DIR=\"/etc/iproute2\" -DNETNS_RUN_DIR=\"/var/run/netns\" -DNETNS_ETC_DIR=\"/etc/netns\" -DARPDDIR=\"/var/lib/arpd\" -DCONF_COLOR=COLOR_OPT_NEVER -D_GNU_SOURCE -D_FILE_OFFSET_BITS=64 -D_LARGEFILE_SOURCE -D_LARGEFILE64_SOURCE -DHAVE_SETNS -DHAVE_HANDLE_AT -DHAVE_LIBBPF  -DLIBBPF_VERSION=\"1.3.0\" -DLIBBPF_DYNAMIC -DHAVE_LIBBPF_SECTION_NAME  -DHAVE_ELF  -DHAVE_LIBMNL  -DHAVE_LIBCAP  -DHAVE_SETNS -DHAVE_HANDLE_AT -DHAVE_LIBBPF  -DLIBBPF_VERSION=\"1.3.0\" -DLIBBPF_DYNAMIC -DHAVE_LIBBPF_SECTION_NAME  -DHAVE_ELF  -DHAVE_LIBMNL  -DHAVE_LIBCAP    -c -o iplink_amt.o iplink_amt.c
#21 7.869 gcc -Wall -Wstrict-prototypes  -Wmissing-prototypes -Wmissing-declarations -Wold-style-definition -Wformat=2 -O2 -pipe -I../include -I../include/uapi -DRESOLVE_HOSTNAMES -DLIBDIR=\"/usr/lib/x86_64-linux-gnu\" -DCONF_USR_DIR=\"/usr/share/iproute2\" -DCONF_ETC_DIR=\"/etc/iproute2\" -DNETNS_RUN_DIR=\"/var/run/netns\" -DNETNS_ETC_DIR=\"/etc/netns\" -DARPDDIR=\"/var/lib/arpd\" -DCONF_COLOR=COLOR_OPT_NEVER -D_GNU_SOURCE -D_FILE_OFFSET_BITS=64 -D_LARGEFILE_SOURCE -D_LARGEFILE64_SOURCE -DHAVE_SETNS -DHAVE_HANDLE_AT -DHAVE_LIBBPF  -DLIBBPF_VERSION=\"1.3.0\" -DLIBBPF_DYNAMIC -DHAVE_LIBBPF_SECTION_NAME  -DHAVE_ELF  -DHAVE_LIBMNL  -DHAVE_LIBCAP  -DHAVE_SETNS -DHAVE_HANDLE_AT -DHAVE_LIBBPF  -DLIBBPF_VERSION=\"1.3.0\" -DLIBBPF_DYNAMIC -DHAVE_LIBBPF_SECTION_NAME  -DHAVE_ELF  -DHAVE_LIBMNL  -DHAVE_LIBCAP    -c -o iplink_batadv.o iplink_batadv.c
#21 7.897 gcc -Wall -Wstrict-prototypes  -Wmissing-prototypes -Wmissing-declarations -Wold-style-definition -Wformat=2 -O2 -pipe -I../include -I../include/uapi -DRESOLVE_HOSTNAMES -DLIBDIR=\"/usr/lib/x86_64-linux-gnu\" -DCONF_USR_DIR=\"/usr/share/iproute2\" -DCONF_ETC_DIR=\"/etc/iproute2\" -DNETNS_RUN_DIR=\"/var/run/netns\" -DNETNS_ETC_DIR=\"/etc/netns\" -DARPDDIR=\"/var/lib/arpd\" -DCONF_COLOR=COLOR_OPT_NEVER -D_GNU_SOURCE -D_FILE_OFFSET_BITS=64 -D_LARGEFILE_SOURCE -D_LARGEFILE64_SOURCE -DHAVE_SETNS -DHAVE_HANDLE_AT -DHAVE_LIBBPF  -DLIBBPF_VERSION=\"1.3.0\" -DLIBBPF_DYNAMIC -DHAVE_LIBBPF_SECTION_NAME  -DHAVE_ELF  -DHAVE_LIBMNL  -DHAVE_LIBCAP  -DHAVE_SETNS -DHAVE_HANDLE_AT -DHAVE_LIBBPF  -DLIBBPF_VERSION=\"1.3.0\" -DLIBBPF_DYNAMIC -DHAVE_LIBBPF_SECTION_NAME  -DHAVE_ELF  -DHAVE_LIBMNL  -DHAVE_LIBCAP    -c -o iplink_gtp.o iplink_gtp.c
#21 7.933 gcc -Wall -Wstrict-prototypes  -Wmissing-prototypes -Wmissing-declarations -Wold-style-definition -Wformat=2 -O2 -pipe -I../include -I../include/uapi -DRESOLVE_HOSTNAMES -DLIBDIR=\"/usr/lib/x86_64-linux-gnu\" -DCONF_USR_DIR=\"/usr/share/iproute2\" -DCONF_ETC_DIR=\"/etc/iproute2\" -DNETNS_RUN_DIR=\"/var/run/netns\" -DNETNS_ETC_DIR=\"/etc/netns\" -DARPDDIR=\"/var/lib/arpd\" -DCONF_COLOR=COLOR_OPT_NEVER -D_GNU_SOURCE -D_FILE_OFFSET_BITS=64 -D_LARGEFILE_SOURCE -D_LARGEFILE64_SOURCE -DHAVE_SETNS -DHAVE_HANDLE_AT -DHAVE_LIBBPF  -DLIBBPF_VERSION=\"1.3.0\" -DLIBBPF_DYNAMIC -DHAVE_LIBBPF_SECTION_NAME  -DHAVE_ELF  -DHAVE_LIBMNL  -DHAVE_LIBCAP  -DHAVE_SETNS -DHAVE_HANDLE_AT -DHAVE_LIBBPF  -DLIBBPF_VERSION=\"1.3.0\" -DLIBBPF_DYNAMIC -DHAVE_LIBBPF_SECTION_NAME  -DHAVE_ELF  -DHAVE_LIBMNL  -DHAVE_LIBCAP    -c -o iplink_virt_wifi.o iplink_virt_wifi.c
#21 7.958 gcc -Wall -Wstrict-prototypes  -Wmissing-prototypes -Wmissing-declarations -Wold-style-definition -Wformat=2 -O2 -pipe -I../include -I../include/uapi -DRESOLVE_HOSTNAMES -DLIBDIR=\"/usr/lib/x86_64-linux-gnu\" -DCONF_USR_DIR=\"/usr/share/iproute2\" -DCONF_ETC_DIR=\"/etc/iproute2\" -DNETNS_RUN_DIR=\"/var/run/netns\" -DNETNS_ETC_DIR=\"/etc/netns\" -DARPDDIR=\"/var/lib/arpd\" -DCONF_COLOR=COLOR_OPT_NEVER -D_GNU_SOURCE -D_FILE_OFFSET_BITS=64 -D_LARGEFILE_SOURCE -D_LARGEFILE64_SOURCE -DHAVE_SETNS -DHAVE_HANDLE_AT -DHAVE_LIBBPF  -DLIBBPF_VERSION=\"1.3.0\" -DLIBBPF_DYNAMIC -DHAVE_LIBBPF_SECTION_NAME  -DHAVE_ELF  -DHAVE_LIBMNL  -DHAVE_LIBCAP  -DHAVE_SETNS -DHAVE_HANDLE_AT -DHAVE_LIBBPF  -DLIBBPF_VERSION=\"1.3.0\" -DLIBBPF_DYNAMIC -DHAVE_LIBBPF_SECTION_NAME  -DHAVE_ELF  -DHAVE_LIBMNL  -DHAVE_LIBCAP    -c -o iplink_netkit.o iplink_netkit.c
#21 7.997 gcc -Wall -Wstrict-prototypes  -Wmissing-prototypes -Wmissing-declarations -Wold-style-definition -Wformat=2 -O2 -pipe -I../include -I../include/uapi -DRESOLVE_HOSTNAMES -DLIBDIR=\"/usr/lib/x86_64-linux-gnu\" -DCONF_USR_DIR=\"/usr/share/iproute2\" -DCONF_ETC_DIR=\"/etc/iproute2\" -DNETNS_RUN_DIR=\"/var/run/netns\" -DNETNS_ETC_DIR=\"/etc/netns\" -DARPDDIR=\"/var/lib/arpd\" -DCONF_COLOR=COLOR_OPT_NEVER -D_GNU_SOURCE -D_FILE_OFFSET_BITS=64 -D_LARGEFILE_SOURCE -D_LARGEFILE64_SOURCE -DHAVE_SETNS -DHAVE_HANDLE_AT -DHAVE_LIBBPF  -DLIBBPF_VERSION=\"1.3.0\" -DLIBBPF_DYNAMIC -DHAVE_LIBBPF_SECTION_NAME  -DHAVE_ELF  -DHAVE_LIBMNL  -DHAVE_LIBCAP  -DHAVE_SETNS -DHAVE_HANDLE_AT -DHAVE_LIBBPF  -DLIBBPF_VERSION=\"1.3.0\" -DLIBBPF_DYNAMIC -DHAVE_LIBBPF_SECTION_NAME  -DHAVE_ELF  -DHAVE_LIBMNL  -DHAVE_LIBCAP    -c -o ipstats.o ipstats.c
#21 8.127 gcc ip.o ipaddress.o ipaddrlabel.o iproute.o iprule.o ipnetns.o rtm_map.o iptunnel.o ip6tunnel.o tunnel.o ipneigh.o ipntable.o iplink.o ipmaddr.o ipmonitor.o ipmroute.o ipprefix.o iptuntap.o iptoken.o ipxfrm.o xfrm_state.o xfrm_policy.o xfrm_monitor.o iplink_dummy.o iplink_ifb.o iplink_nlmon.o iplink_team.o iplink_vcan.o iplink_vxcan.o iplink_vlan.o link_veth.o link_gre.o iplink_can.o iplink_xdp.o iplink_macvlan.o ipl2tp.o link_vti.o link_vti6.o link_xfrm.o iplink_vxlan.o tcp_metrics.o iplink_ipoib.o ipnetconf.o link_ip6tnl.o link_iptnl.o link_gre6.o iplink_bond.o iplink_bond_slave.o iplink_hsr.o iplink_bridge.o iplink_bridge_slave.o iplink_dsa.o ipfou.o iplink_ipvlan.o iplink_geneve.o iplink_vrf.o iproute_lwtunnel.o ipmacsec.o ipila.o ipvrf.o iplink_xstats.o ipseg6.o iplink_netdevsim.o iplink_rmnet.o ipnexthop.o ipmptcp.o iplink_bareudp.o iplink_wwan.o ipioam6.o iplink_amt.o iplink_batadv.o iplink_gtp.o iplink_virt_wifi.o iplink_netkit.o ipstats.o ../lib/libutil.a ../lib/libnetlink.a -Wl,-export-dynamic -lbpf -lelf  -lmnl  -L/usr/lib64 -lcap  ../lib/libutil.a ../lib/libnetlink.a -lbpf -lelf  -lmnl  -L/usr/lib64 -lcap  -ldl -o ip
#21 8.156 gcc -Wall -Wstrict-prototypes  -Wmissing-prototypes -Wmissing-declarations -Wold-style-definition -Wformat=2 -O2 -pipe -I../include -I../include/uapi -DRESOLVE_HOSTNAMES -DLIBDIR=\"/usr/lib/x86_64-linux-gnu\" -DCONF_USR_DIR=\"/usr/share/iproute2\" -DCONF_ETC_DIR=\"/etc/iproute2\" -DNETNS_RUN_DIR=\"/var/run/netns\" -DNETNS_ETC_DIR=\"/etc/netns\" -DARPDDIR=\"/var/lib/arpd\" -DCONF_COLOR=COLOR_OPT_NEVER -D_GNU_SOURCE -D_FILE_OFFSET_BITS=64 -D_LARGEFILE_SOURCE -D_LARGEFILE64_SOURCE -DHAVE_SETNS -DHAVE_HANDLE_AT -DHAVE_LIBBPF  -DLIBBPF_VERSION=\"1.3.0\" -DLIBBPF_DYNAMIC -DHAVE_LIBBPF_SECTION_NAME  -DHAVE_ELF  -DHAVE_LIBMNL  -DHAVE_LIBCAP  -DHAVE_SETNS -DHAVE_HANDLE_AT -DHAVE_LIBBPF  -DLIBBPF_VERSION=\"1.3.0\" -DLIBBPF_DYNAMIC -DHAVE_LIBBPF_SECTION_NAME  -DHAVE_ELF  -DHAVE_LIBMNL  -DHAVE_LIBCAP    -c -o rtmon.o rtmon.c
#21 8.201 gcc rtmon.o -Wl,-export-dynamic -lbpf -lelf  -lmnl  -L/usr/lib64 -lcap  ../lib/libutil.a ../lib/libnetlink.a -lbpf -lelf  -lmnl  -L/usr/lib64 -lcap  -ldl -o rtmon
#21 8.216 make[1]: Leaving directory '/nipa-data/iproute2/ip'
#21 8.216 
#21 8.216 tc
#21 8.217 make[1]: Entering directory '/nipa-data/iproute2/tc'
#21 8.217 gcc -Wall -Wstrict-prototypes  -Wmissing-prototypes -Wmissing-declarations -Wold-style-definition -Wformat=2 -O2 -pipe -I../include -I../include/uapi -DRESOLVE_HOSTNAMES -DLIBDIR=\"/usr/lib/x86_64-linux-gnu\" -DCONF_USR_DIR=\"/usr/share/iproute2\" -DCONF_ETC_DIR=\"/etc/iproute2\" -DNETNS_RUN_DIR=\"/var/run/netns\" -DNETNS_ETC_DIR=\"/etc/netns\" -DARPDDIR=\"/var/lib/arpd\" -DCONF_COLOR=COLOR_OPT_NEVER -D_GNU_SOURCE -D_FILE_OFFSET_BITS=64 -D_LARGEFILE_SOURCE -D_LARGEFILE64_SOURCE -DHAVE_SETNS -DHAVE_HANDLE_AT -DHAVE_LIBBPF  -DLIBBPF_VERSION=\"1.3.0\" -DLIBBPF_DYNAMIC -DHAVE_LIBBPF_SECTION_NAME  -DHAVE_ELF  -DHAVE_LIBMNL  -DHAVE_LIBCAP  -DHAVE_SETNS -DHAVE_HANDLE_AT -DHAVE_LIBBPF  -DLIBBPF_VERSION=\"1.3.0\" -DLIBBPF_DYNAMIC -DHAVE_LIBBPF_SECTION_NAME  -DHAVE_ELF  -DHAVE_LIBMNL  -DHAVE_LIBCAP  -DCONFIG_GACT -DCONFIG_GACT_PROB -DYY_NO_INPUT   -c -o tc.o tc.c
#21 8.281 gcc -Wall -Wstrict-prototypes  -Wmissing-prototypes -Wmissing-declarations -Wold-style-definition -Wformat=2 -O2 -pipe -I../include -I../include/uapi -DRESOLVE_HOSTNAMES -DLIBDIR=\"/usr/lib/x86_64-linux-gnu\" -DCONF_USR_DIR=\"/usr/share/iproute2\" -DCONF_ETC_DIR=\"/etc/iproute2\" -DNETNS_RUN_DIR=\"/var/run/netns\" -DNETNS_ETC_DIR=\"/etc/netns\" -DARPDDIR=\"/var/lib/arpd\" -DCONF_COLOR=COLOR_OPT_NEVER -D_GNU_SOURCE -D_FILE_OFFSET_BITS=64 -D_LARGEFILE_SOURCE -D_LARGEFILE64_SOURCE -DHAVE_SETNS -DHAVE_HANDLE_AT -DHAVE_LIBBPF  -DLIBBPF_VERSION=\"1.3.0\" -DLIBBPF_DYNAMIC -DHAVE_LIBBPF_SECTION_NAME  -DHAVE_ELF  -DHAVE_LIBMNL  -DHAVE_LIBCAP  -DHAVE_SETNS -DHAVE_HANDLE_AT -DHAVE_LIBBPF  -DLIBBPF_VERSION=\"1.3.0\" -DLIBBPF_DYNAMIC -DHAVE_LIBBPF_SECTION_NAME  -DHAVE_ELF  -DHAVE_LIBMNL  -DHAVE_LIBCAP  -DCONFIG_GACT -DCONFIG_GACT_PROB -DYY_NO_INPUT   -c -o tc_qdisc.o tc_qdisc.c
#21 8.368 gcc -Wall -Wstrict-prototypes  -Wmissing-prototypes -Wmissing-declarations -Wold-style-definition -Wformat=2 -O2 -pipe -I../include -I../include/uapi -DRESOLVE_HOSTNAMES -DLIBDIR=\"/usr/lib/x86_64-linux-gnu\" -DCONF_USR_DIR=\"/usr/share/iproute2\" -DCONF_ETC_DIR=\"/etc/iproute2\" -DNETNS_RUN_DIR=\"/var/run/netns\" -DNETNS_ETC_DIR=\"/etc/netns\" -DARPDDIR=\"/var/lib/arpd\" -DCONF_COLOR=COLOR_OPT_NEVER -D_GNU_SOURCE -D_FILE_OFFSET_BITS=64 -D_LARGEFILE_SOURCE -D_LARGEFILE64_SOURCE -DHAVE_SETNS -DHAVE_HANDLE_AT -DHAVE_LIBBPF  -DLIBBPF_VERSION=\"1.3.0\" -DLIBBPF_DYNAMIC -DHAVE_LIBBPF_SECTION_NAME  -DHAVE_ELF  -DHAVE_LIBMNL  -DHAVE_LIBCAP  -DHAVE_SETNS -DHAVE_HANDLE_AT -DHAVE_LIBBPF  -DLIBBPF_VERSION=\"1.3.0\" -DLIBBPF_DYNAMIC -DHAVE_LIBBPF_SECTION_NAME  -DHAVE_ELF  -DHAVE_LIBMNL  -DHAVE_LIBCAP  -DCONFIG_GACT -DCONFIG_GACT_PROB -DYY_NO_INPUT   -c -o tc_class.o tc_class.c
#21 8.455 gcc -Wall -Wstrict-prototypes  -Wmissing-prototypes -Wmissing-declarations -Wold-style-definition -Wformat=2 -O2 -pipe -I../include -I../include/uapi -DRESOLVE_HOSTNAMES -DLIBDIR=\"/usr/lib/x86_64-linux-gnu\" -DCONF_USR_DIR=\"/usr/share/iproute2\" -DCONF_ETC_DIR=\"/etc/iproute2\" -DNETNS_RUN_DIR=\"/var/run/netns\" -DNETNS_ETC_DIR=\"/etc/netns\" -DARPDDIR=\"/var/lib/arpd\" -DCONF_COLOR=COLOR_OPT_NEVER -D_GNU_SOURCE -D_FILE_OFFSET_BITS=64 -D_LARGEFILE_SOURCE -D_LARGEFILE64_SOURCE -DHAVE_SETNS -DHAVE_HANDLE_AT -DHAVE_LIBBPF  -DLIBBPF_VERSION=\"1.3.0\" -DLIBBPF_DYNAMIC -DHAVE_LIBBPF_SECTION_NAME  -DHAVE_ELF  -DHAVE_LIBMNL  -DHAVE_LIBCAP  -DHAVE_SETNS -DHAVE_HANDLE_AT -DHAVE_LIBBPF  -DLIBBPF_VERSION=\"1.3.0\" -DLIBBPF_DYNAMIC -DHAVE_LIBBPF_SECTION_NAME  -DHAVE_ELF  -DHAVE_LIBMNL  -DHAVE_LIBCAP  -DCONFIG_GACT -DCONFIG_GACT_PROB -DYY_NO_INPUT   -c -o tc_filter.o tc_filter.c
#21 8.566 gcc -Wall -Wstrict-prototypes  -Wmissing-prototypes -Wmissing-declarations -Wold-style-definition -Wformat=2 -O2 -pipe -I../include -I../include/uapi -DRESOLVE_HOSTNAMES -DLIBDIR=\"/usr/lib/x86_64-linux-gnu\" -DCONF_USR_DIR=\"/usr/share/iproute2\" -DCONF_ETC_DIR=\"/etc/iproute2\" -DNETNS_RUN_DIR=\"/var/run/netns\" -DNETNS_ETC_DIR=\"/etc/netns\" -DARPDDIR=\"/var/lib/arpd\" -DCONF_COLOR=COLOR_OPT_NEVER -D_GNU_SOURCE -D_FILE_OFFSET_BITS=64 -D_LARGEFILE_SOURCE -D_LARGEFILE64_SOURCE -DHAVE_SETNS -DHAVE_HANDLE_AT -DHAVE_LIBBPF  -DLIBBPF_VERSION=\"1.3.0\" -DLIBBPF_DYNAMIC -DHAVE_LIBBPF_SECTION_NAME  -DHAVE_ELF  -DHAVE_LIBMNL  -DHAVE_LIBCAP  -DHAVE_SETNS -DHAVE_HANDLE_AT -DHAVE_LIBBPF  -DLIBBPF_VERSION=\"1.3.0\" -DLIBBPF_DYNAMIC -DHAVE_LIBBPF_SECTION_NAME  -DHAVE_ELF  -DHAVE_LIBMNL  -DHAVE_LIBCAP  -DCONFIG_GACT -DCONFIG_GACT_PROB -DYY_NO_INPUT   -c -o tc_util.o tc_util.c
#21 8.690 gcc -Wall -Wstrict-prototypes  -Wmissing-prototypes -Wmissing-declarations -Wold-style-definition -Wformat=2 -O2 -pipe -I../include -I../include/uapi -DRESOLVE_HOSTNAMES -DLIBDIR=\"/usr/lib/x86_64-linux-gnu\" -DCONF_USR_DIR=\"/usr/share/iproute2\" -DCONF_ETC_DIR=\"/etc/iproute2\" -DNETNS_RUN_DIR=\"/var/run/netns\" -DNETNS_ETC_DIR=\"/etc/netns\" -DARPDDIR=\"/var/lib/arpd\" -DCONF_COLOR=COLOR_OPT_NEVER -D_GNU_SOURCE -D_FILE_OFFSET_BITS=64 -D_LARGEFILE_SOURCE -D_LARGEFILE64_SOURCE -DHAVE_SETNS -DHAVE_HANDLE_AT -DHAVE_LIBBPF  -DLIBBPF_VERSION=\"1.3.0\" -DLIBBPF_DYNAMIC -DHAVE_LIBBPF_SECTION_NAME  -DHAVE_ELF  -DHAVE_LIBMNL  -DHAVE_LIBCAP  -DHAVE_SETNS -DHAVE_HANDLE_AT -DHAVE_LIBBPF  -DLIBBPF_VERSION=\"1.3.0\" -DLIBBPF_DYNAMIC -DHAVE_LIBBPF_SECTION_NAME  -DHAVE_ELF  -DHAVE_LIBMNL  -DHAVE_LIBCAP  -DCONFIG_GACT -DCONFIG_GACT_PROB -DYY_NO_INPUT   -c -o tc_monitor.o tc_monitor.c
#21 8.724 gcc -Wall -Wstrict-prototypes  -Wmissing-prototypes -Wmissing-declarations -Wold-style-definition -Wformat=2 -O2 -pipe -I../include -I../include/uapi -DRESOLVE_HOSTNAMES -DLIBDIR=\"/usr/lib/x86_64-linux-gnu\" -DCONF_USR_DIR=\"/usr/share/iproute2\" -DCONF_ETC_DIR=\"/etc/iproute2\" -DNETNS_RUN_DIR=\"/var/run/netns\" -DNETNS_ETC_DIR=\"/etc/netns\" -DARPDDIR=\"/var/lib/arpd\" -DCONF_COLOR=COLOR_OPT_NEVER -D_GNU_SOURCE -D_FILE_OFFSET_BITS=64 -D_LARGEFILE_SOURCE -D_LARGEFILE64_SOURCE -DHAVE_SETNS -DHAVE_HANDLE_AT -DHAVE_LIBBPF  -DLIBBPF_VERSION=\"1.3.0\" -DLIBBPF_DYNAMIC -DHAVE_LIBBPF_SECTION_NAME  -DHAVE_ELF  -DHAVE_LIBMNL  -DHAVE_LIBCAP  -DHAVE_SETNS -DHAVE_HANDLE_AT -DHAVE_LIBBPF  -DLIBBPF_VERSION=\"1.3.0\" -DLIBBPF_DYNAMIC -DHAVE_LIBBPF_SECTION_NAME  -DHAVE_ELF  -DHAVE_LIBMNL  -DHAVE_LIBCAP  -DCONFIG_GACT -DCONFIG_GACT_PROB -DYY_NO_INPUT   -c -o tc_exec.o tc_exec.c
#21 8.757 gcc -Wall -Wstrict-prototypes  -Wmissing-prototypes -Wmissing-declarations -Wold-style-definition -Wformat=2 -O2 -pipe -I../include -I../include/uapi -DRESOLVE_HOSTNAMES -DLIBDIR=\"/usr/lib/x86_64-linux-gnu\" -DCONF_USR_DIR=\"/usr/share/iproute2\" -DCONF_ETC_DIR=\"/etc/iproute2\" -DNETNS_RUN_DIR=\"/var/run/netns\" -DNETNS_ETC_DIR=\"/etc/netns\" -DARPDDIR=\"/var/lib/arpd\" -DCONF_COLOR=COLOR_OPT_NEVER -D_GNU_SOURCE -D_FILE_OFFSET_BITS=64 -D_LARGEFILE_SOURCE -D_LARGEFILE64_SOURCE -DHAVE_SETNS -DHAVE_HANDLE_AT -DHAVE_LIBBPF  -DLIBBPF_VERSION=\"1.3.0\" -DLIBBPF_DYNAMIC -DHAVE_LIBBPF_SECTION_NAME  -DHAVE_ELF  -DHAVE_LIBMNL  -DHAVE_LIBCAP  -DHAVE_SETNS -DHAVE_HANDLE_AT -DHAVE_LIBBPF  -DLIBBPF_VERSION=\"1.3.0\" -DLIBBPF_DYNAMIC -DHAVE_LIBBPF_SECTION_NAME  -DHAVE_ELF  -DHAVE_LIBMNL  -DHAVE_LIBCAP  -DCONFIG_GACT -DCONFIG_GACT_PROB -DYY_NO_INPUT   -c -o m_police.o m_police.c
#21 8.819 gcc -Wall -Wstrict-prototypes  -Wmissing-prototypes -Wmissing-declarations -Wold-style-definition -Wformat=2 -O2 -pipe -I../include -I../include/uapi -DRESOLVE_HOSTNAMES -DLIBDIR=\"/usr/lib/x86_64-linux-gnu\" -DCONF_USR_DIR=\"/usr/share/iproute2\" -DCONF_ETC_DIR=\"/etc/iproute2\" -DNETNS_RUN_DIR=\"/var/run/netns\" -DNETNS_ETC_DIR=\"/etc/netns\" -DARPDDIR=\"/var/lib/arpd\" -DCONF_COLOR=COLOR_OPT_NEVER -D_GNU_SOURCE -D_FILE_OFFSET_BITS=64 -D_LARGEFILE_SOURCE -D_LARGEFILE64_SOURCE -DHAVE_SETNS -DHAVE_HANDLE_AT -DHAVE_LIBBPF  -DLIBBPF_VERSION=\"1.3.0\" -DLIBBPF_DYNAMIC -DHAVE_LIBBPF_SECTION_NAME  -DHAVE_ELF  -DHAVE_LIBMNL  -DHAVE_LIBCAP  -DHAVE_SETNS -DHAVE_HANDLE_AT -DHAVE_LIBBPF  -DLIBBPF_VERSION=\"1.3.0\" -DLIBBPF_DYNAMIC -DHAVE_LIBBPF_SECTION_NAME  -DHAVE_ELF  -DHAVE_LIBMNL  -DHAVE_LIBCAP  -DCONFIG_GACT -DCONFIG_GACT_PROB -DYY_NO_INPUT   -c -o m_estimator.o m_estimator.c
#21 8.850 gcc -Wall -Wstrict-prototypes  -Wmissing-prototypes -Wmissing-declarations -Wold-style-definition -Wformat=2 -O2 -pipe -I../include -I../include/uapi -DRESOLVE_HOSTNAMES -DLIBDIR=\"/usr/lib/x86_64-linux-gnu\" -DCONF_USR_DIR=\"/usr/share/iproute2\" -DCONF_ETC_DIR=\"/etc/iproute2\" -DNETNS_RUN_DIR=\"/var/run/netns\" -DNETNS_ETC_DIR=\"/etc/netns\" -DARPDDIR=\"/var/lib/arpd\" -DCONF_COLOR=COLOR_OPT_NEVER -D_GNU_SOURCE -D_FILE_OFFSET_BITS=64 -D_LARGEFILE_SOURCE -D_LARGEFILE64_SOURCE -DHAVE_SETNS -DHAVE_HANDLE_AT -DHAVE_LIBBPF  -DLIBBPF_VERSION=\"1.3.0\" -DLIBBPF_DYNAMIC -DHAVE_LIBBPF_SECTION_NAME  -DHAVE_ELF  -DHAVE_LIBMNL  -DHAVE_LIBCAP  -DHAVE_SETNS -DHAVE_HANDLE_AT -DHAVE_LIBBPF  -DLIBBPF_VERSION=\"1.3.0\" -DLIBBPF_DYNAMIC -DHAVE_LIBBPF_SECTION_NAME  -DHAVE_ELF  -DHAVE_LIBMNL  -DHAVE_LIBCAP  -DCONFIG_GACT -DCONFIG_GACT_PROB -DYY_NO_INPUT   -c -o m_action.o m_action.c
#21 8.958 gcc -Wall -Wstrict-prototypes  -Wmissing-prototypes -Wmissing-declarations -Wold-style-definition -Wformat=2 -O2 -pipe -I../include -I../include/uapi -DRESOLVE_HOSTNAMES -DLIBDIR=\"/usr/lib/x86_64-linux-gnu\" -DCONF_USR_DIR=\"/usr/share/iproute2\" -DCONF_ETC_DIR=\"/etc/iproute2\" -DNETNS_RUN_DIR=\"/var/run/netns\" -DNETNS_ETC_DIR=\"/etc/netns\" -DARPDDIR=\"/var/lib/arpd\" -DCONF_COLOR=COLOR_OPT_NEVER -D_GNU_SOURCE -D_FILE_OFFSET_BITS=64 -D_LARGEFILE_SOURCE -D_LARGEFILE64_SOURCE -DHAVE_SETNS -DHAVE_HANDLE_AT -DHAVE_LIBBPF  -DLIBBPF_VERSION=\"1.3.0\" -DLIBBPF_DYNAMIC -DHAVE_LIBBPF_SECTION_NAME  -DHAVE_ELF  -DHAVE_LIBMNL  -DHAVE_LIBCAP  -DHAVE_SETNS -DHAVE_HANDLE_AT -DHAVE_LIBBPF  -DLIBBPF_VERSION=\"1.3.0\" -DLIBBPF_DYNAMIC -DHAVE_LIBBPF_SECTION_NAME  -DHAVE_ELF  -DHAVE_LIBMNL  -DHAVE_LIBCAP  -DCONFIG_GACT -DCONFIG_GACT_PROB -DYY_NO_INPUT   -c -o m_ematch.o m_ematch.c
#21 9.040 bison -d -t -v -p ematch_ -b emp_ematch emp_ematch.y
#21 9.053 gcc -Wall -Wstrict-prototypes  -Wmissing-prototypes -Wmissing-declarations -Wold-style-definition -Wformat=2 -O2 -pipe -I../include -I../include/uapi -DRESOLVE_HOSTNAMES -DLIBDIR=\"/usr/lib/x86_64-linux-gnu\" -DCONF_USR_DIR=\"/usr/share/iproute2\" -DCONF_ETC_DIR=\"/etc/iproute2\" -DNETNS_RUN_DIR=\"/var/run/netns\" -DNETNS_ETC_DIR=\"/etc/netns\" -DARPDDIR=\"/var/lib/arpd\" -DCONF_COLOR=COLOR_OPT_NEVER -D_GNU_SOURCE -D_FILE_OFFSET_BITS=64 -D_LARGEFILE_SOURCE -D_LARGEFILE64_SOURCE -DHAVE_SETNS -DHAVE_HANDLE_AT -DHAVE_LIBBPF  -DLIBBPF_VERSION=\"1.3.0\" -DLIBBPF_DYNAMIC -DHAVE_LIBBPF_SECTION_NAME  -DHAVE_ELF  -DHAVE_LIBMNL  -DHAVE_LIBCAP  -DHAVE_SETNS -DHAVE_HANDLE_AT -DHAVE_LIBBPF  -DLIBBPF_VERSION=\"1.3.0\" -DLIBBPF_DYNAMIC -DHAVE_LIBBPF_SECTION_NAME  -DHAVE_ELF  -DHAVE_LIBMNL  -DHAVE_LIBCAP  -DCONFIG_GACT -DCONFIG_GACT_PROB -DYY_NO_INPUT   -c -o emp_ematch.tab.o emp_ematch.tab.c
#21 9.126 flex  -oemp_ematch.lex.c emp_ematch.l
#21 9.130 gcc -Wall -Wstrict-prototypes  -Wmissing-prototypes -Wmissing-declarations -Wold-style-definition -Wformat=2 -O2 -pipe -I../include -I../include/uapi -DRESOLVE_HOSTNAMES -DLIBDIR=\"/usr/lib/x86_64-linux-gnu\" -DCONF_USR_DIR=\"/usr/share/iproute2\" -DCONF_ETC_DIR=\"/etc/iproute2\" -DNETNS_RUN_DIR=\"/var/run/netns\" -DNETNS_ETC_DIR=\"/etc/netns\" -DARPDDIR=\"/var/lib/arpd\" -DCONF_COLOR=COLOR_OPT_NEVER -D_GNU_SOURCE -D_FILE_OFFSET_BITS=64 -D_LARGEFILE_SOURCE -D_LARGEFILE64_SOURCE -DHAVE_SETNS -DHAVE_HANDLE_AT -DHAVE_LIBBPF  -DLIBBPF_VERSION=\"1.3.0\" -DLIBBPF_DYNAMIC -DHAVE_LIBBPF_SECTION_NAME  -DHAVE_ELF  -DHAVE_LIBMNL  -DHAVE_LIBCAP  -DHAVE_SETNS -DHAVE_HANDLE_AT -DHAVE_LIBBPF  -DLIBBPF_VERSION=\"1.3.0\" -DLIBBPF_DYNAMIC -DHAVE_LIBBPF_SECTION_NAME  -DHAVE_ELF  -DHAVE_LIBMNL  -DHAVE_LIBCAP  -DCONFIG_GACT -DCONFIG_GACT_PROB -DYY_NO_INPUT   -c -o emp_ematch.lex.o emp_ematch.lex.c
#21 9.240 gcc -Wall -Wstrict-prototypes  -Wmissing-prototypes -Wmissing-declarations -Wold-style-definition -Wformat=2 -O2 -pipe -I../include -I../include/uapi -DRESOLVE_HOSTNAMES -DLIBDIR=\"/usr/lib/x86_64-linux-gnu\" -DCONF_USR_DIR=\"/usr/share/iproute2\" -DCONF_ETC_DIR=\"/etc/iproute2\" -DNETNS_RUN_DIR=\"/var/run/netns\" -DNETNS_ETC_DIR=\"/etc/netns\" -DARPDDIR=\"/var/lib/arpd\" -DCONF_COLOR=COLOR_OPT_NEVER -D_GNU_SOURCE -D_FILE_OFFSET_BITS=64 -D_LARGEFILE_SOURCE -D_LARGEFILE64_SOURCE -DHAVE_SETNS -DHAVE_HANDLE_AT -DHAVE_LIBBPF  -DLIBBPF_VERSION=\"1.3.0\" -DLIBBPF_DYNAMIC -DHAVE_LIBBPF_SECTION_NAME  -DHAVE_ELF  -DHAVE_LIBMNL  -DHAVE_LIBCAP  -DHAVE_SETNS -DHAVE_HANDLE_AT -DHAVE_LIBBPF  -DLIBBPF_VERSION=\"1.3.0\" -DLIBBPF_DYNAMIC -DHAVE_LIBBPF_SECTION_NAME  -DHAVE_ELF  -DHAVE_LIBMNL  -DHAVE_LIBCAP  -DCONFIG_GACT -DCONFIG_GACT_PROB -DYY_NO_INPUT   -c -o q_fifo.o q_fifo.c
#21 9.274 gcc -Wall -Wstrict-prototypes  -Wmissing-prototypes -Wmissing-declarations -Wold-style-definition -Wformat=2 -O2 -pipe -I../include -I../include/uapi -DRESOLVE_HOSTNAMES -DLIBDIR=\"/usr/lib/x86_64-linux-gnu\" -DCONF_USR_DIR=\"/usr/share/iproute2\" -DCONF_ETC_DIR=\"/etc/iproute2\" -DNETNS_RUN_DIR=\"/var/run/netns\" -DNETNS_ETC_DIR=\"/etc/netns\" -DARPDDIR=\"/var/lib/arpd\" -DCONF_COLOR=COLOR_OPT_NEVER -D_GNU_SOURCE -D_FILE_OFFSET_BITS=64 -D_LARGEFILE_SOURCE -D_LARGEFILE64_SOURCE -DHAVE_SETNS -DHAVE_HANDLE_AT -DHAVE_LIBBPF  -DLIBBPF_VERSION=\"1.3.0\" -DLIBBPF_DYNAMIC -DHAVE_LIBBPF_SECTION_NAME  -DHAVE_ELF  -DHAVE_LIBMNL  -DHAVE_LIBCAP  -DHAVE_SETNS -DHAVE_HANDLE_AT -DHAVE_LIBBPF  -DLIBBPF_VERSION=\"1.3.0\" -DLIBBPF_DYNAMIC -DHAVE_LIBBPF_SECTION_NAME  -DHAVE_ELF  -DHAVE_LIBMNL  -DHAVE_LIBCAP  -DCONFIG_GACT -DCONFIG_GACT_PROB -DYY_NO_INPUT   -c -o q_dualpi2.o q_dualpi2.c
#21 9.363 gcc -Wall -Wstrict-prototypes  -Wmissing-prototypes -Wmissing-declarations -Wold-style-definition -Wformat=2 -O2 -pipe -I../include -I../include/uapi -DRESOLVE_HOSTNAMES -DLIBDIR=\"/usr/lib/x86_64-linux-gnu\" -DCONF_USR_DIR=\"/usr/share/iproute2\" -DCONF_ETC_DIR=\"/etc/iproute2\" -DNETNS_RUN_DIR=\"/var/run/netns\" -DNETNS_ETC_DIR=\"/etc/netns\" -DARPDDIR=\"/var/lib/arpd\" -DCONF_COLOR=COLOR_OPT_NEVER -D_GNU_SOURCE -D_FILE_OFFSET_BITS=64 -D_LARGEFILE_SOURCE -D_LARGEFILE64_SOURCE -DHAVE_SETNS -DHAVE_HANDLE_AT -DHAVE_LIBBPF  -DLIBBPF_VERSION=\"1.3.0\" -DLIBBPF_DYNAMIC -DHAVE_LIBBPF_SECTION_NAME  -DHAVE_ELF  -DHAVE_LIBMNL  -DHAVE_LIBCAP  -DHAVE_SETNS -DHAVE_HANDLE_AT -DHAVE_LIBBPF  -DLIBBPF_VERSION=\"1.3.0\" -DLIBBPF_DYNAMIC -DHAVE_LIBBPF_SECTION_NAME  -DHAVE_ELF  -DHAVE_LIBMNL  -DHAVE_LIBCAP  -DCONFIG_GACT -DCONFIG_GACT_PROB -DYY_NO_INPUT   -c -o q_sfq.o q_sfq.c
#21 9.425 gcc -Wall -Wstrict-prototypes  -Wmissing-prototypes -Wmissing-declarations -Wold-style-definition -Wformat=2 -O2 -pipe -I../include -I../include/uapi -DRESOLVE_HOSTNAMES -DLIBDIR=\"/usr/lib/x86_64-linux-gnu\" -DCONF_USR_DIR=\"/usr/share/iproute2\" -DCONF_ETC_DIR=\"/etc/iproute2\" -DNETNS_RUN_DIR=\"/var/run/netns\" -DNETNS_ETC_DIR=\"/etc/netns\" -DARPDDIR=\"/var/lib/arpd\" -DCONF_COLOR=COLOR_OPT_NEVER -D_GNU_SOURCE -D_FILE_OFFSET_BITS=64 -D_LARGEFILE_SOURCE -D_LARGEFILE64_SOURCE -DHAVE_SETNS -DHAVE_HANDLE_AT -DHAVE_LIBBPF  -DLIBBPF_VERSION=\"1.3.0\" -DLIBBPF_DYNAMIC -DHAVE_LIBBPF_SECTION_NAME  -DHAVE_ELF  -DHAVE_LIBMNL  -DHAVE_LIBCAP  -DHAVE_SETNS -DHAVE_HANDLE_AT -DHAVE_LIBBPF  -DLIBBPF_VERSION=\"1.3.0\" -DLIBBPF_DYNAMIC -DHAVE_LIBBPF_SECTION_NAME  -DHAVE_ELF  -DHAVE_LIBMNL  -DHAVE_LIBCAP  -DCONFIG_GACT -DCONFIG_GACT_PROB -DYY_NO_INPUT   -c -o q_red.o q_red.c
#21 9.488 gcc -Wall -Wstrict-prototypes  -Wmissing-prototypes -Wmissing-declarations -Wold-style-definition -Wformat=2 -O2 -pipe -I../include -I../include/uapi -DRESOLVE_HOSTNAMES -DLIBDIR=\"/usr/lib/x86_64-linux-gnu\" -DCONF_USR_DIR=\"/usr/share/iproute2\" -DCONF_ETC_DIR=\"/etc/iproute2\" -DNETNS_RUN_DIR=\"/var/run/netns\" -DNETNS_ETC_DIR=\"/etc/netns\" -DARPDDIR=\"/var/lib/arpd\" -DCONF_COLOR=COLOR_OPT_NEVER -D_GNU_SOURCE -D_FILE_OFFSET_BITS=64 -D_LARGEFILE_SOURCE -D_LARGEFILE64_SOURCE -DHAVE_SETNS -DHAVE_HANDLE_AT -DHAVE_LIBBPF  -DLIBBPF_VERSION=\"1.3.0\" -DLIBBPF_DYNAMIC -DHAVE_LIBBPF_SECTION_NAME  -DHAVE_ELF  -DHAVE_LIBMNL  -DHAVE_LIBCAP  -DHAVE_SETNS -DHAVE_HANDLE_AT -DHAVE_LIBBPF  -DLIBBPF_VERSION=\"1.3.0\" -DLIBBPF_DYNAMIC -DHAVE_LIBBPF_SECTION_NAME  -DHAVE_ELF  -DHAVE_LIBMNL  -DHAVE_LIBCAP  -DCONFIG_GACT -DCONFIG_GACT_PROB -DYY_NO_INPUT   -c -o q_prio.o q_prio.c
#21 9.526 gcc -Wall -Wstrict-prototypes  -Wmissing-prototypes -Wmissing-declarations -Wold-style-definition -Wformat=2 -O2 -pipe -I../include -I../include/uapi -DRESOLVE_HOSTNAMES -DLIBDIR=\"/usr/lib/x86_64-linux-gnu\" -DCONF_USR_DIR=\"/usr/share/iproute2\" -DCONF_ETC_DIR=\"/etc/iproute2\" -DNETNS_RUN_DIR=\"/var/run/netns\" -DNETNS_ETC_DIR=\"/etc/netns\" -DARPDDIR=\"/var/lib/arpd\" -DCONF_COLOR=COLOR_OPT_NEVER -D_GNU_SOURCE -D_FILE_OFFSET_BITS=64 -D_LARGEFILE_SOURCE -D_LARGEFILE64_SOURCE -DHAVE_SETNS -DHAVE_HANDLE_AT -DHAVE_LIBBPF  -DLIBBPF_VERSION=\"1.3.0\" -DLIBBPF_DYNAMIC -DHAVE_LIBBPF_SECTION_NAME  -DHAVE_ELF  -DHAVE_LIBMNL  -DHAVE_LIBCAP  -DHAVE_SETNS -DHAVE_HANDLE_AT -DHAVE_LIBBPF  -DLIBBPF_VERSION=\"1.3.0\" -DLIBBPF_DYNAMIC -DHAVE_LIBBPF_SECTION_NAME  -DHAVE_ELF  -DHAVE_LIBMNL  -DHAVE_LIBCAP  -DCONFIG_GACT -DCONFIG_GACT_PROB -DYY_NO_INPUT   -c -o q_skbprio.o q_skbprio.c
#21 9.558 gcc -Wall -Wstrict-prototypes  -Wmissing-prototypes -Wmissing-declarations -Wold-style-definition -Wformat=2 -O2 -pipe -I../include -I../include/uapi -DRESOLVE_HOSTNAMES -DLIBDIR=\"/usr/lib/x86_64-linux-gnu\" -DCONF_USR_DIR=\"/usr/share/iproute2\" -DCONF_ETC_DIR=\"/etc/iproute2\" -DNETNS_RUN_DIR=\"/var/run/netns\" -DNETNS_ETC_DIR=\"/etc/netns\" -DARPDDIR=\"/var/lib/arpd\" -DCONF_COLOR=COLOR_OPT_NEVER -D_GNU_SOURCE -D_FILE_OFFSET_BITS=64 -D_LARGEFILE_SOURCE -D_LARGEFILE64_SOURCE -DHAVE_SETNS -DHAVE_HANDLE_AT -DHAVE_LIBBPF  -DLIBBPF_VERSION=\"1.3.0\" -DLIBBPF_DYNAMIC -DHAVE_LIBBPF_SECTION_NAME  -DHAVE_ELF  -DHAVE_LIBMNL  -DHAVE_LIBCAP  -DHAVE_SETNS -DHAVE_HANDLE_AT -DHAVE_LIBBPF  -DLIBBPF_VERSION=\"1.3.0\" -DLIBBPF_DYNAMIC -DHAVE_LIBBPF_SECTION_NAME  -DHAVE_ELF  -DHAVE_LIBMNL  -DHAVE_LIBCAP  -DCONFIG_GACT -DCONFIG_GACT_PROB -DYY_NO_INPUT   -c -o q_tbf.o q_tbf.c
#21 9.622 gcc -Wall -Wstrict-prototypes  -Wmissing-prototypes -Wmissing-declarations -Wold-style-definition -Wformat=2 -O2 -pipe -I../include -I../include/uapi -DRESOLVE_HOSTNAMES -DLIBDIR=\"/usr/lib/x86_64-linux-gnu\" -DCONF_USR_DIR=\"/usr/share/iproute2\" -DCONF_ETC_DIR=\"/etc/iproute2\" -DNETNS_RUN_DIR=\"/var/run/netns\" -DNETNS_ETC_DIR=\"/etc/netns\" -DARPDDIR=\"/var/lib/arpd\" -DCONF_COLOR=COLOR_OPT_NEVER -D_GNU_SOURCE -D_FILE_OFFSET_BITS=64 -D_LARGEFILE_SOURCE -D_LARGEFILE64_SOURCE -DHAVE_SETNS -DHAVE_HANDLE_AT -DHAVE_LIBBPF  -DLIBBPF_VERSION=\"1.3.0\" -DLIBBPF_DYNAMIC -DHAVE_LIBBPF_SECTION_NAME  -DHAVE_ELF  -DHAVE_LIBMNL  -DHAVE_LIBCAP  -DHAVE_SETNS -DHAVE_HANDLE_AT -DHAVE_LIBBPF  -DLIBBPF_VERSION=\"1.3.0\" -DLIBBPF_DYNAMIC -DHAVE_LIBBPF_SECTION_NAME  -DHAVE_ELF  -DHAVE_LIBMNL  -DHAVE_LIBCAP  -DCONFIG_GACT -DCONFIG_GACT_PROB -DYY_NO_INPUT   -c -o q_multiq.o q_multiq.c
#21 9.653 gcc -Wall -Wstrict-prototypes  -Wmissing-prototypes -Wmissing-declarations -Wold-style-definition -Wformat=2 -O2 -pipe -I../include -I../include/uapi -DRESOLVE_HOSTNAMES -DLIBDIR=\"/usr/lib/x86_64-linux-gnu\" -DCONF_USR_DIR=\"/usr/share/iproute2\" -DCONF_ETC_DIR=\"/etc/iproute2\" -DNETNS_RUN_DIR=\"/var/run/netns\" -DNETNS_ETC_DIR=\"/etc/netns\" -DARPDDIR=\"/var/lib/arpd\" -DCONF_COLOR=COLOR_OPT_NEVER -D_GNU_SOURCE -D_FILE_OFFSET_BITS=64 -D_LARGEFILE_SOURCE -D_LARGEFILE64_SOURCE -DHAVE_SETNS -DHAVE_HANDLE_AT -DHAVE_LIBBPF  -DLIBBPF_VERSION=\"1.3.0\" -DLIBBPF_DYNAMIC -DHAVE_LIBBPF_SECTION_NAME  -DHAVE_ELF  -DHAVE_LIBMNL  -DHAVE_LIBCAP  -DHAVE_SETNS -DHAVE_HANDLE_AT -DHAVE_LIBBPF  -DLIBBPF_VERSION=\"1.3.0\" -DLIBBPF_DYNAMIC -DHAVE_LIBBPF_SECTION_NAME  -DHAVE_ELF  -DHAVE_LIBMNL  -DHAVE_LIBCAP  -DCONFIG_GACT -DCONFIG_GACT_PROB -DYY_NO_INPUT   -c -o q_netem.o q_netem.c
#21 9.799 gcc -Wall -Wstrict-prototypes  -Wmissing-prototypes -Wmissing-declarations -Wold-style-definition -Wformat=2 -O2 -pipe -I../include -I../include/uapi -DRESOLVE_HOSTNAMES -DLIBDIR=\"/usr/lib/x86_64-linux-gnu\" -DCONF_USR_DIR=\"/usr/share/iproute2\" -DCONF_ETC_DIR=\"/etc/iproute2\" -DNETNS_RUN_DIR=\"/var/run/netns\" -DNETNS_ETC_DIR=\"/etc/netns\" -DARPDDIR=\"/var/lib/arpd\" -DCONF_COLOR=COLOR_OPT_NEVER -D_GNU_SOURCE -D_FILE_OFFSET_BITS=64 -D_LARGEFILE_SOURCE -D_LARGEFILE64_SOURCE -DHAVE_SETNS -DHAVE_HANDLE_AT -DHAVE_LIBBPF  -DLIBBPF_VERSION=\"1.3.0\" -DLIBBPF_DYNAMIC -DHAVE_LIBBPF_SECTION_NAME  -DHAVE_ELF  -DHAVE_LIBMNL  -DHAVE_LIBCAP  -DHAVE_SETNS -DHAVE_HANDLE_AT -DHAVE_LIBBPF  -DLIBBPF_VERSION=\"1.3.0\" -DLIBBPF_DYNAMIC -DHAVE_LIBBPF_SECTION_NAME  -DHAVE_ELF  -DHAVE_LIBMNL  -DHAVE_LIBCAP  -DCONFIG_GACT -DCONFIG_GACT_PROB -DYY_NO_INPUT   -c -o q_choke.o q_choke.c
#21 9.858 gcc -Wall -Wstrict-prototypes  -Wmissing-prototypes -Wmissing-declarations -Wold-style-definition -Wformat=2 -O2 -pipe -I../include -I../include/uapi -DRESOLVE_HOSTNAMES -DLIBDIR=\"/usr/lib/x86_64-linux-gnu\" -DCONF_USR_DIR=\"/usr/share/iproute2\" -DCONF_ETC_DIR=\"/etc/iproute2\" -DNETNS_RUN_DIR=\"/var/run/netns\" -DNETNS_ETC_DIR=\"/etc/netns\" -DARPDDIR=\"/var/lib/arpd\" -DCONF_COLOR=COLOR_OPT_NEVER -D_GNU_SOURCE -D_FILE_OFFSET_BITS=64 -D_LARGEFILE_SOURCE -D_LARGEFILE64_SOURCE -DHAVE_SETNS -DHAVE_HANDLE_AT -DHAVE_LIBBPF  -DLIBBPF_VERSION=\"1.3.0\" -DLIBBPF_DYNAMIC -DHAVE_LIBBPF_SECTION_NAME  -DHAVE_ELF  -DHAVE_LIBMNL  -DHAVE_LIBCAP  -DHAVE_SETNS -DHAVE_HANDLE_AT -DHAVE_LIBBPF  -DLIBBPF_VERSION=\"1.3.0\" -DLIBBPF_DYNAMIC -DHAVE_LIBBPF_SECTION_NAME  -DHAVE_ELF  -DHAVE_LIBMNL  -DHAVE_LIBCAP  -DCONFIG_GACT -DCONFIG_GACT_PROB -DYY_NO_INPUT   -c -o q_sfb.o q_sfb.c
#21 9.905 gcc -Wall -Wstrict-prototypes  -Wmissing-prototypes -Wmissing-declarations -Wold-style-definition -Wformat=2 -O2 -pipe -I../include -I../include/uapi -DRESOLVE_HOSTNAMES -DLIBDIR=\"/usr/lib/x86_64-linux-gnu\" -DCONF_USR_DIR=\"/usr/share/iproute2\" -DCONF_ETC_DIR=\"/etc/iproute2\" -DNETNS_RUN_DIR=\"/var/run/netns\" -DNETNS_ETC_DIR=\"/etc/netns\" -DARPDDIR=\"/var/lib/arpd\" -DCONF_COLOR=COLOR_OPT_NEVER -D_GNU_SOURCE -D_FILE_OFFSET_BITS=64 -D_LARGEFILE_SOURCE -D_LARGEFILE64_SOURCE -DHAVE_SETNS -DHAVE_HANDLE_AT -DHAVE_LIBBPF  -DLIBBPF_VERSION=\"1.3.0\" -DLIBBPF_DYNAMIC -DHAVE_LIBBPF_SECTION_NAME  -DHAVE_ELF  -DHAVE_LIBMNL  -DHAVE_LIBCAP  -DHAVE_SETNS -DHAVE_HANDLE_AT -DHAVE_LIBBPF  -DLIBBPF_VERSION=\"1.3.0\" -DLIBBPF_DYNAMIC -DHAVE_LIBBPF_SECTION_NAME  -DHAVE_ELF  -DHAVE_LIBMNL  -DHAVE_LIBCAP  -DCONFIG_GACT -DCONFIG_GACT_PROB -DYY_NO_INPUT   -c -o f_u32.o f_u32.c
#21 10.07 gcc -Wall -Wstrict-prototypes  -Wmissing-prototypes -Wmissing-declarations -Wold-style-definition -Wformat=2 -O2 -pipe -I../include -I../include/uapi -DRESOLVE_HOSTNAMES -DLIBDIR=\"/usr/lib/x86_64-linux-gnu\" -DCONF_USR_DIR=\"/usr/share/iproute2\" -DCONF_ETC_DIR=\"/etc/iproute2\" -DNETNS_RUN_DIR=\"/var/run/netns\" -DNETNS_ETC_DIR=\"/etc/netns\" -DARPDDIR=\"/var/lib/arpd\" -DCONF_COLOR=COLOR_OPT_NEVER -D_GNU_SOURCE -D_FILE_OFFSET_BITS=64 -D_LARGEFILE_SOURCE -D_LARGEFILE64_SOURCE -DHAVE_SETNS -DHAVE_HANDLE_AT -DHAVE_LIBBPF  -DLIBBPF_VERSION=\"1.3.0\" -DLIBBPF_DYNAMIC -DHAVE_LIBBPF_SECTION_NAME  -DHAVE_ELF  -DHAVE_LIBMNL  -DHAVE_LIBCAP  -DHAVE_SETNS -DHAVE_HANDLE_AT -DHAVE_LIBBPF  -DLIBBPF_VERSION=\"1.3.0\" -DLIBBPF_DYNAMIC -DHAVE_LIBBPF_SECTION_NAME  -DHAVE_ELF  -DHAVE_LIBMNL  -DHAVE_LIBCAP  -DCONFIG_GACT -DCONFIG_GACT_PROB -DYY_NO_INPUT   -c -o f_route.o f_route.c
#21 10.12 gcc -Wall -Wstrict-prototypes  -Wmissing-prototypes -Wmissing-declarations -Wold-style-definition -Wformat=2 -O2 -pipe -I../include -I../include/uapi -DRESOLVE_HOSTNAMES -DLIBDIR=\"/usr/lib/x86_64-linux-gnu\" -DCONF_USR_DIR=\"/usr/share/iproute2\" -DCONF_ETC_DIR=\"/etc/iproute2\" -DNETNS_RUN_DIR=\"/var/run/netns\" -DNETNS_ETC_DIR=\"/etc/netns\" -DARPDDIR=\"/var/lib/arpd\" -DCONF_COLOR=COLOR_OPT_NEVER -D_GNU_SOURCE -D_FILE_OFFSET_BITS=64 -D_LARGEFILE_SOURCE -D_LARGEFILE64_SOURCE -DHAVE_SETNS -DHAVE_HANDLE_AT -DHAVE_LIBBPF  -DLIBBPF_VERSION=\"1.3.0\" -DLIBBPF_DYNAMIC -DHAVE_LIBBPF_SECTION_NAME  -DHAVE_ELF  -DHAVE_LIBMNL  -DHAVE_LIBCAP  -DHAVE_SETNS -DHAVE_HANDLE_AT -DHAVE_LIBBPF  -DLIBBPF_VERSION=\"1.3.0\" -DLIBBPF_DYNAMIC -DHAVE_LIBBPF_SECTION_NAME  -DHAVE_ELF  -DHAVE_LIBMNL  -DHAVE_LIBCAP  -DCONFIG_GACT -DCONFIG_GACT_PROB -DYY_NO_INPUT   -c -o f_fw.o f_fw.c
#21 10.16 gcc -Wall -Wstrict-prototypes  -Wmissing-prototypes -Wmissing-declarations -Wold-style-definition -Wformat=2 -O2 -pipe -I../include -I../include/uapi -DRESOLVE_HOSTNAMES -DLIBDIR=\"/usr/lib/x86_64-linux-gnu\" -DCONF_USR_DIR=\"/usr/share/iproute2\" -DCONF_ETC_DIR=\"/etc/iproute2\" -DNETNS_RUN_DIR=\"/var/run/netns\" -DNETNS_ETC_DIR=\"/etc/netns\" -DARPDDIR=\"/var/lib/arpd\" -DCONF_COLOR=COLOR_OPT_NEVER -D_GNU_SOURCE -D_FILE_OFFSET_BITS=64 -D_LARGEFILE_SOURCE -D_LARGEFILE64_SOURCE -DHAVE_SETNS -DHAVE_HANDLE_AT -DHAVE_LIBBPF  -DLIBBPF_VERSION=\"1.3.0\" -DLIBBPF_DYNAMIC -DHAVE_LIBBPF_SECTION_NAME  -DHAVE_ELF  -DHAVE_LIBMNL  -DHAVE_LIBCAP  -DHAVE_SETNS -DHAVE_HANDLE_AT -DHAVE_LIBBPF  -DLIBBPF_VERSION=\"1.3.0\" -DLIBBPF_DYNAMIC -DHAVE_LIBBPF_SECTION_NAME  -DHAVE_ELF  -DHAVE_LIBMNL  -DHAVE_LIBCAP  -DCONFIG_GACT -DCONFIG_GACT_PROB -DYY_NO_INPUT   -c -o f_basic.o f_basic.c
#21 10.20 gcc -Wall -Wstrict-prototypes  -Wmissing-prototypes -Wmissing-declarations -Wold-style-definition -Wformat=2 -O2 -pipe -I../include -I../include/uapi -DRESOLVE_HOSTNAMES -DLIBDIR=\"/usr/lib/x86_64-linux-gnu\" -DCONF_USR_DIR=\"/usr/share/iproute2\" -DCONF_ETC_DIR=\"/etc/iproute2\" -DNETNS_RUN_DIR=\"/var/run/netns\" -DNETNS_ETC_DIR=\"/etc/netns\" -DARPDDIR=\"/var/lib/arpd\" -DCONF_COLOR=COLOR_OPT_NEVER -D_GNU_SOURCE -D_FILE_OFFSET_BITS=64 -D_LARGEFILE_SOURCE -D_LARGEFILE64_SOURCE -DHAVE_SETNS -DHAVE_HANDLE_AT -DHAVE_LIBBPF  -DLIBBPF_VERSION=\"1.3.0\" -DLIBBPF_DYNAMIC -DHAVE_LIBBPF_SECTION_NAME  -DHAVE_ELF  -DHAVE_LIBMNL  -DHAVE_LIBCAP  -DHAVE_SETNS -DHAVE_HANDLE_AT -DHAVE_LIBBPF  -DLIBBPF_VERSION=\"1.3.0\" -DLIBBPF_DYNAMIC -DHAVE_LIBBPF_SECTION_NAME  -DHAVE_ELF  -DHAVE_LIBMNL  -DHAVE_LIBCAP  -DCONFIG_GACT -DCONFIG_GACT_PROB -DYY_NO_INPUT   -c -o f_bpf.o f_bpf.c
#21 10.25 gcc -Wall -Wstrict-prototypes  -Wmissing-prototypes -Wmissing-declarations -Wold-style-definition -Wformat=2 -O2 -pipe -I../include -I../include/uapi -DRESOLVE_HOSTNAMES -DLIBDIR=\"/usr/lib/x86_64-linux-gnu\" -DCONF_USR_DIR=\"/usr/share/iproute2\" -DCONF_ETC_DIR=\"/etc/iproute2\" -DNETNS_RUN_DIR=\"/var/run/netns\" -DNETNS_ETC_DIR=\"/etc/netns\" -DARPDDIR=\"/var/lib/arpd\" -DCONF_COLOR=COLOR_OPT_NEVER -D_GNU_SOURCE -D_FILE_OFFSET_BITS=64 -D_LARGEFILE_SOURCE -D_LARGEFILE64_SOURCE -DHAVE_SETNS -DHAVE_HANDLE_AT -DHAVE_LIBBPF  -DLIBBPF_VERSION=\"1.3.0\" -DLIBBPF_DYNAMIC -DHAVE_LIBBPF_SECTION_NAME  -DHAVE_ELF  -DHAVE_LIBMNL  -DHAVE_LIBCAP  -DHAVE_SETNS -DHAVE_HANDLE_AT -DHAVE_LIBBPF  -DLIBBPF_VERSION=\"1.3.0\" -DLIBBPF_DYNAMIC -DHAVE_LIBBPF_SECTION_NAME  -DHAVE_ELF  -DHAVE_LIBMNL  -DHAVE_LIBCAP  -DCONFIG_GACT -DCONFIG_GACT_PROB -DYY_NO_INPUT   -c -o f_flow.o f_flow.c
#21 10.31 gcc -Wall -Wstrict-prototypes  -Wmissing-prototypes -Wmissing-declarations -Wold-style-definition -Wformat=2 -O2 -pipe -I../include -I../include/uapi -DRESOLVE_HOSTNAMES -DLIBDIR=\"/usr/lib/x86_64-linux-gnu\" -DCONF_USR_DIR=\"/usr/share/iproute2\" -DCONF_ETC_DIR=\"/etc/iproute2\" -DNETNS_RUN_DIR=\"/var/run/netns\" -DNETNS_ETC_DIR=\"/etc/netns\" -DARPDDIR=\"/var/lib/arpd\" -DCONF_COLOR=COLOR_OPT_NEVER -D_GNU_SOURCE -D_FILE_OFFSET_BITS=64 -D_LARGEFILE_SOURCE -D_LARGEFILE64_SOURCE -DHAVE_SETNS -DHAVE_HANDLE_AT -DHAVE_LIBBPF  -DLIBBPF_VERSION=\"1.3.0\" -DLIBBPF_DYNAMIC -DHAVE_LIBBPF_SECTION_NAME  -DHAVE_ELF  -DHAVE_LIBMNL  -DHAVE_LIBCAP  -DHAVE_SETNS -DHAVE_HANDLE_AT -DHAVE_LIBBPF  -DLIBBPF_VERSION=\"1.3.0\" -DLIBBPF_DYNAMIC -DHAVE_LIBBPF_SECTION_NAME  -DHAVE_ELF  -DHAVE_LIBMNL  -DHAVE_LIBCAP  -DCONFIG_GACT -DCONFIG_GACT_PROB -DYY_NO_INPUT   -c -o f_cgroup.o f_cgroup.c
#21 10.34 gcc -Wall -Wstrict-prototypes  -Wmissing-prototypes -Wmissing-declarations -Wold-style-definition -Wformat=2 -O2 -pipe -I../include -I../include/uapi -DRESOLVE_HOSTNAMES -DLIBDIR=\"/usr/lib/x86_64-linux-gnu\" -DCONF_USR_DIR=\"/usr/share/iproute2\" -DCONF_ETC_DIR=\"/etc/iproute2\" -DNETNS_RUN_DIR=\"/var/run/netns\" -DNETNS_ETC_DIR=\"/etc/netns\" -DARPDDIR=\"/var/lib/arpd\" -DCONF_COLOR=COLOR_OPT_NEVER -D_GNU_SOURCE -D_FILE_OFFSET_BITS=64 -D_LARGEFILE_SOURCE -D_LARGEFILE64_SOURCE -DHAVE_SETNS -DHAVE_HANDLE_AT -DHAVE_LIBBPF  -DLIBBPF_VERSION=\"1.3.0\" -DLIBBPF_DYNAMIC -DHAVE_LIBBPF_SECTION_NAME  -DHAVE_ELF  -DHAVE_LIBMNL  -DHAVE_LIBCAP  -DHAVE_SETNS -DHAVE_HANDLE_AT -DHAVE_LIBBPF  -DLIBBPF_VERSION=\"1.3.0\" -DLIBBPF_DYNAMIC -DHAVE_LIBBPF_SECTION_NAME  -DHAVE_ELF  -DHAVE_LIBMNL  -DHAVE_LIBCAP  -DCONFIG_GACT -DCONFIG_GACT_PROB -DYY_NO_INPUT   -c -o f_flower.o f_flower.c
#21 10.67 gcc -Wall -Wstrict-prototypes  -Wmissing-prototypes -Wmissing-declarations -Wold-style-definition -Wformat=2 -O2 -pipe -I../include -I../include/uapi -DRESOLVE_HOSTNAMES -DLIBDIR=\"/usr/lib/x86_64-linux-gnu\" -DCONF_USR_DIR=\"/usr/share/iproute2\" -DCONF_ETC_DIR=\"/etc/iproute2\" -DNETNS_RUN_DIR=\"/var/run/netns\" -DNETNS_ETC_DIR=\"/etc/netns\" -DARPDDIR=\"/var/lib/arpd\" -DCONF_COLOR=COLOR_OPT_NEVER -D_GNU_SOURCE -D_FILE_OFFSET_BITS=64 -D_LARGEFILE_SOURCE -D_LARGEFILE64_SOURCE -DHAVE_SETNS -DHAVE_HANDLE_AT -DHAVE_LIBBPF  -DLIBBPF_VERSION=\"1.3.0\" -DLIBBPF_DYNAMIC -DHAVE_LIBBPF_SECTION_NAME  -DHAVE_ELF  -DHAVE_LIBMNL  -DHAVE_LIBCAP  -DHAVE_SETNS -DHAVE_HANDLE_AT -DHAVE_LIBBPF  -DLIBBPF_VERSION=\"1.3.0\" -DLIBBPF_DYNAMIC -DHAVE_LIBBPF_SECTION_NAME  -DHAVE_ELF  -DHAVE_LIBMNL  -DHAVE_LIBCAP  -DCONFIG_GACT -DCONFIG_GACT_PROB -DYY_NO_INPUT   -c -o q_gred.o q_gred.c
#21 10.75 gcc -Wall -Wstrict-prototypes  -Wmissing-prototypes -Wmissing-declarations -Wold-style-definition -Wformat=2 -O2 -pipe -I../include -I../include/uapi -DRESOLVE_HOSTNAMES -DLIBDIR=\"/usr/lib/x86_64-linux-gnu\" -DCONF_USR_DIR=\"/usr/share/iproute2\" -DCONF_ETC_DIR=\"/etc/iproute2\" -DNETNS_RUN_DIR=\"/var/run/netns\" -DNETNS_ETC_DIR=\"/etc/netns\" -DARPDDIR=\"/var/lib/arpd\" -DCONF_COLOR=COLOR_OPT_NEVER -D_GNU_SOURCE -D_FILE_OFFSET_BITS=64 -D_LARGEFILE_SOURCE -D_LARGEFILE64_SOURCE -DHAVE_SETNS -DHAVE_HANDLE_AT -DHAVE_LIBBPF  -DLIBBPF_VERSION=\"1.3.0\" -DLIBBPF_DYNAMIC -DHAVE_LIBBPF_SECTION_NAME  -DHAVE_ELF  -DHAVE_LIBMNL  -DHAVE_LIBCAP  -DHAVE_SETNS -DHAVE_HANDLE_AT -DHAVE_LIBBPF  -DLIBBPF_VERSION=\"1.3.0\" -DLIBBPF_DYNAMIC -DHAVE_LIBBPF_SECTION_NAME  -DHAVE_ELF  -DHAVE_LIBMNL  -DHAVE_LIBCAP  -DCONFIG_GACT -DCONFIG_GACT_PROB -DYY_NO_INPUT   -c -o q_ingress.o q_ingress.c
#21 10.78 gcc -Wall -Wstrict-prototypes  -Wmissing-prototypes -Wmissing-declarations -Wold-style-definition -Wformat=2 -O2 -pipe -I../include -I../include/uapi -DRESOLVE_HOSTNAMES -DLIBDIR=\"/usr/lib/x86_64-linux-gnu\" -DCONF_USR_DIR=\"/usr/share/iproute2\" -DCONF_ETC_DIR=\"/etc/iproute2\" -DNETNS_RUN_DIR=\"/var/run/netns\" -DNETNS_ETC_DIR=\"/etc/netns\" -DARPDDIR=\"/var/lib/arpd\" -DCONF_COLOR=COLOR_OPT_NEVER -D_GNU_SOURCE -D_FILE_OFFSET_BITS=64 -D_LARGEFILE_SOURCE -D_LARGEFILE64_SOURCE -DHAVE_SETNS -DHAVE_HANDLE_AT -DHAVE_LIBBPF  -DLIBBPF_VERSION=\"1.3.0\" -DLIBBPF_DYNAMIC -DHAVE_LIBBPF_SECTION_NAME  -DHAVE_ELF  -DHAVE_LIBMNL  -DHAVE_LIBCAP  -DHAVE_SETNS -DHAVE_HANDLE_AT -DHAVE_LIBBPF  -DLIBBPF_VERSION=\"1.3.0\" -DLIBBPF_DYNAMIC -DHAVE_LIBBPF_SECTION_NAME  -DHAVE_ELF  -DHAVE_LIBMNL  -DHAVE_LIBCAP  -DCONFIG_GACT -DCONFIG_GACT_PROB -DYY_NO_INPUT   -c -o q_hfsc.o q_hfsc.c
#21 10.85 gcc -Wall -Wstrict-prototypes  -Wmissing-prototypes -Wmissing-declarations -Wold-style-definition -Wformat=2 -O2 -pipe -I../include -I../include/uapi -DRESOLVE_HOSTNAMES -DLIBDIR=\"/usr/lib/x86_64-linux-gnu\" -DCONF_USR_DIR=\"/usr/share/iproute2\" -DCONF_ETC_DIR=\"/etc/iproute2\" -DNETNS_RUN_DIR=\"/var/run/netns\" -DNETNS_ETC_DIR=\"/etc/netns\" -DARPDDIR=\"/var/lib/arpd\" -DCONF_COLOR=COLOR_OPT_NEVER -D_GNU_SOURCE -D_FILE_OFFSET_BITS=64 -D_LARGEFILE_SOURCE -D_LARGEFILE64_SOURCE -DHAVE_SETNS -DHAVE_HANDLE_AT -DHAVE_LIBBPF  -DLIBBPF_VERSION=\"1.3.0\" -DLIBBPF_DYNAMIC -DHAVE_LIBBPF_SECTION_NAME  -DHAVE_ELF  -DHAVE_LIBMNL  -DHAVE_LIBCAP  -DHAVE_SETNS -DHAVE_HANDLE_AT -DHAVE_LIBBPF  -DLIBBPF_VERSION=\"1.3.0\" -DLIBBPF_DYNAMIC -DHAVE_LIBBPF_SECTION_NAME  -DHAVE_ELF  -DHAVE_LIBMNL  -DHAVE_LIBCAP  -DCONFIG_GACT -DCONFIG_GACT_PROB -DYY_NO_INPUT   -c -o q_htb.o q_htb.c
#21 10.92 gcc -Wall -Wstrict-prototypes  -Wmissing-prototypes -Wmissing-declarations -Wold-style-definition -Wformat=2 -O2 -pipe -I../include -I../include/uapi -DRESOLVE_HOSTNAMES -DLIBDIR=\"/usr/lib/x86_64-linux-gnu\" -DCONF_USR_DIR=\"/usr/share/iproute2\" -DCONF_ETC_DIR=\"/etc/iproute2\" -DNETNS_RUN_DIR=\"/var/run/netns\" -DNETNS_ETC_DIR=\"/etc/netns\" -DARPDDIR=\"/var/lib/arpd\" -DCONF_COLOR=COLOR_OPT_NEVER -D_GNU_SOURCE -D_FILE_OFFSET_BITS=64 -D_LARGEFILE_SOURCE -D_LARGEFILE64_SOURCE -DHAVE_SETNS -DHAVE_HANDLE_AT -DHAVE_LIBBPF  -DLIBBPF_VERSION=\"1.3.0\" -DLIBBPF_DYNAMIC -DHAVE_LIBBPF_SECTION_NAME  -DHAVE_ELF  -DHAVE_LIBMNL  -DHAVE_LIBCAP  -DHAVE_SETNS -DHAVE_HANDLE_AT -DHAVE_LIBBPF  -DLIBBPF_VERSION=\"1.3.0\" -DLIBBPF_DYNAMIC -DHAVE_LIBBPF_SECTION_NAME  -DHAVE_ELF  -DHAVE_LIBMNL  -DHAVE_LIBCAP  -DCONFIG_GACT -DCONFIG_GACT_PROB -DYY_NO_INPUT   -c -o q_drr.o q_drr.c
#21 10.96 gcc -Wall -Wstrict-prototypes  -Wmissing-prototypes -Wmissing-declarations -Wold-style-definition -Wformat=2 -O2 -pipe -I../include -I../include/uapi -DRESOLVE_HOSTNAMES -DLIBDIR=\"/usr/lib/x86_64-linux-gnu\" -DCONF_USR_DIR=\"/usr/share/iproute2\" -DCONF_ETC_DIR=\"/etc/iproute2\" -DNETNS_RUN_DIR=\"/var/run/netns\" -DNETNS_ETC_DIR=\"/etc/netns\" -DARPDDIR=\"/var/lib/arpd\" -DCONF_COLOR=COLOR_OPT_NEVER -D_GNU_SOURCE -D_FILE_OFFSET_BITS=64 -D_LARGEFILE_SOURCE -D_LARGEFILE64_SOURCE -DHAVE_SETNS -DHAVE_HANDLE_AT -DHAVE_LIBBPF  -DLIBBPF_VERSION=\"1.3.0\" -DLIBBPF_DYNAMIC -DHAVE_LIBBPF_SECTION_NAME  -DHAVE_ELF  -DHAVE_LIBMNL  -DHAVE_LIBCAP  -DHAVE_SETNS -DHAVE_HANDLE_AT -DHAVE_LIBBPF  -DLIBBPF_VERSION=\"1.3.0\" -DLIBBPF_DYNAMIC -DHAVE_LIBBPF_SECTION_NAME  -DHAVE_ELF  -DHAVE_LIBMNL  -DHAVE_LIBCAP  -DCONFIG_GACT -DCONFIG_GACT_PROB -DYY_NO_INPUT   -c -o q_qfq.o q_qfq.c
#21 11.00 gcc -Wall -Wstrict-prototypes  -Wmissing-prototypes -Wmissing-declarations -Wold-style-definition -Wformat=2 -O2 -pipe -I../include -I../include/uapi -DRESOLVE_HOSTNAMES -DLIBDIR=\"/usr/lib/x86_64-linux-gnu\" -DCONF_USR_DIR=\"/usr/share/iproute2\" -DCONF_ETC_DIR=\"/etc/iproute2\" -DNETNS_RUN_DIR=\"/var/run/netns\" -DNETNS_ETC_DIR=\"/etc/netns\" -DARPDDIR=\"/var/lib/arpd\" -DCONF_COLOR=COLOR_OPT_NEVER -D_GNU_SOURCE -D_FILE_OFFSET_BITS=64 -D_LARGEFILE_SOURCE -D_LARGEFILE64_SOURCE -DHAVE_SETNS -DHAVE_HANDLE_AT -DHAVE_LIBBPF  -DLIBBPF_VERSION=\"1.3.0\" -DLIBBPF_DYNAMIC -DHAVE_LIBBPF_SECTION_NAME  -DHAVE_ELF  -DHAVE_LIBMNL  -DHAVE_LIBCAP  -DHAVE_SETNS -DHAVE_HANDLE_AT -DHAVE_LIBBPF  -DLIBBPF_VERSION=\"1.3.0\" -DLIBBPF_DYNAMIC -DHAVE_LIBBPF_SECTION_NAME  -DHAVE_ELF  -DHAVE_LIBMNL  -DHAVE_LIBCAP  -DCONFIG_GACT -DCONFIG_GACT_PROB -DYY_NO_INPUT   -c -o m_gact.o m_gact.c
#21 11.04 gcc -Wall -Wstrict-prototypes  -Wmissing-prototypes -Wmissing-declarations -Wold-style-definition -Wformat=2 -O2 -pipe -I../include -I../include/uapi -DRESOLVE_HOSTNAMES -DLIBDIR=\"/usr/lib/x86_64-linux-gnu\" -DCONF_USR_DIR=\"/usr/share/iproute2\" -DCONF_ETC_DIR=\"/etc/iproute2\" -DNETNS_RUN_DIR=\"/var/run/netns\" -DNETNS_ETC_DIR=\"/etc/netns\" -DARPDDIR=\"/var/lib/arpd\" -DCONF_COLOR=COLOR_OPT_NEVER -D_GNU_SOURCE -D_FILE_OFFSET_BITS=64 -D_LARGEFILE_SOURCE -D_LARGEFILE64_SOURCE -DHAVE_SETNS -DHAVE_HANDLE_AT -DHAVE_LIBBPF  -DLIBBPF_VERSION=\"1.3.0\" -DLIBBPF_DYNAMIC -DHAVE_LIBBPF_SECTION_NAME  -DHAVE_ELF  -DHAVE_LIBMNL  -DHAVE_LIBCAP  -DHAVE_SETNS -DHAVE_HANDLE_AT -DHAVE_LIBBPF  -DLIBBPF_VERSION=\"1.3.0\" -DLIBBPF_DYNAMIC -DHAVE_LIBBPF_SECTION_NAME  -DHAVE_ELF  -DHAVE_LIBMNL  -DHAVE_LIBCAP  -DCONFIG_GACT -DCONFIG_GACT_PROB -DYY_NO_INPUT   -c -o m_mirred.o m_mirred.c
#21 11.09 gcc -Wall -Wstrict-prototypes  -Wmissing-prototypes -Wmissing-declarations -Wold-style-definition -Wformat=2 -O2 -pipe -I../include -I../include/uapi -DRESOLVE_HOSTNAMES -DLIBDIR=\"/usr/lib/x86_64-linux-gnu\" -DCONF_USR_DIR=\"/usr/share/iproute2\" -DCONF_ETC_DIR=\"/etc/iproute2\" -DNETNS_RUN_DIR=\"/var/run/netns\" -DNETNS_ETC_DIR=\"/etc/netns\" -DARPDDIR=\"/var/lib/arpd\" -DCONF_COLOR=COLOR_OPT_NEVER -D_GNU_SOURCE -D_FILE_OFFSET_BITS=64 -D_LARGEFILE_SOURCE -D_LARGEFILE64_SOURCE -DHAVE_SETNS -DHAVE_HANDLE_AT -DHAVE_LIBBPF  -DLIBBPF_VERSION=\"1.3.0\" -DLIBBPF_DYNAMIC -DHAVE_LIBBPF_SECTION_NAME  -DHAVE_ELF  -DHAVE_LIBMNL  -DHAVE_LIBCAP  -DHAVE_SETNS -DHAVE_HANDLE_AT -DHAVE_LIBBPF  -DLIBBPF_VERSION=\"1.3.0\" -DLIBBPF_DYNAMIC -DHAVE_LIBBPF_SECTION_NAME  -DHAVE_ELF  -DHAVE_LIBMNL  -DHAVE_LIBCAP  -DCONFIG_GACT -DCONFIG_GACT_PROB -DYY_NO_INPUT   -c -o m_mpls.o m_mpls.c
#21 11.14 gcc -Wall -Wstrict-prototypes  -Wmissing-prototypes -Wmissing-declarations -Wold-style-definition -Wformat=2 -O2 -pipe -I../include -I../include/uapi -DRESOLVE_HOSTNAMES -DLIBDIR=\"/usr/lib/x86_64-linux-gnu\" -DCONF_USR_DIR=\"/usr/share/iproute2\" -DCONF_ETC_DIR=\"/etc/iproute2\" -DNETNS_RUN_DIR=\"/var/run/netns\" -DNETNS_ETC_DIR=\"/etc/netns\" -DARPDDIR=\"/var/lib/arpd\" -DCONF_COLOR=COLOR_OPT_NEVER -D_GNU_SOURCE -D_FILE_OFFSET_BITS=64 -D_LARGEFILE_SOURCE -D_LARGEFILE64_SOURCE -DHAVE_SETNS -DHAVE_HANDLE_AT -DHAVE_LIBBPF  -DLIBBPF_VERSION=\"1.3.0\" -DLIBBPF_DYNAMIC -DHAVE_LIBBPF_SECTION_NAME  -DHAVE_ELF  -DHAVE_LIBMNL  -DHAVE_LIBCAP  -DHAVE_SETNS -DHAVE_HANDLE_AT -DHAVE_LIBBPF  -DLIBBPF_VERSION=\"1.3.0\" -DLIBBPF_DYNAMIC -DHAVE_LIBBPF_SECTION_NAME  -DHAVE_ELF  -DHAVE_LIBMNL  -DHAVE_LIBCAP  -DCONFIG_GACT -DCONFIG_GACT_PROB -DYY_NO_INPUT   -c -o m_nat.o m_nat.c
#21 11.18 gcc -Wall -Wstrict-prototypes  -Wmissing-prototypes -Wmissing-declarations -Wold-style-definition -Wformat=2 -O2 -pipe -I../include -I../include/uapi -DRESOLVE_HOSTNAMES -DLIBDIR=\"/usr/lib/x86_64-linux-gnu\" -DCONF_USR_DIR=\"/usr/share/iproute2\" -DCONF_ETC_DIR=\"/etc/iproute2\" -DNETNS_RUN_DIR=\"/var/run/netns\" -DNETNS_ETC_DIR=\"/etc/netns\" -DARPDDIR=\"/var/lib/arpd\" -DCONF_COLOR=COLOR_OPT_NEVER -D_GNU_SOURCE -D_FILE_OFFSET_BITS=64 -D_LARGEFILE_SOURCE -D_LARGEFILE64_SOURCE -DHAVE_SETNS -DHAVE_HANDLE_AT -DHAVE_LIBBPF  -DLIBBPF_VERSION=\"1.3.0\" -DLIBBPF_DYNAMIC -DHAVE_LIBBPF_SECTION_NAME  -DHAVE_ELF  -DHAVE_LIBMNL  -DHAVE_LIBCAP  -DHAVE_SETNS -DHAVE_HANDLE_AT -DHAVE_LIBBPF  -DLIBBPF_VERSION=\"1.3.0\" -DLIBBPF_DYNAMIC -DHAVE_LIBBPF_SECTION_NAME  -DHAVE_ELF  -DHAVE_LIBMNL  -DHAVE_LIBCAP  -DCONFIG_GACT -DCONFIG_GACT_PROB -DYY_NO_INPUT   -c -o m_pedit.o m_pedit.c
#21 11.28 gcc -Wall -Wstrict-prototypes  -Wmissing-prototypes -Wmissing-declarations -Wold-style-definition -Wformat=2 -O2 -pipe -I../include -I../include/uapi -DRESOLVE_HOSTNAMES -DLIBDIR=\"/usr/lib/x86_64-linux-gnu\" -DCONF_USR_DIR=\"/usr/share/iproute2\" -DCONF_ETC_DIR=\"/etc/iproute2\" -DNETNS_RUN_DIR=\"/var/run/netns\" -DNETNS_ETC_DIR=\"/etc/netns\" -DARPDDIR=\"/var/lib/arpd\" -DCONF_COLOR=COLOR_OPT_NEVER -D_GNU_SOURCE -D_FILE_OFFSET_BITS=64 -D_LARGEFILE_SOURCE -D_LARGEFILE64_SOURCE -DHAVE_SETNS -DHAVE_HANDLE_AT -DHAVE_LIBBPF  -DLIBBPF_VERSION=\"1.3.0\" -DLIBBPF_DYNAMIC -DHAVE_LIBBPF_SECTION_NAME  -DHAVE_ELF  -DHAVE_LIBMNL  -DHAVE_LIBCAP  -DHAVE_SETNS -DHAVE_HANDLE_AT -DHAVE_LIBBPF  -DLIBBPF_VERSION=\"1.3.0\" -DLIBBPF_DYNAMIC -DHAVE_LIBBPF_SECTION_NAME  -DHAVE_ELF  -DHAVE_LIBMNL  -DHAVE_LIBCAP  -DCONFIG_GACT -DCONFIG_GACT_PROB -DYY_NO_INPUT   -c -o m_ife.o m_ife.c
#21 11.33 gcc -Wall -Wstrict-prototypes  -Wmissing-prototypes -Wmissing-declarations -Wold-style-definition -Wformat=2 -O2 -pipe -I../include -I../include/uapi -DRESOLVE_HOSTNAMES -DLIBDIR=\"/usr/lib/x86_64-linux-gnu\" -DCONF_USR_DIR=\"/usr/share/iproute2\" -DCONF_ETC_DIR=\"/etc/iproute2\" -DNETNS_RUN_DIR=\"/var/run/netns\" -DNETNS_ETC_DIR=\"/etc/netns\" -DARPDDIR=\"/var/lib/arpd\" -DCONF_COLOR=COLOR_OPT_NEVER -D_GNU_SOURCE -D_FILE_OFFSET_BITS=64 -D_LARGEFILE_SOURCE -D_LARGEFILE64_SOURCE -DHAVE_SETNS -DHAVE_HANDLE_AT -DHAVE_LIBBPF  -DLIBBPF_VERSION=\"1.3.0\" -DLIBBPF_DYNAMIC -DHAVE_LIBBPF_SECTION_NAME  -DHAVE_ELF  -DHAVE_LIBMNL  -DHAVE_LIBCAP  -DHAVE_SETNS -DHAVE_HANDLE_AT -DHAVE_LIBBPF  -DLIBBPF_VERSION=\"1.3.0\" -DLIBBPF_DYNAMIC -DHAVE_LIBBPF_SECTION_NAME  -DHAVE_ELF  -DHAVE_LIBMNL  -DHAVE_LIBCAP  -DCONFIG_GACT -DCONFIG_GACT_PROB -DYY_NO_INPUT   -c -o m_skbedit.o m_skbedit.c
#21 11.38 gcc -Wall -Wstrict-prototypes  -Wmissing-prototypes -Wmissing-declarations -Wold-style-definition -Wformat=2 -O2 -pipe -I../include -I../include/uapi -DRESOLVE_HOSTNAMES -DLIBDIR=\"/usr/lib/x86_64-linux-gnu\" -DCONF_USR_DIR=\"/usr/share/iproute2\" -DCONF_ETC_DIR=\"/etc/iproute2\" -DNETNS_RUN_DIR=\"/var/run/netns\" -DNETNS_ETC_DIR=\"/etc/netns\" -DARPDDIR=\"/var/lib/arpd\" -DCONF_COLOR=COLOR_OPT_NEVER -D_GNU_SOURCE -D_FILE_OFFSET_BITS=64 -D_LARGEFILE_SOURCE -D_LARGEFILE64_SOURCE -DHAVE_SETNS -DHAVE_HANDLE_AT -DHAVE_LIBBPF  -DLIBBPF_VERSION=\"1.3.0\" -DLIBBPF_DYNAMIC -DHAVE_LIBBPF_SECTION_NAME  -DHAVE_ELF  -DHAVE_LIBMNL  -DHAVE_LIBCAP  -DHAVE_SETNS -DHAVE_HANDLE_AT -DHAVE_LIBBPF  -DLIBBPF_VERSION=\"1.3.0\" -DLIBBPF_DYNAMIC -DHAVE_LIBBPF_SECTION_NAME  -DHAVE_ELF  -DHAVE_LIBMNL  -DHAVE_LIBCAP  -DCONFIG_GACT -DCONFIG_GACT_PROB -DYY_NO_INPUT   -c -o m_skbmod.o m_skbmod.c
#21 11.43 gcc -Wall -Wstrict-prototypes  -Wmissing-prototypes -Wmissing-declarations -Wold-style-definition -Wformat=2 -O2 -pipe -I../include -I../include/uapi -DRESOLVE_HOSTNAMES -DLIBDIR=\"/usr/lib/x86_64-linux-gnu\" -DCONF_USR_DIR=\"/usr/share/iproute2\" -DCONF_ETC_DIR=\"/etc/iproute2\" -DNETNS_RUN_DIR=\"/var/run/netns\" -DNETNS_ETC_DIR=\"/etc/netns\" -DARPDDIR=\"/var/lib/arpd\" -DCONF_COLOR=COLOR_OPT_NEVER -D_GNU_SOURCE -D_FILE_OFFSET_BITS=64 -D_LARGEFILE_SOURCE -D_LARGEFILE64_SOURCE -DHAVE_SETNS -DHAVE_HANDLE_AT -DHAVE_LIBBPF  -DLIBBPF_VERSION=\"1.3.0\" -DLIBBPF_DYNAMIC -DHAVE_LIBBPF_SECTION_NAME  -DHAVE_ELF  -DHAVE_LIBMNL  -DHAVE_LIBCAP  -DHAVE_SETNS -DHAVE_HANDLE_AT -DHAVE_LIBBPF  -DLIBBPF_VERSION=\"1.3.0\" -DLIBBPF_DYNAMIC -DHAVE_LIBBPF_SECTION_NAME  -DHAVE_ELF  -DHAVE_LIBMNL  -DHAVE_LIBCAP  -DCONFIG_GACT -DCONFIG_GACT_PROB -DYY_NO_INPUT   -c -o m_csum.o m_csum.c
#21 11.48 gcc -Wall -Wstrict-prototypes  -Wmissing-prototypes -Wmissing-declarations -Wold-style-definition -Wformat=2 -O2 -pipe -I../include -I../include/uapi -DRESOLVE_HOSTNAMES -DLIBDIR=\"/usr/lib/x86_64-linux-gnu\" -DCONF_USR_DIR=\"/usr/share/iproute2\" -DCONF_ETC_DIR=\"/etc/iproute2\" -DNETNS_RUN_DIR=\"/var/run/netns\" -DNETNS_ETC_DIR=\"/etc/netns\" -DARPDDIR=\"/var/lib/arpd\" -DCONF_COLOR=COLOR_OPT_NEVER -D_GNU_SOURCE -D_FILE_OFFSET_BITS=64 -D_LARGEFILE_SOURCE -D_LARGEFILE64_SOURCE -DHAVE_SETNS -DHAVE_HANDLE_AT -DHAVE_LIBBPF  -DLIBBPF_VERSION=\"1.3.0\" -DLIBBPF_DYNAMIC -DHAVE_LIBBPF_SECTION_NAME  -DHAVE_ELF  -DHAVE_LIBMNL  -DHAVE_LIBCAP  -DHAVE_SETNS -DHAVE_HANDLE_AT -DHAVE_LIBBPF  -DLIBBPF_VERSION=\"1.3.0\" -DLIBBPF_DYNAMIC -DHAVE_LIBBPF_SECTION_NAME  -DHAVE_ELF  -DHAVE_LIBMNL  -DHAVE_LIBCAP  -DCONFIG_GACT -DCONFIG_GACT_PROB -DYY_NO_INPUT   -c -o m_simple.o m_simple.c
#21 11.51 gcc -Wall -Wstrict-prototypes  -Wmissing-prototypes -Wmissing-declarations -Wold-style-definition -Wformat=2 -O2 -pipe -I../include -I../include/uapi -DRESOLVE_HOSTNAMES -DLIBDIR=\"/usr/lib/x86_64-linux-gnu\" -DCONF_USR_DIR=\"/usr/share/iproute2\" -DCONF_ETC_DIR=\"/etc/iproute2\" -DNETNS_RUN_DIR=\"/var/run/netns\" -DNETNS_ETC_DIR=\"/etc/netns\" -DARPDDIR=\"/var/lib/arpd\" -DCONF_COLOR=COLOR_OPT_NEVER -D_GNU_SOURCE -D_FILE_OFFSET_BITS=64 -D_LARGEFILE_SOURCE -D_LARGEFILE64_SOURCE -DHAVE_SETNS -DHAVE_HANDLE_AT -DHAVE_LIBBPF  -DLIBBPF_VERSION=\"1.3.0\" -DLIBBPF_DYNAMIC -DHAVE_LIBBPF_SECTION_NAME  -DHAVE_ELF  -DHAVE_LIBMNL  -DHAVE_LIBCAP  -DHAVE_SETNS -DHAVE_HANDLE_AT -DHAVE_LIBBPF  -DLIBBPF_VERSION=\"1.3.0\" -DLIBBPF_DYNAMIC -DHAVE_LIBBPF_SECTION_NAME  -DHAVE_ELF  -DHAVE_LIBMNL  -DHAVE_LIBCAP  -DCONFIG_GACT -DCONFIG_GACT_PROB -DYY_NO_INPUT   -c -o m_vlan.o m_vlan.c
#21 11.57 gcc -Wall -Wstrict-prototypes  -Wmissing-prototypes -Wmissing-declarations -Wold-style-definition -Wformat=2 -O2 -pipe -I../include -I../include/uapi -DRESOLVE_HOSTNAMES -DLIBDIR=\"/usr/lib/x86_64-linux-gnu\" -DCONF_USR_DIR=\"/usr/share/iproute2\" -DCONF_ETC_DIR=\"/etc/iproute2\" -DNETNS_RUN_DIR=\"/var/run/netns\" -DNETNS_ETC_DIR=\"/etc/netns\" -DARPDDIR=\"/var/lib/arpd\" -DCONF_COLOR=COLOR_OPT_NEVER -D_GNU_SOURCE -D_FILE_OFFSET_BITS=64 -D_LARGEFILE_SOURCE -D_LARGEFILE64_SOURCE -DHAVE_SETNS -DHAVE_HANDLE_AT -DHAVE_LIBBPF  -DLIBBPF_VERSION=\"1.3.0\" -DLIBBPF_DYNAMIC -DHAVE_LIBBPF_SECTION_NAME  -DHAVE_ELF  -DHAVE_LIBMNL  -DHAVE_LIBCAP  -DHAVE_SETNS -DHAVE_HANDLE_AT -DHAVE_LIBBPF  -DLIBBPF_VERSION=\"1.3.0\" -DLIBBPF_DYNAMIC -DHAVE_LIBBPF_SECTION_NAME  -DHAVE_ELF  -DHAVE_LIBMNL  -DHAVE_LIBCAP  -DCONFIG_GACT -DCONFIG_GACT_PROB -DYY_NO_INPUT   -c -o m_connmark.o m_connmark.c
#21 11.60 gcc -Wall -Wstrict-prototypes  -Wmissing-prototypes -Wmissing-declarations -Wold-style-definition -Wformat=2 -O2 -pipe -I../include -I../include/uapi -DRESOLVE_HOSTNAMES -DLIBDIR=\"/usr/lib/x86_64-linux-gnu\" -DCONF_USR_DIR=\"/usr/share/iproute2\" -DCONF_ETC_DIR=\"/etc/iproute2\" -DNETNS_RUN_DIR=\"/var/run/netns\" -DNETNS_ETC_DIR=\"/etc/netns\" -DARPDDIR=\"/var/lib/arpd\" -DCONF_COLOR=COLOR_OPT_NEVER -D_GNU_SOURCE -D_FILE_OFFSET_BITS=64 -D_LARGEFILE_SOURCE -D_LARGEFILE64_SOURCE -DHAVE_SETNS -DHAVE_HANDLE_AT -DHAVE_LIBBPF  -DLIBBPF_VERSION=\"1.3.0\" -DLIBBPF_DYNAMIC -DHAVE_LIBBPF_SECTION_NAME  -DHAVE_ELF  -DHAVE_LIBMNL  -DHAVE_LIBCAP  -DHAVE_SETNS -DHAVE_HANDLE_AT -DHAVE_LIBBPF  -DLIBBPF_VERSION=\"1.3.0\" -DLIBBPF_DYNAMIC -DHAVE_LIBBPF_SECTION_NAME  -DHAVE_ELF  -DHAVE_LIBMNL  -DHAVE_LIBCAP  -DCONFIG_GACT -DCONFIG_GACT_PROB -DYY_NO_INPUT   -c -o m_ctinfo.o m_ctinfo.c
#21 11.64 gcc -Wall -Wstrict-prototypes  -Wmissing-prototypes -Wmissing-declarations -Wold-style-definition -Wformat=2 -O2 -pipe -I../include -I../include/uapi -DRESOLVE_HOSTNAMES -DLIBDIR=\"/usr/lib/x86_64-linux-gnu\" -DCONF_USR_DIR=\"/usr/share/iproute2\" -DCONF_ETC_DIR=\"/etc/iproute2\" -DNETNS_RUN_DIR=\"/var/run/netns\" -DNETNS_ETC_DIR=\"/etc/netns\" -DARPDDIR=\"/var/lib/arpd\" -DCONF_COLOR=COLOR_OPT_NEVER -D_GNU_SOURCE -D_FILE_OFFSET_BITS=64 -D_LARGEFILE_SOURCE -D_LARGEFILE64_SOURCE -DHAVE_SETNS -DHAVE_HANDLE_AT -DHAVE_LIBBPF  -DLIBBPF_VERSION=\"1.3.0\" -DLIBBPF_DYNAMIC -DHAVE_LIBBPF_SECTION_NAME  -DHAVE_ELF  -DHAVE_LIBMNL  -DHAVE_LIBCAP  -DHAVE_SETNS -DHAVE_HANDLE_AT -DHAVE_LIBBPF  -DLIBBPF_VERSION=\"1.3.0\" -DLIBBPF_DYNAMIC -DHAVE_LIBBPF_SECTION_NAME  -DHAVE_ELF  -DHAVE_LIBMNL  -DHAVE_LIBCAP  -DCONFIG_GACT -DCONFIG_GACT_PROB -DYY_NO_INPUT   -c -o m_bpf.o m_bpf.c
#21 11.69 gcc -Wall -Wstrict-prototypes  -Wmissing-prototypes -Wmissing-declarations -Wold-style-definition -Wformat=2 -O2 -pipe -I../include -I../include/uapi -DRESOLVE_HOSTNAMES -DLIBDIR=\"/usr/lib/x86_64-linux-gnu\" -DCONF_USR_DIR=\"/usr/share/iproute2\" -DCONF_ETC_DIR=\"/etc/iproute2\" -DNETNS_RUN_DIR=\"/var/run/netns\" -DNETNS_ETC_DIR=\"/etc/netns\" -DARPDDIR=\"/var/lib/arpd\" -DCONF_COLOR=COLOR_OPT_NEVER -D_GNU_SOURCE -D_FILE_OFFSET_BITS=64 -D_LARGEFILE_SOURCE -D_LARGEFILE64_SOURCE -DHAVE_SETNS -DHAVE_HANDLE_AT -DHAVE_LIBBPF  -DLIBBPF_VERSION=\"1.3.0\" -DLIBBPF_DYNAMIC -DHAVE_LIBBPF_SECTION_NAME  -DHAVE_ELF  -DHAVE_LIBMNL  -DHAVE_LIBCAP  -DHAVE_SETNS -DHAVE_HANDLE_AT -DHAVE_LIBBPF  -DLIBBPF_VERSION=\"1.3.0\" -DLIBBPF_DYNAMIC -DHAVE_LIBBPF_SECTION_NAME  -DHAVE_ELF  -DHAVE_LIBMNL  -DHAVE_LIBCAP  -DCONFIG_GACT -DCONFIG_GACT_PROB -DYY_NO_INPUT   -c -o m_tunnel_key.o m_tunnel_key.c
#21 11.77 gcc -Wall -Wstrict-prototypes  -Wmissing-prototypes -Wmissing-declarations -Wold-style-definition -Wformat=2 -O2 -pipe -I../include -I../include/uapi -DRESOLVE_HOSTNAMES -DLIBDIR=\"/usr/lib/x86_64-linux-gnu\" -DCONF_USR_DIR=\"/usr/share/iproute2\" -DCONF_ETC_DIR=\"/etc/iproute2\" -DNETNS_RUN_DIR=\"/var/run/netns\" -DNETNS_ETC_DIR=\"/etc/netns\" -DARPDDIR=\"/var/lib/arpd\" -DCONF_COLOR=COLOR_OPT_NEVER -D_GNU_SOURCE -D_FILE_OFFSET_BITS=64 -D_LARGEFILE_SOURCE -D_LARGEFILE64_SOURCE -DHAVE_SETNS -DHAVE_HANDLE_AT -DHAVE_LIBBPF  -DLIBBPF_VERSION=\"1.3.0\" -DLIBBPF_DYNAMIC -DHAVE_LIBBPF_SECTION_NAME  -DHAVE_ELF  -DHAVE_LIBMNL  -DHAVE_LIBCAP  -DHAVE_SETNS -DHAVE_HANDLE_AT -DHAVE_LIBBPF  -DLIBBPF_VERSION=\"1.3.0\" -DLIBBPF_DYNAMIC -DHAVE_LIBBPF_SECTION_NAME  -DHAVE_ELF  -DHAVE_LIBMNL  -DHAVE_LIBCAP  -DCONFIG_GACT -DCONFIG_GACT_PROB -DYY_NO_INPUT   -c -o m_sample.o m_sample.c
#21 11.81 gcc -Wall -Wstrict-prototypes  -Wmissing-prototypes -Wmissing-declarations -Wold-style-definition -Wformat=2 -O2 -pipe -I../include -I../include/uapi -DRESOLVE_HOSTNAMES -DLIBDIR=\"/usr/lib/x86_64-linux-gnu\" -DCONF_USR_DIR=\"/usr/share/iproute2\" -DCONF_ETC_DIR=\"/etc/iproute2\" -DNETNS_RUN_DIR=\"/var/run/netns\" -DNETNS_ETC_DIR=\"/etc/netns\" -DARPDDIR=\"/var/lib/arpd\" -DCONF_COLOR=COLOR_OPT_NEVER -D_GNU_SOURCE -D_FILE_OFFSET_BITS=64 -D_LARGEFILE_SOURCE -D_LARGEFILE64_SOURCE -DHAVE_SETNS -DHAVE_HANDLE_AT -DHAVE_LIBBPF  -DLIBBPF_VERSION=\"1.3.0\" -DLIBBPF_DYNAMIC -DHAVE_LIBBPF_SECTION_NAME  -DHAVE_ELF  -DHAVE_LIBMNL  -DHAVE_LIBCAP  -DHAVE_SETNS -DHAVE_HANDLE_AT -DHAVE_LIBBPF  -DLIBBPF_VERSION=\"1.3.0\" -DLIBBPF_DYNAMIC -DHAVE_LIBBPF_SECTION_NAME  -DHAVE_ELF  -DHAVE_LIBMNL  -DHAVE_LIBCAP  -DCONFIG_GACT -DCONFIG_GACT_PROB -DYY_NO_INPUT   -c -o m_ct.o m_ct.c
#21 11.89 gcc -Wall -Wstrict-prototypes  -Wmissing-prototypes -Wmissing-declarations -Wold-style-definition -Wformat=2 -O2 -pipe -I../include -I../include/uapi -DRESOLVE_HOSTNAMES -DLIBDIR=\"/usr/lib/x86_64-linux-gnu\" -DCONF_USR_DIR=\"/usr/share/iproute2\" -DCONF_ETC_DIR=\"/etc/iproute2\" -DNETNS_RUN_DIR=\"/var/run/netns\" -DNETNS_ETC_DIR=\"/etc/netns\" -DARPDDIR=\"/var/lib/arpd\" -DCONF_COLOR=COLOR_OPT_NEVER -D_GNU_SOURCE -D_FILE_OFFSET_BITS=64 -D_LARGEFILE_SOURCE -D_LARGEFILE64_SOURCE -DHAVE_SETNS -DHAVE_HANDLE_AT -DHAVE_LIBBPF  -DLIBBPF_VERSION=\"1.3.0\" -DLIBBPF_DYNAMIC -DHAVE_LIBBPF_SECTION_NAME  -DHAVE_ELF  -DHAVE_LIBMNL  -DHAVE_LIBCAP  -DHAVE_SETNS -DHAVE_HANDLE_AT -DHAVE_LIBBPF  -DLIBBPF_VERSION=\"1.3.0\" -DLIBBPF_DYNAMIC -DHAVE_LIBBPF_SECTION_NAME  -DHAVE_ELF  -DHAVE_LIBMNL  -DHAVE_LIBCAP  -DCONFIG_GACT -DCONFIG_GACT_PROB -DYY_NO_INPUT   -c -o m_gate.o m_gate.c
#21 11.95 gcc -Wall -Wstrict-prototypes  -Wmissing-prototypes -Wmissing-declarations -Wold-style-definition -Wformat=2 -O2 -pipe -I../include -I../include/uapi -DRESOLVE_HOSTNAMES -DLIBDIR=\"/usr/lib/x86_64-linux-gnu\" -DCONF_USR_DIR=\"/usr/share/iproute2\" -DCONF_ETC_DIR=\"/etc/iproute2\" -DNETNS_RUN_DIR=\"/var/run/netns\" -DNETNS_ETC_DIR=\"/etc/netns\" -DARPDDIR=\"/var/lib/arpd\" -DCONF_COLOR=COLOR_OPT_NEVER -D_GNU_SOURCE -D_FILE_OFFSET_BITS=64 -D_LARGEFILE_SOURCE -D_LARGEFILE64_SOURCE -DHAVE_SETNS -DHAVE_HANDLE_AT -DHAVE_LIBBPF  -DLIBBPF_VERSION=\"1.3.0\" -DLIBBPF_DYNAMIC -DHAVE_LIBBPF_SECTION_NAME  -DHAVE_ELF  -DHAVE_LIBMNL  -DHAVE_LIBCAP  -DHAVE_SETNS -DHAVE_HANDLE_AT -DHAVE_LIBBPF  -DLIBBPF_VERSION=\"1.3.0\" -DLIBBPF_DYNAMIC -DHAVE_LIBBPF_SECTION_NAME  -DHAVE_ELF  -DHAVE_LIBMNL  -DHAVE_LIBCAP  -DCONFIG_GACT -DCONFIG_GACT_PROB -DYY_NO_INPUT   -c -o p_ip.o p_ip.c
#21 11.99 gcc -Wall -Wstrict-prototypes  -Wmissing-prototypes -Wmissing-declarations -Wold-style-definition -Wformat=2 -O2 -pipe -I../include -I../include/uapi -DRESOLVE_HOSTNAMES -DLIBDIR=\"/usr/lib/x86_64-linux-gnu\" -DCONF_USR_DIR=\"/usr/share/iproute2\" -DCONF_ETC_DIR=\"/etc/iproute2\" -DNETNS_RUN_DIR=\"/var/run/netns\" -DNETNS_ETC_DIR=\"/etc/netns\" -DARPDDIR=\"/var/lib/arpd\" -DCONF_COLOR=COLOR_OPT_NEVER -D_GNU_SOURCE -D_FILE_OFFSET_BITS=64 -D_LARGEFILE_SOURCE -D_LARGEFILE64_SOURCE -DHAVE_SETNS -DHAVE_HANDLE_AT -DHAVE_LIBBPF  -DLIBBPF_VERSION=\"1.3.0\" -DLIBBPF_DYNAMIC -DHAVE_LIBBPF_SECTION_NAME  -DHAVE_ELF  -DHAVE_LIBMNL  -DHAVE_LIBCAP  -DHAVE_SETNS -DHAVE_HANDLE_AT -DHAVE_LIBBPF  -DLIBBPF_VERSION=\"1.3.0\" -DLIBBPF_DYNAMIC -DHAVE_LIBBPF_SECTION_NAME  -DHAVE_ELF  -DHAVE_LIBMNL  -DHAVE_LIBCAP  -DCONFIG_GACT -DCONFIG_GACT_PROB -DYY_NO_INPUT   -c -o p_ip6.o p_ip6.c
#21 12.03 gcc -Wall -Wstrict-prototypes  -Wmissing-prototypes -Wmissing-declarations -Wold-style-definition -Wformat=2 -O2 -pipe -I../include -I../include/uapi -DRESOLVE_HOSTNAMES -DLIBDIR=\"/usr/lib/x86_64-linux-gnu\" -DCONF_USR_DIR=\"/usr/share/iproute2\" -DCONF_ETC_DIR=\"/etc/iproute2\" -DNETNS_RUN_DIR=\"/var/run/netns\" -DNETNS_ETC_DIR=\"/etc/netns\" -DARPDDIR=\"/var/lib/arpd\" -DCONF_COLOR=COLOR_OPT_NEVER -D_GNU_SOURCE -D_FILE_OFFSET_BITS=64 -D_LARGEFILE_SOURCE -D_LARGEFILE64_SOURCE -DHAVE_SETNS -DHAVE_HANDLE_AT -DHAVE_LIBBPF  -DLIBBPF_VERSION=\"1.3.0\" -DLIBBPF_DYNAMIC -DHAVE_LIBBPF_SECTION_NAME  -DHAVE_ELF  -DHAVE_LIBMNL  -DHAVE_LIBCAP  -DHAVE_SETNS -DHAVE_HANDLE_AT -DHAVE_LIBBPF  -DLIBBPF_VERSION=\"1.3.0\" -DLIBBPF_DYNAMIC -DHAVE_LIBBPF_SECTION_NAME  -DHAVE_ELF  -DHAVE_LIBMNL  -DHAVE_LIBCAP  -DCONFIG_GACT -DCONFIG_GACT_PROB -DYY_NO_INPUT   -c -o p_icmp.o p_icmp.c
#21 12.05 gcc -Wall -Wstrict-prototypes  -Wmissing-prototypes -Wmissing-declarations -Wold-style-definition -Wformat=2 -O2 -pipe -I../include -I../include/uapi -DRESOLVE_HOSTNAMES -DLIBDIR=\"/usr/lib/x86_64-linux-gnu\" -DCONF_USR_DIR=\"/usr/share/iproute2\" -DCONF_ETC_DIR=\"/etc/iproute2\" -DNETNS_RUN_DIR=\"/var/run/netns\" -DNETNS_ETC_DIR=\"/etc/netns\" -DARPDDIR=\"/var/lib/arpd\" -DCONF_COLOR=COLOR_OPT_NEVER -D_GNU_SOURCE -D_FILE_OFFSET_BITS=64 -D_LARGEFILE_SOURCE -D_LARGEFILE64_SOURCE -DHAVE_SETNS -DHAVE_HANDLE_AT -DHAVE_LIBBPF  -DLIBBPF_VERSION=\"1.3.0\" -DLIBBPF_DYNAMIC -DHAVE_LIBBPF_SECTION_NAME  -DHAVE_ELF  -DHAVE_LIBMNL  -DHAVE_LIBCAP  -DHAVE_SETNS -DHAVE_HANDLE_AT -DHAVE_LIBBPF  -DLIBBPF_VERSION=\"1.3.0\" -DLIBBPF_DYNAMIC -DHAVE_LIBBPF_SECTION_NAME  -DHAVE_ELF  -DHAVE_LIBMNL  -DHAVE_LIBCAP  -DCONFIG_GACT -DCONFIG_GACT_PROB -DYY_NO_INPUT   -c -o p_eth.o p_eth.c
#21 12.08 gcc -Wall -Wstrict-prototypes  -Wmissing-prototypes -Wmissing-declarations -Wold-style-definition -Wformat=2 -O2 -pipe -I../include -I../include/uapi -DRESOLVE_HOSTNAMES -DLIBDIR=\"/usr/lib/x86_64-linux-gnu\" -DCONF_USR_DIR=\"/usr/share/iproute2\" -DCONF_ETC_DIR=\"/etc/iproute2\" -DNETNS_RUN_DIR=\"/var/run/netns\" -DNETNS_ETC_DIR=\"/etc/netns\" -DARPDDIR=\"/var/lib/arpd\" -DCONF_COLOR=COLOR_OPT_NEVER -D_GNU_SOURCE -D_FILE_OFFSET_BITS=64 -D_LARGEFILE_SOURCE -D_LARGEFILE64_SOURCE -DHAVE_SETNS -DHAVE_HANDLE_AT -DHAVE_LIBBPF  -DLIBBPF_VERSION=\"1.3.0\" -DLIBBPF_DYNAMIC -DHAVE_LIBBPF_SECTION_NAME  -DHAVE_ELF  -DHAVE_LIBMNL  -DHAVE_LIBCAP  -DHAVE_SETNS -DHAVE_HANDLE_AT -DHAVE_LIBBPF  -DLIBBPF_VERSION=\"1.3.0\" -DLIBBPF_DYNAMIC -DHAVE_LIBBPF_SECTION_NAME  -DHAVE_ELF  -DHAVE_LIBMNL  -DHAVE_LIBCAP  -DCONFIG_GACT -DCONFIG_GACT_PROB -DYY_NO_INPUT   -c -o p_tcp.o p_tcp.c
#21 12.11 gcc -Wall -Wstrict-prototypes  -Wmissing-prototypes -Wmissing-declarations -Wold-style-definition -Wformat=2 -O2 -pipe -I../include -I../include/uapi -DRESOLVE_HOSTNAMES -DLIBDIR=\"/usr/lib/x86_64-linux-gnu\" -DCONF_USR_DIR=\"/usr/share/iproute2\" -DCONF_ETC_DIR=\"/etc/iproute2\" -DNETNS_RUN_DIR=\"/var/run/netns\" -DNETNS_ETC_DIR=\"/etc/netns\" -DARPDDIR=\"/var/lib/arpd\" -DCONF_COLOR=COLOR_OPT_NEVER -D_GNU_SOURCE -D_FILE_OFFSET_BITS=64 -D_LARGEFILE_SOURCE -D_LARGEFILE64_SOURCE -DHAVE_SETNS -DHAVE_HANDLE_AT -DHAVE_LIBBPF  -DLIBBPF_VERSION=\"1.3.0\" -DLIBBPF_DYNAMIC -DHAVE_LIBBPF_SECTION_NAME  -DHAVE_ELF  -DHAVE_LIBMNL  -DHAVE_LIBCAP  -DHAVE_SETNS -DHAVE_HANDLE_AT -DHAVE_LIBBPF  -DLIBBPF_VERSION=\"1.3.0\" -DLIBBPF_DYNAMIC -DHAVE_LIBBPF_SECTION_NAME  -DHAVE_ELF  -DHAVE_LIBMNL  -DHAVE_LIBCAP  -DCONFIG_GACT -DCONFIG_GACT_PROB -DYY_NO_INPUT   -c -o p_udp.o p_udp.c
#21 12.14 gcc -Wall -Wstrict-prototypes  -Wmissing-prototypes -Wmissing-declarations -Wold-style-definition -Wformat=2 -O2 -pipe -I../include -I../include/uapi -DRESOLVE_HOSTNAMES -DLIBDIR=\"/usr/lib/x86_64-linux-gnu\" -DCONF_USR_DIR=\"/usr/share/iproute2\" -DCONF_ETC_DIR=\"/etc/iproute2\" -DNETNS_RUN_DIR=\"/var/run/netns\" -DNETNS_ETC_DIR=\"/etc/netns\" -DARPDDIR=\"/var/lib/arpd\" -DCONF_COLOR=COLOR_OPT_NEVER -D_GNU_SOURCE -D_FILE_OFFSET_BITS=64 -D_LARGEFILE_SOURCE -D_LARGEFILE64_SOURCE -DHAVE_SETNS -DHAVE_HANDLE_AT -DHAVE_LIBBPF  -DLIBBPF_VERSION=\"1.3.0\" -DLIBBPF_DYNAMIC -DHAVE_LIBBPF_SECTION_NAME  -DHAVE_ELF  -DHAVE_LIBMNL  -DHAVE_LIBCAP  -DHAVE_SETNS -DHAVE_HANDLE_AT -DHAVE_LIBBPF  -DLIBBPF_VERSION=\"1.3.0\" -DLIBBPF_DYNAMIC -DHAVE_LIBBPF_SECTION_NAME  -DHAVE_ELF  -DHAVE_LIBMNL  -DHAVE_LIBCAP  -DCONFIG_GACT -DCONFIG_GACT_PROB -DYY_NO_INPUT   -c -o em_nbyte.o em_nbyte.c
#21 12.18 gcc -Wall -Wstrict-prototypes  -Wmissing-prototypes -Wmissing-declarations -Wold-style-definition -Wformat=2 -O2 -pipe -I../include -I../include/uapi -DRESOLVE_HOSTNAMES -DLIBDIR=\"/usr/lib/x86_64-linux-gnu\" -DCONF_USR_DIR=\"/usr/share/iproute2\" -DCONF_ETC_DIR=\"/etc/iproute2\" -DNETNS_RUN_DIR=\"/var/run/netns\" -DNETNS_ETC_DIR=\"/etc/netns\" -DARPDDIR=\"/var/lib/arpd\" -DCONF_COLOR=COLOR_OPT_NEVER -D_GNU_SOURCE -D_FILE_OFFSET_BITS=64 -D_LARGEFILE_SOURCE -D_LARGEFILE64_SOURCE -DHAVE_SETNS -DHAVE_HANDLE_AT -DHAVE_LIBBPF  -DLIBBPF_VERSION=\"1.3.0\" -DLIBBPF_DYNAMIC -DHAVE_LIBBPF_SECTION_NAME  -DHAVE_ELF  -DHAVE_LIBMNL  -DHAVE_LIBCAP  -DHAVE_SETNS -DHAVE_HANDLE_AT -DHAVE_LIBBPF  -DLIBBPF_VERSION=\"1.3.0\" -DLIBBPF_DYNAMIC -DHAVE_LIBBPF_SECTION_NAME  -DHAVE_ELF  -DHAVE_LIBMNL  -DHAVE_LIBCAP  -DCONFIG_GACT -DCONFIG_GACT_PROB -DYY_NO_INPUT   -c -o em_cmp.o em_cmp.c
#21 12.22 gcc -Wall -Wstrict-prototypes  -Wmissing-prototypes -Wmissing-declarations -Wold-style-definition -Wformat=2 -O2 -pipe -I../include -I../include/uapi -DRESOLVE_HOSTNAMES -DLIBDIR=\"/usr/lib/x86_64-linux-gnu\" -DCONF_USR_DIR=\"/usr/share/iproute2\" -DCONF_ETC_DIR=\"/etc/iproute2\" -DNETNS_RUN_DIR=\"/var/run/netns\" -DNETNS_ETC_DIR=\"/etc/netns\" -DARPDDIR=\"/var/lib/arpd\" -DCONF_COLOR=COLOR_OPT_NEVER -D_GNU_SOURCE -D_FILE_OFFSET_BITS=64 -D_LARGEFILE_SOURCE -D_LARGEFILE64_SOURCE -DHAVE_SETNS -DHAVE_HANDLE_AT -DHAVE_LIBBPF  -DLIBBPF_VERSION=\"1.3.0\" -DLIBBPF_DYNAMIC -DHAVE_LIBBPF_SECTION_NAME  -DHAVE_ELF  -DHAVE_LIBMNL  -DHAVE_LIBCAP  -DHAVE_SETNS -DHAVE_HANDLE_AT -DHAVE_LIBBPF  -DLIBBPF_VERSION=\"1.3.0\" -DLIBBPF_DYNAMIC -DHAVE_LIBBPF_SECTION_NAME  -DHAVE_ELF  -DHAVE_LIBMNL  -DHAVE_LIBCAP  -DCONFIG_GACT -DCONFIG_GACT_PROB -DYY_NO_INPUT   -c -o em_u32.o em_u32.c
#21 12.26 gcc -Wall -Wstrict-prototypes  -Wmissing-prototypes -Wmissing-declarations -Wold-style-definition -Wformat=2 -O2 -pipe -I../include -I../include/uapi -DRESOLVE_HOSTNAMES -DLIBDIR=\"/usr/lib/x86_64-linux-gnu\" -DCONF_USR_DIR=\"/usr/share/iproute2\" -DCONF_ETC_DIR=\"/etc/iproute2\" -DNETNS_RUN_DIR=\"/var/run/netns\" -DNETNS_ETC_DIR=\"/etc/netns\" -DARPDDIR=\"/var/lib/arpd\" -DCONF_COLOR=COLOR_OPT_NEVER -D_GNU_SOURCE -D_FILE_OFFSET_BITS=64 -D_LARGEFILE_SOURCE -D_LARGEFILE64_SOURCE -DHAVE_SETNS -DHAVE_HANDLE_AT -DHAVE_LIBBPF  -DLIBBPF_VERSION=\"1.3.0\" -DLIBBPF_DYNAMIC -DHAVE_LIBBPF_SECTION_NAME  -DHAVE_ELF  -DHAVE_LIBMNL  -DHAVE_LIBCAP  -DHAVE_SETNS -DHAVE_HANDLE_AT -DHAVE_LIBBPF  -DLIBBPF_VERSION=\"1.3.0\" -DLIBBPF_DYNAMIC -DHAVE_LIBBPF_SECTION_NAME  -DHAVE_ELF  -DHAVE_LIBMNL  -DHAVE_LIBCAP  -DCONFIG_GACT -DCONFIG_GACT_PROB -DYY_NO_INPUT   -c -o em_canid.o em_canid.c
#21 12.30 gcc -Wall -Wstrict-prototypes  -Wmissing-prototypes -Wmissing-declarations -Wold-style-definition -Wformat=2 -O2 -pipe -I../include -I../include/uapi -DRESOLVE_HOSTNAMES -DLIBDIR=\"/usr/lib/x86_64-linux-gnu\" -DCONF_USR_DIR=\"/usr/share/iproute2\" -DCONF_ETC_DIR=\"/etc/iproute2\" -DNETNS_RUN_DIR=\"/var/run/netns\" -DNETNS_ETC_DIR=\"/etc/netns\" -DARPDDIR=\"/var/lib/arpd\" -DCONF_COLOR=COLOR_OPT_NEVER -D_GNU_SOURCE -D_FILE_OFFSET_BITS=64 -D_LARGEFILE_SOURCE -D_LARGEFILE64_SOURCE -DHAVE_SETNS -DHAVE_HANDLE_AT -DHAVE_LIBBPF  -DLIBBPF_VERSION=\"1.3.0\" -DLIBBPF_DYNAMIC -DHAVE_LIBBPF_SECTION_NAME  -DHAVE_ELF  -DHAVE_LIBMNL  -DHAVE_LIBCAP  -DHAVE_SETNS -DHAVE_HANDLE_AT -DHAVE_LIBBPF  -DLIBBPF_VERSION=\"1.3.0\" -DLIBBPF_DYNAMIC -DHAVE_LIBBPF_SECTION_NAME  -DHAVE_ELF  -DHAVE_LIBMNL  -DHAVE_LIBCAP  -DCONFIG_GACT -DCONFIG_GACT_PROB -DYY_NO_INPUT   -c -o em_meta.o em_meta.c
#21 12.38 gcc -Wall -Wstrict-prototypes  -Wmissing-prototypes -Wmissing-declarations -Wold-style-definition -Wformat=2 -O2 -pipe -I../include -I../include/uapi -DRESOLVE_HOSTNAMES -DLIBDIR=\"/usr/lib/x86_64-linux-gnu\" -DCONF_USR_DIR=\"/usr/share/iproute2\" -DCONF_ETC_DIR=\"/etc/iproute2\" -DNETNS_RUN_DIR=\"/var/run/netns\" -DNETNS_ETC_DIR=\"/etc/netns\" -DARPDDIR=\"/var/lib/arpd\" -DCONF_COLOR=COLOR_OPT_NEVER -D_GNU_SOURCE -D_FILE_OFFSET_BITS=64 -D_LARGEFILE_SOURCE -D_LARGEFILE64_SOURCE -DHAVE_SETNS -DHAVE_HANDLE_AT -DHAVE_LIBBPF  -DLIBBPF_VERSION=\"1.3.0\" -DLIBBPF_DYNAMIC -DHAVE_LIBBPF_SECTION_NAME  -DHAVE_ELF  -DHAVE_LIBMNL  -DHAVE_LIBCAP  -DHAVE_SETNS -DHAVE_HANDLE_AT -DHAVE_LIBBPF  -DLIBBPF_VERSION=\"1.3.0\" -DLIBBPF_DYNAMIC -DHAVE_LIBBPF_SECTION_NAME  -DHAVE_ELF  -DHAVE_LIBMNL  -DHAVE_LIBCAP  -DCONFIG_GACT -DCONFIG_GACT_PROB -DYY_NO_INPUT   -c -o q_mqprio.o q_mqprio.c
#21 12.46 gcc -Wall -Wstrict-prototypes  -Wmissing-prototypes -Wmissing-declarations -Wold-style-definition -Wformat=2 -O2 -pipe -I../include -I../include/uapi -DRESOLVE_HOSTNAMES -DLIBDIR=\"/usr/lib/x86_64-linux-gnu\" -DCONF_USR_DIR=\"/usr/share/iproute2\" -DCONF_ETC_DIR=\"/etc/iproute2\" -DNETNS_RUN_DIR=\"/var/run/netns\" -DNETNS_ETC_DIR=\"/etc/netns\" -DARPDDIR=\"/var/lib/arpd\" -DCONF_COLOR=COLOR_OPT_NEVER -D_GNU_SOURCE -D_FILE_OFFSET_BITS=64 -D_LARGEFILE_SOURCE -D_LARGEFILE64_SOURCE -DHAVE_SETNS -DHAVE_HANDLE_AT -DHAVE_LIBBPF  -DLIBBPF_VERSION=\"1.3.0\" -DLIBBPF_DYNAMIC -DHAVE_LIBBPF_SECTION_NAME  -DHAVE_ELF  -DHAVE_LIBMNL  -DHAVE_LIBCAP  -DHAVE_SETNS -DHAVE_HANDLE_AT -DHAVE_LIBBPF  -DLIBBPF_VERSION=\"1.3.0\" -DLIBBPF_DYNAMIC -DHAVE_LIBBPF_SECTION_NAME  -DHAVE_ELF  -DHAVE_LIBMNL  -DHAVE_LIBCAP  -DCONFIG_GACT -DCONFIG_GACT_PROB -DYY_NO_INPUT   -c -o q_codel.o q_codel.c
#21 12.50 gcc -Wall -Wstrict-prototypes  -Wmissing-prototypes -Wmissing-declarations -Wold-style-definition -Wformat=2 -O2 -pipe -I../include -I../include/uapi -DRESOLVE_HOSTNAMES -DLIBDIR=\"/usr/lib/x86_64-linux-gnu\" -DCONF_USR_DIR=\"/usr/share/iproute2\" -DCONF_ETC_DIR=\"/etc/iproute2\" -DNETNS_RUN_DIR=\"/var/run/netns\" -DNETNS_ETC_DIR=\"/etc/netns\" -DARPDDIR=\"/var/lib/arpd\" -DCONF_COLOR=COLOR_OPT_NEVER -D_GNU_SOURCE -D_FILE_OFFSET_BITS=64 -D_LARGEFILE_SOURCE -D_LARGEFILE64_SOURCE -DHAVE_SETNS -DHAVE_HANDLE_AT -DHAVE_LIBBPF  -DLIBBPF_VERSION=\"1.3.0\" -DLIBBPF_DYNAMIC -DHAVE_LIBBPF_SECTION_NAME  -DHAVE_ELF  -DHAVE_LIBMNL  -DHAVE_LIBCAP  -DHAVE_SETNS -DHAVE_HANDLE_AT -DHAVE_LIBBPF  -DLIBBPF_VERSION=\"1.3.0\" -DLIBBPF_DYNAMIC -DHAVE_LIBBPF_SECTION_NAME  -DHAVE_ELF  -DHAVE_LIBMNL  -DHAVE_LIBCAP  -DCONFIG_GACT -DCONFIG_GACT_PROB -DYY_NO_INPUT   -c -o q_fq_codel.o q_fq_codel.c
#21 12.55 gcc -Wall -Wstrict-prototypes  -Wmissing-prototypes -Wmissing-declarations -Wold-style-definition -Wformat=2 -O2 -pipe -I../include -I../include/uapi -DRESOLVE_HOSTNAMES -DLIBDIR=\"/usr/lib/x86_64-linux-gnu\" -DCONF_USR_DIR=\"/usr/share/iproute2\" -DCONF_ETC_DIR=\"/etc/iproute2\" -DNETNS_RUN_DIR=\"/var/run/netns\" -DNETNS_ETC_DIR=\"/etc/netns\" -DARPDDIR=\"/var/lib/arpd\" -DCONF_COLOR=COLOR_OPT_NEVER -D_GNU_SOURCE -D_FILE_OFFSET_BITS=64 -D_LARGEFILE_SOURCE -D_LARGEFILE64_SOURCE -DHAVE_SETNS -DHAVE_HANDLE_AT -DHAVE_LIBBPF  -DLIBBPF_VERSION=\"1.3.0\" -DLIBBPF_DYNAMIC -DHAVE_LIBBPF_SECTION_NAME  -DHAVE_ELF  -DHAVE_LIBMNL  -DHAVE_LIBCAP  -DHAVE_SETNS -DHAVE_HANDLE_AT -DHAVE_LIBBPF  -DLIBBPF_VERSION=\"1.3.0\" -DLIBBPF_DYNAMIC -DHAVE_LIBBPF_SECTION_NAME  -DHAVE_ELF  -DHAVE_LIBMNL  -DHAVE_LIBCAP  -DCONFIG_GACT -DCONFIG_GACT_PROB -DYY_NO_INPUT   -c -o q_fq.o q_fq.c
#21 12.64 gcc -Wall -Wstrict-prototypes  -Wmissing-prototypes -Wmissing-declarations -Wold-style-definition -Wformat=2 -O2 -pipe -I../include -I../include/uapi -DRESOLVE_HOSTNAMES -DLIBDIR=\"/usr/lib/x86_64-linux-gnu\" -DCONF_USR_DIR=\"/usr/share/iproute2\" -DCONF_ETC_DIR=\"/etc/iproute2\" -DNETNS_RUN_DIR=\"/var/run/netns\" -DNETNS_ETC_DIR=\"/etc/netns\" -DARPDDIR=\"/var/lib/arpd\" -DCONF_COLOR=COLOR_OPT_NEVER -D_GNU_SOURCE -D_FILE_OFFSET_BITS=64 -D_LARGEFILE_SOURCE -D_LARGEFILE64_SOURCE -DHAVE_SETNS -DHAVE_HANDLE_AT -DHAVE_LIBBPF  -DLIBBPF_VERSION=\"1.3.0\" -DLIBBPF_DYNAMIC -DHAVE_LIBBPF_SECTION_NAME  -DHAVE_ELF  -DHAVE_LIBMNL  -DHAVE_LIBCAP  -DHAVE_SETNS -DHAVE_HANDLE_AT -DHAVE_LIBBPF  -DLIBBPF_VERSION=\"1.3.0\" -DLIBBPF_DYNAMIC -DHAVE_LIBBPF_SECTION_NAME  -DHAVE_ELF  -DHAVE_LIBMNL  -DHAVE_LIBCAP  -DCONFIG_GACT -DCONFIG_GACT_PROB -DYY_NO_INPUT   -c -o q_pie.o q_pie.c
#21 12.69 gcc -Wall -Wstrict-prototypes  -Wmissing-prototypes -Wmissing-declarations -Wold-style-definition -Wformat=2 -O2 -pipe -I../include -I../include/uapi -DRESOLVE_HOSTNAMES -DLIBDIR=\"/usr/lib/x86_64-linux-gnu\" -DCONF_USR_DIR=\"/usr/share/iproute2\" -DCONF_ETC_DIR=\"/etc/iproute2\" -DNETNS_RUN_DIR=\"/var/run/netns\" -DNETNS_ETC_DIR=\"/etc/netns\" -DARPDDIR=\"/var/lib/arpd\" -DCONF_COLOR=COLOR_OPT_NEVER -D_GNU_SOURCE -D_FILE_OFFSET_BITS=64 -D_LARGEFILE_SOURCE -D_LARGEFILE64_SOURCE -DHAVE_SETNS -DHAVE_HANDLE_AT -DHAVE_LIBBPF  -DLIBBPF_VERSION=\"1.3.0\" -DLIBBPF_DYNAMIC -DHAVE_LIBBPF_SECTION_NAME  -DHAVE_ELF  -DHAVE_LIBMNL  -DHAVE_LIBCAP  -DHAVE_SETNS -DHAVE_HANDLE_AT -DHAVE_LIBBPF  -DLIBBPF_VERSION=\"1.3.0\" -DLIBBPF_DYNAMIC -DHAVE_LIBBPF_SECTION_NAME  -DHAVE_ELF  -DHAVE_LIBMNL  -DHAVE_LIBCAP  -DCONFIG_GACT -DCONFIG_GACT_PROB -DYY_NO_INPUT   -c -o q_fq_pie.o q_fq_pie.c
#21 12.74 gcc -Wall -Wstrict-prototypes  -Wmissing-prototypes -Wmissing-declarations -Wold-style-definition -Wformat=2 -O2 -pipe -I../include -I../include/uapi -DRESOLVE_HOSTNAMES -DLIBDIR=\"/usr/lib/x86_64-linux-gnu\" -DCONF_USR_DIR=\"/usr/share/iproute2\" -DCONF_ETC_DIR=\"/etc/iproute2\" -DNETNS_RUN_DIR=\"/var/run/netns\" -DNETNS_ETC_DIR=\"/etc/netns\" -DARPDDIR=\"/var/lib/arpd\" -DCONF_COLOR=COLOR_OPT_NEVER -D_GNU_SOURCE -D_FILE_OFFSET_BITS=64 -D_LARGEFILE_SOURCE -D_LARGEFILE64_SOURCE -DHAVE_SETNS -DHAVE_HANDLE_AT -DHAVE_LIBBPF  -DLIBBPF_VERSION=\"1.3.0\" -DLIBBPF_DYNAMIC -DHAVE_LIBBPF_SECTION_NAME  -DHAVE_ELF  -DHAVE_LIBMNL  -DHAVE_LIBCAP  -DHAVE_SETNS -DHAVE_HANDLE_AT -DHAVE_LIBBPF  -DLIBBPF_VERSION=\"1.3.0\" -DLIBBPF_DYNAMIC -DHAVE_LIBBPF_SECTION_NAME  -DHAVE_ELF  -DHAVE_LIBMNL  -DHAVE_LIBCAP  -DCONFIG_GACT -DCONFIG_GACT_PROB -DYY_NO_INPUT   -c -o q_cake.o q_cake.c
#21 12.86 gcc -Wall -Wstrict-prototypes  -Wmissing-prototypes -Wmissing-declarations -Wold-style-definition -Wformat=2 -O2 -pipe -I../include -I../include/uapi -DRESOLVE_HOSTNAMES -DLIBDIR=\"/usr/lib/x86_64-linux-gnu\" -DCONF_USR_DIR=\"/usr/share/iproute2\" -DCONF_ETC_DIR=\"/etc/iproute2\" -DNETNS_RUN_DIR=\"/var/run/netns\" -DNETNS_ETC_DIR=\"/etc/netns\" -DARPDDIR=\"/var/lib/arpd\" -DCONF_COLOR=COLOR_OPT_NEVER -D_GNU_SOURCE -D_FILE_OFFSET_BITS=64 -D_LARGEFILE_SOURCE -D_LARGEFILE64_SOURCE -DHAVE_SETNS -DHAVE_HANDLE_AT -DHAVE_LIBBPF  -DLIBBPF_VERSION=\"1.3.0\" -DLIBBPF_DYNAMIC -DHAVE_LIBBPF_SECTION_NAME  -DHAVE_ELF  -DHAVE_LIBMNL  -DHAVE_LIBCAP  -DHAVE_SETNS -DHAVE_HANDLE_AT -DHAVE_LIBBPF  -DLIBBPF_VERSION=\"1.3.0\" -DLIBBPF_DYNAMIC -DHAVE_LIBBPF_SECTION_NAME  -DHAVE_ELF  -DHAVE_LIBMNL  -DHAVE_LIBCAP  -DCONFIG_GACT -DCONFIG_GACT_PROB -DYY_NO_INPUT   -c -o q_hhf.o q_hhf.c
#21 12.90 gcc -Wall -Wstrict-prototypes  -Wmissing-prototypes -Wmissing-declarations -Wold-style-definition -Wformat=2 -O2 -pipe -I../include -I../include/uapi -DRESOLVE_HOSTNAMES -DLIBDIR=\"/usr/lib/x86_64-linux-gnu\" -DCONF_USR_DIR=\"/usr/share/iproute2\" -DCONF_ETC_DIR=\"/etc/iproute2\" -DNETNS_RUN_DIR=\"/var/run/netns\" -DNETNS_ETC_DIR=\"/etc/netns\" -DARPDDIR=\"/var/lib/arpd\" -DCONF_COLOR=COLOR_OPT_NEVER -D_GNU_SOURCE -D_FILE_OFFSET_BITS=64 -D_LARGEFILE_SOURCE -D_LARGEFILE64_SOURCE -DHAVE_SETNS -DHAVE_HANDLE_AT -DHAVE_LIBBPF  -DLIBBPF_VERSION=\"1.3.0\" -DLIBBPF_DYNAMIC -DHAVE_LIBBPF_SECTION_NAME  -DHAVE_ELF  -DHAVE_LIBMNL  -DHAVE_LIBCAP  -DHAVE_SETNS -DHAVE_HANDLE_AT -DHAVE_LIBBPF  -DLIBBPF_VERSION=\"1.3.0\" -DLIBBPF_DYNAMIC -DHAVE_LIBBPF_SECTION_NAME  -DHAVE_ELF  -DHAVE_LIBMNL  -DHAVE_LIBCAP  -DCONFIG_GACT -DCONFIG_GACT_PROB -DYY_NO_INPUT   -c -o q_clsact.o q_clsact.c
#21 12.93 gcc -Wall -Wstrict-prototypes  -Wmissing-prototypes -Wmissing-declarations -Wold-style-definition -Wformat=2 -O2 -pipe -I../include -I../include/uapi -DRESOLVE_HOSTNAMES -DLIBDIR=\"/usr/lib/x86_64-linux-gnu\" -DCONF_USR_DIR=\"/usr/share/iproute2\" -DCONF_ETC_DIR=\"/etc/iproute2\" -DNETNS_RUN_DIR=\"/var/run/netns\" -DNETNS_ETC_DIR=\"/etc/netns\" -DARPDDIR=\"/var/lib/arpd\" -DCONF_COLOR=COLOR_OPT_NEVER -D_GNU_SOURCE -D_FILE_OFFSET_BITS=64 -D_LARGEFILE_SOURCE -D_LARGEFILE64_SOURCE -DHAVE_SETNS -DHAVE_HANDLE_AT -DHAVE_LIBBPF  -DLIBBPF_VERSION=\"1.3.0\" -DLIBBPF_DYNAMIC -DHAVE_LIBBPF_SECTION_NAME  -DHAVE_ELF  -DHAVE_LIBMNL  -DHAVE_LIBCAP  -DHAVE_SETNS -DHAVE_HANDLE_AT -DHAVE_LIBBPF  -DLIBBPF_VERSION=\"1.3.0\" -DLIBBPF_DYNAMIC -DHAVE_LIBBPF_SECTION_NAME  -DHAVE_ELF  -DHAVE_LIBMNL  -DHAVE_LIBCAP  -DCONFIG_GACT -DCONFIG_GACT_PROB -DYY_NO_INPUT   -c -o e_bpf.o e_bpf.c
#21 12.98 gcc -Wall -Wstrict-prototypes  -Wmissing-prototypes -Wmissing-declarations -Wold-style-definition -Wformat=2 -O2 -pipe -I../include -I../include/uapi -DRESOLVE_HOSTNAMES -DLIBDIR=\"/usr/lib/x86_64-linux-gnu\" -DCONF_USR_DIR=\"/usr/share/iproute2\" -DCONF_ETC_DIR=\"/etc/iproute2\" -DNETNS_RUN_DIR=\"/var/run/netns\" -DNETNS_ETC_DIR=\"/etc/netns\" -DARPDDIR=\"/var/lib/arpd\" -DCONF_COLOR=COLOR_OPT_NEVER -D_GNU_SOURCE -D_FILE_OFFSET_BITS=64 -D_LARGEFILE_SOURCE -D_LARGEFILE64_SOURCE -DHAVE_SETNS -DHAVE_HANDLE_AT -DHAVE_LIBBPF  -DLIBBPF_VERSION=\"1.3.0\" -DLIBBPF_DYNAMIC -DHAVE_LIBBPF_SECTION_NAME  -DHAVE_ELF  -DHAVE_LIBMNL  -DHAVE_LIBCAP  -DHAVE_SETNS -DHAVE_HANDLE_AT -DHAVE_LIBBPF  -DLIBBPF_VERSION=\"1.3.0\" -DLIBBPF_DYNAMIC -DHAVE_LIBBPF_SECTION_NAME  -DHAVE_ELF  -DHAVE_LIBMNL  -DHAVE_LIBCAP  -DCONFIG_GACT -DCONFIG_GACT_PROB -DYY_NO_INPUT   -c -o f_matchall.o f_matchall.c
#21 13.02 gcc -Wall -Wstrict-prototypes  -Wmissing-prototypes -Wmissing-declarations -Wold-style-definition -Wformat=2 -O2 -pipe -I../include -I../include/uapi -DRESOLVE_HOSTNAMES -DLIBDIR=\"/usr/lib/x86_64-linux-gnu\" -DCONF_USR_DIR=\"/usr/share/iproute2\" -DCONF_ETC_DIR=\"/etc/iproute2\" -DNETNS_RUN_DIR=\"/var/run/netns\" -DNETNS_ETC_DIR=\"/etc/netns\" -DARPDDIR=\"/var/lib/arpd\" -DCONF_COLOR=COLOR_OPT_NEVER -D_GNU_SOURCE -D_FILE_OFFSET_BITS=64 -D_LARGEFILE_SOURCE -D_LARGEFILE64_SOURCE -DHAVE_SETNS -DHAVE_HANDLE_AT -DHAVE_LIBBPF  -DLIBBPF_VERSION=\"1.3.0\" -DLIBBPF_DYNAMIC -DHAVE_LIBBPF_SECTION_NAME  -DHAVE_ELF  -DHAVE_LIBMNL  -DHAVE_LIBCAP  -DHAVE_SETNS -DHAVE_HANDLE_AT -DHAVE_LIBBPF  -DLIBBPF_VERSION=\"1.3.0\" -DLIBBPF_DYNAMIC -DHAVE_LIBBPF_SECTION_NAME  -DHAVE_ELF  -DHAVE_LIBMNL  -DHAVE_LIBCAP  -DCONFIG_GACT -DCONFIG_GACT_PROB -DYY_NO_INPUT   -c -o q_cbs.o q_cbs.c
#21 13.05 gcc -Wall -Wstrict-prototypes  -Wmissing-prototypes -Wmissing-declarations -Wold-style-definition -Wformat=2 -O2 -pipe -I../include -I../include/uapi -DRESOLVE_HOSTNAMES -DLIBDIR=\"/usr/lib/x86_64-linux-gnu\" -DCONF_USR_DIR=\"/usr/share/iproute2\" -DCONF_ETC_DIR=\"/etc/iproute2\" -DNETNS_RUN_DIR=\"/var/run/netns\" -DNETNS_ETC_DIR=\"/etc/netns\" -DARPDDIR=\"/var/lib/arpd\" -DCONF_COLOR=COLOR_OPT_NEVER -D_GNU_SOURCE -D_FILE_OFFSET_BITS=64 -D_LARGEFILE_SOURCE -D_LARGEFILE64_SOURCE -DHAVE_SETNS -DHAVE_HANDLE_AT -DHAVE_LIBBPF  -DLIBBPF_VERSION=\"1.3.0\" -DLIBBPF_DYNAMIC -DHAVE_LIBBPF_SECTION_NAME  -DHAVE_ELF  -DHAVE_LIBMNL  -DHAVE_LIBCAP  -DHAVE_SETNS -DHAVE_HANDLE_AT -DHAVE_LIBBPF  -DLIBBPF_VERSION=\"1.3.0\" -DLIBBPF_DYNAMIC -DHAVE_LIBBPF_SECTION_NAME  -DHAVE_ELF  -DHAVE_LIBMNL  -DHAVE_LIBCAP  -DCONFIG_GACT -DCONFIG_GACT_PROB -DYY_NO_INPUT   -c -o q_etf.o q_etf.c
#21 13.09 gcc -Wall -Wstrict-prototypes  -Wmissing-prototypes -Wmissing-declarations -Wold-style-definition -Wformat=2 -O2 -pipe -I../include -I../include/uapi -DRESOLVE_HOSTNAMES -DLIBDIR=\"/usr/lib/x86_64-linux-gnu\" -DCONF_USR_DIR=\"/usr/share/iproute2\" -DCONF_ETC_DIR=\"/etc/iproute2\" -DNETNS_RUN_DIR=\"/var/run/netns\" -DNETNS_ETC_DIR=\"/etc/netns\" -DARPDDIR=\"/var/lib/arpd\" -DCONF_COLOR=COLOR_OPT_NEVER -D_GNU_SOURCE -D_FILE_OFFSET_BITS=64 -D_LARGEFILE_SOURCE -D_LARGEFILE64_SOURCE -DHAVE_SETNS -DHAVE_HANDLE_AT -DHAVE_LIBBPF  -DLIBBPF_VERSION=\"1.3.0\" -DLIBBPF_DYNAMIC -DHAVE_LIBBPF_SECTION_NAME  -DHAVE_ELF  -DHAVE_LIBMNL  -DHAVE_LIBCAP  -DHAVE_SETNS -DHAVE_HANDLE_AT -DHAVE_LIBBPF  -DLIBBPF_VERSION=\"1.3.0\" -DLIBBPF_DYNAMIC -DHAVE_LIBBPF_SECTION_NAME  -DHAVE_ELF  -DHAVE_LIBMNL  -DHAVE_LIBCAP  -DCONFIG_GACT -DCONFIG_GACT_PROB -DYY_NO_INPUT   -c -o q_taprio.o q_taprio.c
#21 13.18 gcc -Wall -Wstrict-prototypes  -Wmissing-prototypes -Wmissing-declarations -Wold-style-definition -Wformat=2 -O2 -pipe -I../include -I../include/uapi -DRESOLVE_HOSTNAMES -DLIBDIR=\"/usr/lib/x86_64-linux-gnu\" -DCONF_USR_DIR=\"/usr/share/iproute2\" -DCONF_ETC_DIR=\"/etc/iproute2\" -DNETNS_RUN_DIR=\"/var/run/netns\" -DNETNS_ETC_DIR=\"/etc/netns\" -DARPDDIR=\"/var/lib/arpd\" -DCONF_COLOR=COLOR_OPT_NEVER -D_GNU_SOURCE -D_FILE_OFFSET_BITS=64 -D_LARGEFILE_SOURCE -D_LARGEFILE64_SOURCE -DHAVE_SETNS -DHAVE_HANDLE_AT -DHAVE_LIBBPF  -DLIBBPF_VERSION=\"1.3.0\" -DLIBBPF_DYNAMIC -DHAVE_LIBBPF_SECTION_NAME  -DHAVE_ELF  -DHAVE_LIBMNL  -DHAVE_LIBCAP  -DHAVE_SETNS -DHAVE_HANDLE_AT -DHAVE_LIBBPF  -DLIBBPF_VERSION=\"1.3.0\" -DLIBBPF_DYNAMIC -DHAVE_LIBBPF_SECTION_NAME  -DHAVE_ELF  -DHAVE_LIBMNL  -DHAVE_LIBCAP  -DCONFIG_GACT -DCONFIG_GACT_PROB -DYY_NO_INPUT   -c -o q_plug.o q_plug.c
#21 13.21 gcc -Wall -Wstrict-prototypes  -Wmissing-prototypes -Wmissing-declarations -Wold-style-definition -Wformat=2 -O2 -pipe -I../include -I../include/uapi -DRESOLVE_HOSTNAMES -DLIBDIR=\"/usr/lib/x86_64-linux-gnu\" -DCONF_USR_DIR=\"/usr/share/iproute2\" -DCONF_ETC_DIR=\"/etc/iproute2\" -DNETNS_RUN_DIR=\"/var/run/netns\" -DNETNS_ETC_DIR=\"/etc/netns\" -DARPDDIR=\"/var/lib/arpd\" -DCONF_COLOR=COLOR_OPT_NEVER -D_GNU_SOURCE -D_FILE_OFFSET_BITS=64 -D_LARGEFILE_SOURCE -D_LARGEFILE64_SOURCE -DHAVE_SETNS -DHAVE_HANDLE_AT -DHAVE_LIBBPF  -DLIBBPF_VERSION=\"1.3.0\" -DLIBBPF_DYNAMIC -DHAVE_LIBBPF_SECTION_NAME  -DHAVE_ELF  -DHAVE_LIBMNL  -DHAVE_LIBCAP  -DHAVE_SETNS -DHAVE_HANDLE_AT -DHAVE_LIBBPF  -DLIBBPF_VERSION=\"1.3.0\" -DLIBBPF_DYNAMIC -DHAVE_LIBBPF_SECTION_NAME  -DHAVE_ELF  -DHAVE_LIBMNL  -DHAVE_LIBCAP  -DCONFIG_GACT -DCONFIG_GACT_PROB -DYY_NO_INPUT   -c -o q_ets.o q_ets.c
#21 13.27 gcc -Wall -Wstrict-prototypes  -Wmissing-prototypes -Wmissing-declarations -Wold-style-definition -Wformat=2 -O2 -pipe -I../include -I../include/uapi -DRESOLVE_HOSTNAMES -DLIBDIR=\"/usr/lib/x86_64-linux-gnu\" -DCONF_USR_DIR=\"/usr/share/iproute2\" -DCONF_ETC_DIR=\"/etc/iproute2\" -DNETNS_RUN_DIR=\"/var/run/netns\" -DNETNS_ETC_DIR=\"/etc/netns\" -DARPDDIR=\"/var/lib/arpd\" -DCONF_COLOR=COLOR_OPT_NEVER -D_GNU_SOURCE -D_FILE_OFFSET_BITS=64 -D_LARGEFILE_SOURCE -D_LARGEFILE64_SOURCE -DHAVE_SETNS -DHAVE_HANDLE_AT -DHAVE_LIBBPF  -DLIBBPF_VERSION=\"1.3.0\" -DLIBBPF_DYNAMIC -DHAVE_LIBBPF_SECTION_NAME  -DHAVE_ELF  -DHAVE_LIBMNL  -DHAVE_LIBCAP  -DHAVE_SETNS -DHAVE_HANDLE_AT -DHAVE_LIBBPF  -DLIBBPF_VERSION=\"1.3.0\" -DLIBBPF_DYNAMIC -DHAVE_LIBBPF_SECTION_NAME  -DHAVE_ELF  -DHAVE_LIBMNL  -DHAVE_LIBCAP  -DCONFIG_GACT -DCONFIG_GACT_PROB -DYY_NO_INPUT   -c -o tc_core.o tc_core.c
#21 13.33 gcc -Wall -Wstrict-prototypes  -Wmissing-prototypes -Wmissing-declarations -Wold-style-definition -Wformat=2 -O2 -pipe -I../include -I../include/uapi -DRESOLVE_HOSTNAMES -DLIBDIR=\"/usr/lib/x86_64-linux-gnu\" -DCONF_USR_DIR=\"/usr/share/iproute2\" -DCONF_ETC_DIR=\"/etc/iproute2\" -DNETNS_RUN_DIR=\"/var/run/netns\" -DNETNS_ETC_DIR=\"/etc/netns\" -DARPDDIR=\"/var/lib/arpd\" -DCONF_COLOR=COLOR_OPT_NEVER -D_GNU_SOURCE -D_FILE_OFFSET_BITS=64 -D_LARGEFILE_SOURCE -D_LARGEFILE64_SOURCE -DHAVE_SETNS -DHAVE_HANDLE_AT -DHAVE_LIBBPF  -DLIBBPF_VERSION=\"1.3.0\" -DLIBBPF_DYNAMIC -DHAVE_LIBBPF_SECTION_NAME  -DHAVE_ELF  -DHAVE_LIBMNL  -DHAVE_LIBCAP  -DHAVE_SETNS -DHAVE_HANDLE_AT -DHAVE_LIBBPF  -DLIBBPF_VERSION=\"1.3.0\" -DLIBBPF_DYNAMIC -DHAVE_LIBBPF_SECTION_NAME  -DHAVE_ELF  -DHAVE_LIBMNL  -DHAVE_LIBCAP  -DCONFIG_GACT -DCONFIG_GACT_PROB -DYY_NO_INPUT   -c -o tc_red.o tc_red.c
#21 13.38 gcc -Wall -Wstrict-prototypes  -Wmissing-prototypes -Wmissing-declarations -Wold-style-definition -Wformat=2 -O2 -pipe -I../include -I../include/uapi -DRESOLVE_HOSTNAMES -DLIBDIR=\"/usr/lib/x86_64-linux-gnu\" -DCONF_USR_DIR=\"/usr/share/iproute2\" -DCONF_ETC_DIR=\"/etc/iproute2\" -DNETNS_RUN_DIR=\"/var/run/netns\" -DNETNS_ETC_DIR=\"/etc/netns\" -DARPDDIR=\"/var/lib/arpd\" -DCONF_COLOR=COLOR_OPT_NEVER -D_GNU_SOURCE -D_FILE_OFFSET_BITS=64 -D_LARGEFILE_SOURCE -D_LARGEFILE64_SOURCE -DHAVE_SETNS -DHAVE_HANDLE_AT -DHAVE_LIBBPF  -DLIBBPF_VERSION=\"1.3.0\" -DLIBBPF_DYNAMIC -DHAVE_LIBBPF_SECTION_NAME  -DHAVE_ELF  -DHAVE_LIBMNL  -DHAVE_LIBCAP  -DHAVE_SETNS -DHAVE_HANDLE_AT -DHAVE_LIBBPF  -DLIBBPF_VERSION=\"1.3.0\" -DLIBBPF_DYNAMIC -DHAVE_LIBBPF_SECTION_NAME  -DHAVE_ELF  -DHAVE_LIBMNL  -DHAVE_LIBCAP  -DCONFIG_GACT -DCONFIG_GACT_PROB -DYY_NO_INPUT   -c -o tc_estimator.o tc_estimator.c
#21 13.41 gcc -Wall -Wstrict-prototypes  -Wmissing-prototypes -Wmissing-declarations -Wold-style-definition -Wformat=2 -O2 -pipe -I../include -I../include/uapi -DRESOLVE_HOSTNAMES -DLIBDIR=\"/usr/lib/x86_64-linux-gnu\" -DCONF_USR_DIR=\"/usr/share/iproute2\" -DCONF_ETC_DIR=\"/etc/iproute2\" -DNETNS_RUN_DIR=\"/var/run/netns\" -DNETNS_ETC_DIR=\"/etc/netns\" -DARPDDIR=\"/var/lib/arpd\" -DCONF_COLOR=COLOR_OPT_NEVER -D_GNU_SOURCE -D_FILE_OFFSET_BITS=64 -D_LARGEFILE_SOURCE -D_LARGEFILE64_SOURCE -DHAVE_SETNS -DHAVE_HANDLE_AT -DHAVE_LIBBPF  -DLIBBPF_VERSION=\"1.3.0\" -DLIBBPF_DYNAMIC -DHAVE_LIBBPF_SECTION_NAME  -DHAVE_ELF  -DHAVE_LIBMNL  -DHAVE_LIBCAP  -DHAVE_SETNS -DHAVE_HANDLE_AT -DHAVE_LIBBPF  -DLIBBPF_VERSION=\"1.3.0\" -DLIBBPF_DYNAMIC -DHAVE_LIBBPF_SECTION_NAME  -DHAVE_ELF  -DHAVE_LIBMNL  -DHAVE_LIBCAP  -DCONFIG_GACT -DCONFIG_GACT_PROB -DYY_NO_INPUT   -c -o tc_stab.o tc_stab.c
#21 13.46 gcc -Wall -Wstrict-prototypes  -Wmissing-prototypes -Wmissing-declarations -Wold-style-definition -Wformat=2 -O2 -pipe -I../include -I../include/uapi -DRESOLVE_HOSTNAMES -DLIBDIR=\"/usr/lib/x86_64-linux-gnu\" -DCONF_USR_DIR=\"/usr/share/iproute2\" -DCONF_ETC_DIR=\"/etc/iproute2\" -DNETNS_RUN_DIR=\"/var/run/netns\" -DNETNS_ETC_DIR=\"/etc/netns\" -DARPDDIR=\"/var/lib/arpd\" -DCONF_COLOR=COLOR_OPT_NEVER -D_GNU_SOURCE -D_FILE_OFFSET_BITS=64 -D_LARGEFILE_SOURCE -D_LARGEFILE64_SOURCE -DHAVE_SETNS -DHAVE_HANDLE_AT -DHAVE_LIBBPF  -DLIBBPF_VERSION=\"1.3.0\" -DLIBBPF_DYNAMIC -DHAVE_LIBBPF_SECTION_NAME  -DHAVE_ELF  -DHAVE_LIBMNL  -DHAVE_LIBCAP  -DHAVE_SETNS -DHAVE_HANDLE_AT -DHAVE_LIBBPF  -DLIBBPF_VERSION=\"1.3.0\" -DLIBBPF_DYNAMIC -DHAVE_LIBBPF_SECTION_NAME  -DHAVE_ELF  -DHAVE_LIBMNL  -DHAVE_LIBCAP  -DCONFIG_GACT -DCONFIG_GACT_PROB -DYY_NO_INPUT   -c -o tc_qevent.o tc_qevent.c
#21 13.51 ar rcs libtc.a tc_core.o tc_red.o tc_estimator.o tc_stab.o tc_qevent.o
#21 13.51 gcc tc.o tc_qdisc.o tc_class.o tc_filter.o tc_util.o tc_monitor.o tc_exec.o m_police.o m_estimator.o m_action.o m_ematch.o emp_ematch.tab.o emp_ematch.lex.o q_fifo.o q_dualpi2.o q_sfq.o q_red.o q_prio.o q_skbprio.o q_tbf.o q_multiq.o q_netem.o q_choke.o q_sfb.o f_u32.o f_route.o f_fw.o f_basic.o f_bpf.o f_flow.o f_cgroup.o f_flower.o q_gred.o q_ingress.o q_hfsc.o q_htb.o q_drr.o q_qfq.o m_gact.o m_mirred.o m_mpls.o m_nat.o m_pedit.o m_ife.o m_skbedit.o m_skbmod.o m_csum.o m_simple.o m_vlan.o m_connmark.o m_ctinfo.o m_bpf.o m_tunnel_key.o m_sample.o m_ct.o m_gate.o p_ip.o p_ip6.o p_icmp.o p_eth.o p_tcp.o p_udp.o em_nbyte.o em_cmp.o em_u32.o em_canid.o em_meta.o q_mqprio.o q_codel.o q_fq_codel.o q_fq.o q_pie.o q_fq_pie.o q_cake.o q_hhf.o q_clsact.o e_bpf.o f_matchall.o q_cbs.o q_etf.o q_taprio.o q_plug.o q_ets.o ../lib/libutil.a ../lib/libnetlink.a libtc.a -Wl,-export-dynamic -lbpf -lelf  -lmnl  -L/usr/lib64 -lcap  ../lib/libutil.a ../lib/libnetlink.a -lbpf -lelf  -lmnl  -L/usr/lib64 -lcap  -L. -lm -ldl -o tc
#21 13.54 rm emp_ematch.lex.c
#21 13.54 make[1]: Leaving directory '/nipa-data/iproute2/tc'
#21 13.54 
#21 13.54 bridge
#21 13.54 make[1]: Entering directory '/nipa-data/iproute2/bridge'
#21 13.54 gcc -Wall -Wstrict-prototypes  -Wmissing-prototypes -Wmissing-declarations -Wold-style-definition -Wformat=2 -O2 -pipe -I../include -I../include/uapi -DRESOLVE_HOSTNAMES -DLIBDIR=\"/usr/lib/x86_64-linux-gnu\" -DCONF_USR_DIR=\"/usr/share/iproute2\" -DCONF_ETC_DIR=\"/etc/iproute2\" -DNETNS_RUN_DIR=\"/var/run/netns\" -DNETNS_ETC_DIR=\"/etc/netns\" -DARPDDIR=\"/var/lib/arpd\" -DCONF_COLOR=COLOR_OPT_NEVER -D_GNU_SOURCE -D_FILE_OFFSET_BITS=64 -D_LARGEFILE_SOURCE -D_LARGEFILE64_SOURCE -DHAVE_SETNS -DHAVE_HANDLE_AT -DHAVE_LIBBPF  -DLIBBPF_VERSION=\"1.3.0\" -DLIBBPF_DYNAMIC -DHAVE_LIBBPF_SECTION_NAME  -DHAVE_ELF  -DHAVE_LIBMNL  -DHAVE_LIBCAP  -DHAVE_SETNS -DHAVE_HANDLE_AT -DHAVE_LIBBPF  -DLIBBPF_VERSION=\"1.3.0\" -DLIBBPF_DYNAMIC -DHAVE_LIBBPF_SECTION_NAME  -DHAVE_ELF  -DHAVE_LIBMNL  -DHAVE_LIBCAP    -c -o bridge.o bridge.c
#21 13.59 gcc -Wall -Wstrict-prototypes  -Wmissing-prototypes -Wmissing-declarations -Wold-style-definition -Wformat=2 -O2 -pipe -I../include -I../include/uapi -DRESOLVE_HOSTNAMES -DLIBDIR=\"/usr/lib/x86_64-linux-gnu\" -DCONF_USR_DIR=\"/usr/share/iproute2\" -DCONF_ETC_DIR=\"/etc/iproute2\" -DNETNS_RUN_DIR=\"/var/run/netns\" -DNETNS_ETC_DIR=\"/etc/netns\" -DARPDDIR=\"/var/lib/arpd\" -DCONF_COLOR=COLOR_OPT_NEVER -D_GNU_SOURCE -D_FILE_OFFSET_BITS=64 -D_LARGEFILE_SOURCE -D_LARGEFILE64_SOURCE -DHAVE_SETNS -DHAVE_HANDLE_AT -DHAVE_LIBBPF  -DLIBBPF_VERSION=\"1.3.0\" -DLIBBPF_DYNAMIC -DHAVE_LIBBPF_SECTION_NAME  -DHAVE_ELF  -DHAVE_LIBMNL  -DHAVE_LIBCAP  -DHAVE_SETNS -DHAVE_HANDLE_AT -DHAVE_LIBBPF  -DLIBBPF_VERSION=\"1.3.0\" -DLIBBPF_DYNAMIC -DHAVE_LIBBPF_SECTION_NAME  -DHAVE_ELF  -DHAVE_LIBMNL  -DHAVE_LIBCAP    -c -o fdb.o fdb.c
#21 13.71 gcc -Wall -Wstrict-prototypes  -Wmissing-prototypes -Wmissing-declarations -Wold-style-definition -Wformat=2 -O2 -pipe -I../include -I../include/uapi -DRESOLVE_HOSTNAMES -DLIBDIR=\"/usr/lib/x86_64-linux-gnu\" -DCONF_USR_DIR=\"/usr/share/iproute2\" -DCONF_ETC_DIR=\"/etc/iproute2\" -DNETNS_RUN_DIR=\"/var/run/netns\" -DNETNS_ETC_DIR=\"/etc/netns\" -DARPDDIR=\"/var/lib/arpd\" -DCONF_COLOR=COLOR_OPT_NEVER -D_GNU_SOURCE -D_FILE_OFFSET_BITS=64 -D_LARGEFILE_SOURCE -D_LARGEFILE64_SOURCE -DHAVE_SETNS -DHAVE_HANDLE_AT -DHAVE_LIBBPF  -DLIBBPF_VERSION=\"1.3.0\" -DLIBBPF_DYNAMIC -DHAVE_LIBBPF_SECTION_NAME  -DHAVE_ELF  -DHAVE_LIBMNL  -DHAVE_LIBCAP  -DHAVE_SETNS -DHAVE_HANDLE_AT -DHAVE_LIBBPF  -DLIBBPF_VERSION=\"1.3.0\" -DLIBBPF_DYNAMIC -DHAVE_LIBBPF_SECTION_NAME  -DHAVE_ELF  -DHAVE_LIBMNL  -DHAVE_LIBCAP    -c -o monitor.o monitor.c
#21 13.75 gcc -Wall -Wstrict-prototypes  -Wmissing-prototypes -Wmissing-declarations -Wold-style-definition -Wformat=2 -O2 -pipe -I../include -I../include/uapi -DRESOLVE_HOSTNAMES -DLIBDIR=\"/usr/lib/x86_64-linux-gnu\" -DCONF_USR_DIR=\"/usr/share/iproute2\" -DCONF_ETC_DIR=\"/etc/iproute2\" -DNETNS_RUN_DIR=\"/var/run/netns\" -DNETNS_ETC_DIR=\"/etc/netns\" -DARPDDIR=\"/var/lib/arpd\" -DCONF_COLOR=COLOR_OPT_NEVER -D_GNU_SOURCE -D_FILE_OFFSET_BITS=64 -D_LARGEFILE_SOURCE -D_LARGEFILE64_SOURCE -DHAVE_SETNS -DHAVE_HANDLE_AT -DHAVE_LIBBPF  -DLIBBPF_VERSION=\"1.3.0\" -DLIBBPF_DYNAMIC -DHAVE_LIBBPF_SECTION_NAME  -DHAVE_ELF  -DHAVE_LIBMNL  -DHAVE_LIBCAP  -DHAVE_SETNS -DHAVE_HANDLE_AT -DHAVE_LIBBPF  -DLIBBPF_VERSION=\"1.3.0\" -DLIBBPF_DYNAMIC -DHAVE_LIBBPF_SECTION_NAME  -DHAVE_ELF  -DHAVE_LIBMNL  -DHAVE_LIBCAP    -c -o link.o link.c
#21 13.85 gcc -Wall -Wstrict-prototypes  -Wmissing-prototypes -Wmissing-declarations -Wold-style-definition -Wformat=2 -O2 -pipe -I../include -I../include/uapi -DRESOLVE_HOSTNAMES -DLIBDIR=\"/usr/lib/x86_64-linux-gnu\" -DCONF_USR_DIR=\"/usr/share/iproute2\" -DCONF_ETC_DIR=\"/etc/iproute2\" -DNETNS_RUN_DIR=\"/var/run/netns\" -DNETNS_ETC_DIR=\"/etc/netns\" -DARPDDIR=\"/var/lib/arpd\" -DCONF_COLOR=COLOR_OPT_NEVER -D_GNU_SOURCE -D_FILE_OFFSET_BITS=64 -D_LARGEFILE_SOURCE -D_LARGEFILE64_SOURCE -DHAVE_SETNS -DHAVE_HANDLE_AT -DHAVE_LIBBPF  -DLIBBPF_VERSION=\"1.3.0\" -DLIBBPF_DYNAMIC -DHAVE_LIBBPF_SECTION_NAME  -DHAVE_ELF  -DHAVE_LIBMNL  -DHAVE_LIBCAP  -DHAVE_SETNS -DHAVE_HANDLE_AT -DHAVE_LIBBPF  -DLIBBPF_VERSION=\"1.3.0\" -DLIBBPF_DYNAMIC -DHAVE_LIBBPF_SECTION_NAME  -DHAVE_ELF  -DHAVE_LIBMNL  -DHAVE_LIBCAP    -c -o mdb.o mdb.c
#21 13.98 gcc -Wall -Wstrict-prototypes  -Wmissing-prototypes -Wmissing-declarations -Wold-style-definition -Wformat=2 -O2 -pipe -I../include -I../include/uapi -DRESOLVE_HOSTNAMES -DLIBDIR=\"/usr/lib/x86_64-linux-gnu\" -DCONF_USR_DIR=\"/usr/share/iproute2\" -DCONF_ETC_DIR=\"/etc/iproute2\" -DNETNS_RUN_DIR=\"/var/run/netns\" -DNETNS_ETC_DIR=\"/etc/netns\" -DARPDDIR=\"/var/lib/arpd\" -DCONF_COLOR=COLOR_OPT_NEVER -D_GNU_SOURCE -D_FILE_OFFSET_BITS=64 -D_LARGEFILE_SOURCE -D_LARGEFILE64_SOURCE -DHAVE_SETNS -DHAVE_HANDLE_AT -DHAVE_LIBBPF  -DLIBBPF_VERSION=\"1.3.0\" -DLIBBPF_DYNAMIC -DHAVE_LIBBPF_SECTION_NAME  -DHAVE_ELF  -DHAVE_LIBMNL  -DHAVE_LIBCAP  -DHAVE_SETNS -DHAVE_HANDLE_AT -DHAVE_LIBBPF  -DLIBBPF_VERSION=\"1.3.0\" -DLIBBPF_DYNAMIC -DHAVE_LIBBPF_SECTION_NAME  -DHAVE_ELF  -DHAVE_LIBMNL  -DHAVE_LIBCAP    -c -o mst.o mst.c
#21 14.03 gcc -Wall -Wstrict-prototypes  -Wmissing-prototypes -Wmissing-declarations -Wold-style-definition -Wformat=2 -O2 -pipe -I../include -I../include/uapi -DRESOLVE_HOSTNAMES -DLIBDIR=\"/usr/lib/x86_64-linux-gnu\" -DCONF_USR_DIR=\"/usr/share/iproute2\" -DCONF_ETC_DIR=\"/etc/iproute2\" -DNETNS_RUN_DIR=\"/var/run/netns\" -DNETNS_ETC_DIR=\"/etc/netns\" -DARPDDIR=\"/var/lib/arpd\" -DCONF_COLOR=COLOR_OPT_NEVER -D_GNU_SOURCE -D_FILE_OFFSET_BITS=64 -D_LARGEFILE_SOURCE -D_LARGEFILE64_SOURCE -DHAVE_SETNS -DHAVE_HANDLE_AT -DHAVE_LIBBPF  -DLIBBPF_VERSION=\"1.3.0\" -DLIBBPF_DYNAMIC -DHAVE_LIBBPF_SECTION_NAME  -DHAVE_ELF  -DHAVE_LIBMNL  -DHAVE_LIBCAP  -DHAVE_SETNS -DHAVE_HANDLE_AT -DHAVE_LIBBPF  -DLIBBPF_VERSION=\"1.3.0\" -DLIBBPF_DYNAMIC -DHAVE_LIBBPF_SECTION_NAME  -DHAVE_ELF  -DHAVE_LIBMNL  -DHAVE_LIBCAP    -c -o vlan.o vlan.c
#21 14.18 gcc -Wall -Wstrict-prototypes  -Wmissing-prototypes -Wmissing-declarations -Wold-style-definition -Wformat=2 -O2 -pipe -I../include -I../include/uapi -DRESOLVE_HOSTNAMES -DLIBDIR=\"/usr/lib/x86_64-linux-gnu\" -DCONF_USR_DIR=\"/usr/share/iproute2\" -DCONF_ETC_DIR=\"/etc/iproute2\" -DNETNS_RUN_DIR=\"/var/run/netns\" -DNETNS_ETC_DIR=\"/etc/netns\" -DARPDDIR=\"/var/lib/arpd\" -DCONF_COLOR=COLOR_OPT_NEVER -D_GNU_SOURCE -D_FILE_OFFSET_BITS=64 -D_LARGEFILE_SOURCE -D_LARGEFILE64_SOURCE -DHAVE_SETNS -DHAVE_HANDLE_AT -DHAVE_LIBBPF  -DLIBBPF_VERSION=\"1.3.0\" -DLIBBPF_DYNAMIC -DHAVE_LIBBPF_SECTION_NAME  -DHAVE_ELF  -DHAVE_LIBMNL  -DHAVE_LIBCAP  -DHAVE_SETNS -DHAVE_HANDLE_AT -DHAVE_LIBBPF  -DLIBBPF_VERSION=\"1.3.0\" -DLIBBPF_DYNAMIC -DHAVE_LIBBPF_SECTION_NAME  -DHAVE_ELF  -DHAVE_LIBMNL  -DHAVE_LIBCAP    -c -o vni.o vni.c
#21 14.24 gcc bridge.o fdb.o monitor.o link.o mdb.o mst.o vlan.o vni.o ../lib/libutil.a ../lib/libnetlink.a  -lbpf -lelf  -lmnl  -L/usr/lib64 -lcap  ../lib/libutil.a ../lib/libnetlink.a -lbpf -lelf  -lmnl  -L/usr/lib64 -lcap  -o bridge
#21 14.26 make[1]: Leaving directory '/nipa-data/iproute2/bridge'
#21 14.26 
#21 14.26 misc
#21 14.26 make[1]: Entering directory '/nipa-data/iproute2/misc'
#21 14.26 gcc -Wall -Wstrict-prototypes  -Wmissing-prototypes -Wmissing-declarations -Wold-style-definition -Wformat=2 -O2 -pipe -I../include -I../include/uapi -DRESOLVE_HOSTNAMES -DLIBDIR=\"/usr/lib/x86_64-linux-gnu\" -DCONF_USR_DIR=\"/usr/share/iproute2\" -DCONF_ETC_DIR=\"/etc/iproute2\" -DNETNS_RUN_DIR=\"/var/run/netns\" -DNETNS_ETC_DIR=\"/etc/netns\" -DARPDDIR=\"/var/lib/arpd\" -DCONF_COLOR=COLOR_OPT_NEVER -D_GNU_SOURCE -D_FILE_OFFSET_BITS=64 -D_LARGEFILE_SOURCE -D_LARGEFILE64_SOURCE -DHAVE_SETNS -DHAVE_HANDLE_AT -DHAVE_LIBBPF  -DLIBBPF_VERSION=\"1.3.0\" -DLIBBPF_DYNAMIC -DHAVE_LIBBPF_SECTION_NAME  -DHAVE_ELF  -DHAVE_LIBMNL  -DHAVE_LIBCAP  -DHAVE_SETNS -DHAVE_HANDLE_AT -DHAVE_LIBBPF  -DLIBBPF_VERSION=\"1.3.0\" -DLIBBPF_DYNAMIC -DHAVE_LIBBPF_SECTION_NAME  -DHAVE_ELF  -DHAVE_LIBMNL  -DHAVE_LIBCAP    -c -o ss.o ss.c
#21 14.85 gcc -Wall -Wstrict-prototypes  -Wmissing-prototypes -Wmissing-declarations -Wold-style-definition -Wformat=2 -O2 -pipe -I../include -I../include/uapi -DRESOLVE_HOSTNAMES -DLIBDIR=\"/usr/lib/x86_64-linux-gnu\" -DCONF_USR_DIR=\"/usr/share/iproute2\" -DCONF_ETC_DIR=\"/etc/iproute2\" -DNETNS_RUN_DIR=\"/var/run/netns\" -DNETNS_ETC_DIR=\"/etc/netns\" -DARPDDIR=\"/var/lib/arpd\" -DCONF_COLOR=COLOR_OPT_NEVER -D_GNU_SOURCE -D_FILE_OFFSET_BITS=64 -D_LARGEFILE_SOURCE -D_LARGEFILE64_SOURCE -DHAVE_SETNS -DHAVE_HANDLE_AT -DHAVE_LIBBPF  -DLIBBPF_VERSION=\"1.3.0\" -DLIBBPF_DYNAMIC -DHAVE_LIBBPF_SECTION_NAME  -DHAVE_ELF  -DHAVE_LIBMNL  -DHAVE_LIBCAP  -DHAVE_SETNS -DHAVE_HANDLE_AT -DHAVE_LIBBPF  -DLIBBPF_VERSION=\"1.3.0\" -DLIBBPF_DYNAMIC -DHAVE_LIBBPF_SECTION_NAME  -DHAVE_ELF  -DHAVE_LIBMNL  -DHAVE_LIBCAP    -c -o ssfilter_check.o ssfilter_check.c
#21 14.87 bison -b ssfilter ssfilter.y
#21 14.89 gcc -Wall -Wstrict-prototypes  -Wmissing-prototypes -Wmissing-declarations -Wold-style-definition -Wformat=2 -O2 -pipe -I../include -I../include/uapi -DRESOLVE_HOSTNAMES -DLIBDIR=\"/usr/lib/x86_64-linux-gnu\" -DCONF_USR_DIR=\"/usr/share/iproute2\" -DCONF_ETC_DIR=\"/etc/iproute2\" -DNETNS_RUN_DIR=\"/var/run/netns\" -DNETNS_ETC_DIR=\"/etc/netns\" -DARPDDIR=\"/var/lib/arpd\" -DCONF_COLOR=COLOR_OPT_NEVER -D_GNU_SOURCE -D_FILE_OFFSET_BITS=64 -D_LARGEFILE_SOURCE -D_LARGEFILE64_SOURCE -DHAVE_SETNS -DHAVE_HANDLE_AT -DHAVE_LIBBPF  -DLIBBPF_VERSION=\"1.3.0\" -DLIBBPF_DYNAMIC -DHAVE_LIBBPF_SECTION_NAME  -DHAVE_ELF  -DHAVE_LIBMNL  -DHAVE_LIBCAP  -DHAVE_SETNS -DHAVE_HANDLE_AT -DHAVE_LIBBPF  -DLIBBPF_VERSION=\"1.3.0\" -DLIBBPF_DYNAMIC -DHAVE_LIBBPF_SECTION_NAME  -DHAVE_ELF  -DHAVE_LIBMNL  -DHAVE_LIBCAP    -c -o ssfilter.tab.o ssfilter.tab.c
#21 14.97 gcc ss.o ssfilter_check.o ssfilter.tab.o  -lbpf -lelf  -lmnl  -L/usr/lib64 -lcap  ../lib/libutil.a ../lib/libnetlink.a -lbpf -lelf  -lmnl  -L/usr/lib64 -lcap  -o ss
#21 14.98 gcc -Wall -Wstrict-prototypes  -Wmissing-prototypes -Wmissing-declarations -Wold-style-definition -Wformat=2 -O2 -pipe -I../include -I../include/uapi -DRESOLVE_HOSTNAMES -DLIBDIR=\"/usr/lib/x86_64-linux-gnu\" -DCONF_USR_DIR=\"/usr/share/iproute2\" -DCONF_ETC_DIR=\"/etc/iproute2\" -DNETNS_RUN_DIR=\"/var/run/netns\" -DNETNS_ETC_DIR=\"/etc/netns\" -DARPDDIR=\"/var/lib/arpd\" -DCONF_COLOR=COLOR_OPT_NEVER -D_GNU_SOURCE -D_FILE_OFFSET_BITS=64 -D_LARGEFILE_SOURCE -D_LARGEFILE64_SOURCE -DHAVE_SETNS -DHAVE_HANDLE_AT -DHAVE_LIBBPF  -DLIBBPF_VERSION=\"1.3.0\" -DLIBBPF_DYNAMIC -DHAVE_LIBBPF_SECTION_NAME  -DHAVE_ELF  -DHAVE_LIBMNL  -DHAVE_LIBCAP  -DHAVE_SETNS -DHAVE_HANDLE_AT -DHAVE_LIBBPF  -DLIBBPF_VERSION=\"1.3.0\" -DLIBBPF_DYNAMIC -DHAVE_LIBBPF_SECTION_NAME  -DHAVE_ELF  -DHAVE_LIBMNL  -DHAVE_LIBCAP    -o nstat nstat.c -lbpf -lelf  -lmnl  -L/usr/lib64 -lcap  ../lib/libutil.a ../lib/libnetlink.a -lbpf -lelf  -lmnl  -L/usr/lib64 -lcap  -lm
#21 15.10 gcc -Wall -Wstrict-prototypes  -Wmissing-prototypes -Wmissing-declarations -Wold-style-definition -Wformat=2 -O2 -pipe -I../include -I../include/uapi -DRESOLVE_HOSTNAMES -DLIBDIR=\"/usr/lib/x86_64-linux-gnu\" -DCONF_USR_DIR=\"/usr/share/iproute2\" -DCONF_ETC_DIR=\"/etc/iproute2\" -DNETNS_RUN_DIR=\"/var/run/netns\" -DNETNS_ETC_DIR=\"/etc/netns\" -DARPDDIR=\"/var/lib/arpd\" -DCONF_COLOR=COLOR_OPT_NEVER -D_GNU_SOURCE -D_FILE_OFFSET_BITS=64 -D_LARGEFILE_SOURCE -D_LARGEFILE64_SOURCE -DHAVE_SETNS -DHAVE_HANDLE_AT -DHAVE_LIBBPF  -DLIBBPF_VERSION=\"1.3.0\" -DLIBBPF_DYNAMIC -DHAVE_LIBBPF_SECTION_NAME  -DHAVE_ELF  -DHAVE_LIBMNL  -DHAVE_LIBCAP  -DHAVE_SETNS -DHAVE_HANDLE_AT -DHAVE_LIBBPF  -DLIBBPF_VERSION=\"1.3.0\" -DLIBBPF_DYNAMIC -DHAVE_LIBBPF_SECTION_NAME  -DHAVE_ELF  -DHAVE_LIBMNL  -DHAVE_LIBCAP    -o ifstat ifstat.c -lbpf -lelf  -lmnl  -L/usr/lib64 -lcap  ../lib/libutil.a ../lib/libnetlink.a -lbpf -lelf  -lmnl  -L/usr/lib64 -lcap  -lm
#21 15.25 gcc -Wall -Wstrict-prototypes  -Wmissing-prototypes -Wmissing-declarations -Wold-style-definition -Wformat=2 -O2 -pipe -I../include -I../include/uapi -DRESOLVE_HOSTNAMES -DLIBDIR=\"/usr/lib/x86_64-linux-gnu\" -DCONF_USR_DIR=\"/usr/share/iproute2\" -DCONF_ETC_DIR=\"/etc/iproute2\" -DNETNS_RUN_DIR=\"/var/run/netns\" -DNETNS_ETC_DIR=\"/etc/netns\" -DARPDDIR=\"/var/lib/arpd\" -DCONF_COLOR=COLOR_OPT_NEVER -D_GNU_SOURCE -D_FILE_OFFSET_BITS=64 -D_LARGEFILE_SOURCE -D_LARGEFILE64_SOURCE -DHAVE_SETNS -DHAVE_HANDLE_AT -DHAVE_LIBBPF  -DLIBBPF_VERSION=\"1.3.0\" -DLIBBPF_DYNAMIC -DHAVE_LIBBPF_SECTION_NAME  -DHAVE_ELF  -DHAVE_LIBMNL  -DHAVE_LIBCAP  -DHAVE_SETNS -DHAVE_HANDLE_AT -DHAVE_LIBBPF  -DLIBBPF_VERSION=\"1.3.0\" -DLIBBPF_DYNAMIC -DHAVE_LIBBPF_SECTION_NAME  -DHAVE_ELF  -DHAVE_LIBMNL  -DHAVE_LIBCAP    -o rtacct rtacct.c -lbpf -lelf  -lmnl  -L/usr/lib64 -lcap  ../lib/libutil.a ../lib/libnetlink.a -lbpf -lelf  -lmnl  -L/usr/lib64 -lcap  -lm
#21 15.37 gcc -Wall -Wstrict-prototypes  -Wmissing-prototypes -Wmissing-declarations -Wold-style-definition -Wformat=2 -O2 -pipe -I../include -I../include/uapi -DRESOLVE_HOSTNAMES -DLIBDIR=\"/usr/lib/x86_64-linux-gnu\" -DCONF_USR_DIR=\"/usr/share/iproute2\" -DCONF_ETC_DIR=\"/etc/iproute2\" -DNETNS_RUN_DIR=\"/var/run/netns\" -DNETNS_ETC_DIR=\"/etc/netns\" -DARPDDIR=\"/var/lib/arpd\" -DCONF_COLOR=COLOR_OPT_NEVER -D_GNU_SOURCE -D_FILE_OFFSET_BITS=64 -D_LARGEFILE_SOURCE -D_LARGEFILE64_SOURCE -DHAVE_SETNS -DHAVE_HANDLE_AT -DHAVE_LIBBPF  -DLIBBPF_VERSION=\"1.3.0\" -DLIBBPF_DYNAMIC -DHAVE_LIBBPF_SECTION_NAME  -DHAVE_ELF  -DHAVE_LIBMNL  -DHAVE_LIBCAP  -DHAVE_SETNS -DHAVE_HANDLE_AT -DHAVE_LIBBPF  -DLIBBPF_VERSION=\"1.3.0\" -DLIBBPF_DYNAMIC -DHAVE_LIBBPF_SECTION_NAME  -DHAVE_ELF  -DHAVE_LIBMNL  -DHAVE_LIBCAP    -c -o lnstat.o lnstat.c
#21 15.42 gcc -Wall -Wstrict-prototypes  -Wmissing-prototypes -Wmissing-declarations -Wold-style-definition -Wformat=2 -O2 -pipe -I../include -I../include/uapi -DRESOLVE_HOSTNAMES -DLIBDIR=\"/usr/lib/x86_64-linux-gnu\" -DCONF_USR_DIR=\"/usr/share/iproute2\" -DCONF_ETC_DIR=\"/etc/iproute2\" -DNETNS_RUN_DIR=\"/var/run/netns\" -DNETNS_ETC_DIR=\"/etc/netns\" -DARPDDIR=\"/var/lib/arpd\" -DCONF_COLOR=COLOR_OPT_NEVER -D_GNU_SOURCE -D_FILE_OFFSET_BITS=64 -D_LARGEFILE_SOURCE -D_LARGEFILE64_SOURCE -DHAVE_SETNS -DHAVE_HANDLE_AT -DHAVE_LIBBPF  -DLIBBPF_VERSION=\"1.3.0\" -DLIBBPF_DYNAMIC -DHAVE_LIBBPF_SECTION_NAME  -DHAVE_ELF  -DHAVE_LIBMNL  -DHAVE_LIBCAP  -DHAVE_SETNS -DHAVE_HANDLE_AT -DHAVE_LIBBPF  -DLIBBPF_VERSION=\"1.3.0\" -DLIBBPF_DYNAMIC -DHAVE_LIBBPF_SECTION_NAME  -DHAVE_ELF  -DHAVE_LIBMNL  -DHAVE_LIBCAP    -c -o lnstat_util.o lnstat_util.c
#21 15.47 gcc lnstat.o lnstat_util.o  -lbpf -lelf  -lmnl  -L/usr/lib64 -lcap  ../lib/libutil.a ../lib/libnetlink.a -lbpf -lelf  -lmnl  -L/usr/lib64 -lcap  -o lnstat
#21 15.48 make[1]: Leaving directory '/nipa-data/iproute2/misc'
#21 15.48 
#21 15.48 netem
#21 15.48 make[1]: Entering directory '/nipa-data/iproute2/netem'
#21 15.48 gcc  -I../include -o maketable maketable.c -lm
#21 15.52 gcc  -I../include -o normal normal.c -lm
#21 15.55 gcc  -I../include -o pareto pareto.c -lm
#21 15.58 gcc  -I../include -o paretonormal paretonormal.c -lm
#21 15.61 ./normal > normal.dist
#21 15.62 ./pareto > pareto.dist
#21 15.62 ./paretonormal > paretonormal.dist
#21 15.63 ./maketable experimental.dat > experimental.dist
#21 15.64 make[1]: Leaving directory '/nipa-data/iproute2/netem'
#21 15.64 
#21 15.64 genl
#21 15.64 make[1]: Entering directory '/nipa-data/iproute2/genl'
#21 15.64 gcc -Wall -Wstrict-prototypes  -Wmissing-prototypes -Wmissing-declarations -Wold-style-definition -Wformat=2 -O2 -pipe -I../include -I../include/uapi -DRESOLVE_HOSTNAMES -DLIBDIR=\"/usr/lib/x86_64-linux-gnu\" -DCONF_USR_DIR=\"/usr/share/iproute2\" -DCONF_ETC_DIR=\"/etc/iproute2\" -DNETNS_RUN_DIR=\"/var/run/netns\" -DNETNS_ETC_DIR=\"/etc/netns\" -DARPDDIR=\"/var/lib/arpd\" -DCONF_COLOR=COLOR_OPT_NEVER -D_GNU_SOURCE -D_FILE_OFFSET_BITS=64 -D_LARGEFILE_SOURCE -D_LARGEFILE64_SOURCE -DHAVE_SETNS -DHAVE_HANDLE_AT -DHAVE_LIBBPF  -DLIBBPF_VERSION=\"1.3.0\" -DLIBBPF_DYNAMIC -DHAVE_LIBBPF_SECTION_NAME  -DHAVE_ELF  -DHAVE_LIBMNL  -DHAVE_LIBCAP  -DHAVE_SETNS -DHAVE_HANDLE_AT -DHAVE_LIBBPF  -DLIBBPF_VERSION=\"1.3.0\" -DLIBBPF_DYNAMIC -DHAVE_LIBBPF_SECTION_NAME  -DHAVE_ELF  -DHAVE_LIBMNL  -DHAVE_LIBCAP  -fno-strict-aliasing   -c -o genl.o genl.c
#21 15.68 gcc -Wall -Wstrict-prototypes  -Wmissing-prototypes -Wmissing-declarations -Wold-style-definition -Wformat=2 -O2 -pipe -I../include -I../include/uapi -DRESOLVE_HOSTNAMES -DLIBDIR=\"/usr/lib/x86_64-linux-gnu\" -DCONF_USR_DIR=\"/usr/share/iproute2\" -DCONF_ETC_DIR=\"/etc/iproute2\" -DNETNS_RUN_DIR=\"/var/run/netns\" -DNETNS_ETC_DIR=\"/etc/netns\" -DARPDDIR=\"/var/lib/arpd\" -DCONF_COLOR=COLOR_OPT_NEVER -D_GNU_SOURCE -D_FILE_OFFSET_BITS=64 -D_LARGEFILE_SOURCE -D_LARGEFILE64_SOURCE -DHAVE_SETNS -DHAVE_HANDLE_AT -DHAVE_LIBBPF  -DLIBBPF_VERSION=\"1.3.0\" -DLIBBPF_DYNAMIC -DHAVE_LIBBPF_SECTION_NAME  -DHAVE_ELF  -DHAVE_LIBMNL  -DHAVE_LIBCAP  -DHAVE_SETNS -DHAVE_HANDLE_AT -DHAVE_LIBBPF  -DLIBBPF_VERSION=\"1.3.0\" -DLIBBPF_DYNAMIC -DHAVE_LIBBPF_SECTION_NAME  -DHAVE_ELF  -DHAVE_LIBMNL  -DHAVE_LIBCAP  -fno-strict-aliasing   -c -o ctrl.o ctrl.c
#21 15.74 gcc genl.o ctrl.o ../lib/libutil.a ../lib/libnetlink.a -Wl,-export-dynamic -lbpf -lelf  -lmnl  -L/usr/lib64 -lcap  ../lib/libutil.a ../lib/libnetlink.a -lbpf -lelf  -lmnl  -L/usr/lib64 -lcap  -lm -ldl -o genl
#21 15.76 make[1]: Leaving directory '/nipa-data/iproute2/genl'
#21 15.76 
#21 15.76 man
#21 15.76 make[1]: Entering directory '/nipa-data/iproute2/man'
#21 15.76 make[2]: Entering directory '/nipa-data/iproute2/man/man3'
#21 15.76 make[2]: Nothing to be done for 'all'.
#21 15.76 make[2]: Leaving directory '/nipa-data/iproute2/man/man3'
#21 15.76 make[2]: Entering directory '/nipa-data/iproute2/man/man7'
#21 15.76 make[2]: Nothing to be done for 'all'.
#21 15.76 make[2]: Leaving directory '/nipa-data/iproute2/man/man7'
#21 15.76 make[2]: Entering directory '/nipa-data/iproute2/man/man8'
#21 15.76 sed \
#21 15.76 	-e "s|@NETNS_ETC_DIR@|/etc/netns|g" \
#21 15.76 	-e "s|@NETNS_RUN_DIR@|/var/run/netns|g" \
#21 15.76 	-e "s|@SYSCONF_ETC_DIR@|/etc/iproute2|g" \
#21 15.76 	-e "s|@SYSCONF_USR_DIR@|/usr/share/iproute2|g" \
#21 15.76 	ip-address.8.in > ip-address.8
#21 15.76 sed \
#21 15.76 	-e "s|@NETNS_ETC_DIR@|/etc/netns|g" \
#21 15.76 	-e "s|@NETNS_RUN_DIR@|/var/run/netns|g" \
#21 15.76 	-e "s|@SYSCONF_ETC_DIR@|/etc/iproute2|g" \
#21 15.76 	-e "s|@SYSCONF_USR_DIR@|/usr/share/iproute2|g" \
#21 15.76 	ip-link.8.in > ip-link.8
#21 15.77 sed \
#21 15.77 	-e "s|@NETNS_ETC_DIR@|/etc/netns|g" \
#21 15.77 	-e "s|@NETNS_RUN_DIR@|/var/run/netns|g" \
#21 15.77 	-e "s|@SYSCONF_ETC_DIR@|/etc/iproute2|g" \
#21 15.77 	-e "s|@SYSCONF_USR_DIR@|/usr/share/iproute2|g" \
#21 15.77 	ip-netns.8.in > ip-netns.8
#21 15.77 sed \
#21 15.77 	-e "s|@NETNS_ETC_DIR@|/etc/netns|g" \
#21 15.77 	-e "s|@NETNS_RUN_DIR@|/var/run/netns|g" \
#21 15.77 	-e "s|@SYSCONF_ETC_DIR@|/etc/iproute2|g" \
#21 15.77 	-e "s|@SYSCONF_USR_DIR@|/usr/share/iproute2|g" \
#21 15.77 	ip-route.8.in > ip-route.8
#21 15.77 sed \
#21 15.77 	-e "s|@NETNS_ETC_DIR@|/etc/netns|g" \
#21 15.77 	-e "s|@NETNS_RUN_DIR@|/var/run/netns|g" \
#21 15.77 	-e "s|@SYSCONF_ETC_DIR@|/etc/iproute2|g" \
#21 15.77 	-e "s|@SYSCONF_USR_DIR@|/usr/share/iproute2|g" \
#21 15.77 	ip-rule.8.in > ip-rule.8
#21 15.77 make[2]: Leaving directory '/nipa-data/iproute2/man/man8'
#21 15.77 make[1]: Leaving directory '/nipa-data/iproute2/man'
#21 15.77 
#21 15.77 tipc
#21 15.77 make[1]: Entering directory '/nipa-data/iproute2/tipc'
#21 15.77 gcc -Wall -Wstrict-prototypes  -Wmissing-prototypes -Wmissing-declarations -Wold-style-definition -Wformat=2 -O2 -pipe -I../include -I../include/uapi -DRESOLVE_HOSTNAMES -DLIBDIR=\"/usr/lib/x86_64-linux-gnu\" -DCONF_USR_DIR=\"/usr/share/iproute2\" -DCONF_ETC_DIR=\"/etc/iproute2\" -DNETNS_RUN_DIR=\"/var/run/netns\" -DNETNS_ETC_DIR=\"/etc/netns\" -DARPDDIR=\"/var/lib/arpd\" -DCONF_COLOR=COLOR_OPT_NEVER -D_GNU_SOURCE -D_FILE_OFFSET_BITS=64 -D_LARGEFILE_SOURCE -D_LARGEFILE64_SOURCE -DHAVE_SETNS -DHAVE_HANDLE_AT -DHAVE_LIBBPF  -DLIBBPF_VERSION=\"1.3.0\" -DLIBBPF_DYNAMIC -DHAVE_LIBBPF_SECTION_NAME  -DHAVE_ELF  -DHAVE_LIBMNL  -DHAVE_LIBCAP  -DHAVE_SETNS -DHAVE_HANDLE_AT -DHAVE_LIBBPF  -DLIBBPF_VERSION=\"1.3.0\" -DLIBBPF_DYNAMIC -DHAVE_LIBBPF_SECTION_NAME  -DHAVE_ELF  -DHAVE_LIBMNL  -DHAVE_LIBCAP    -c -o bearer.o bearer.c
#21 15.89 gcc -Wall -Wstrict-prototypes  -Wmissing-prototypes -Wmissing-declarations -Wold-style-definition -Wformat=2 -O2 -pipe -I../include -I../include/uapi -DRESOLVE_HOSTNAMES -DLIBDIR=\"/usr/lib/x86_64-linux-gnu\" -DCONF_USR_DIR=\"/usr/share/iproute2\" -DCONF_ETC_DIR=\"/etc/iproute2\" -DNETNS_RUN_DIR=\"/var/run/netns\" -DNETNS_ETC_DIR=\"/etc/netns\" -DARPDDIR=\"/var/lib/arpd\" -DCONF_COLOR=COLOR_OPT_NEVER -D_GNU_SOURCE -D_FILE_OFFSET_BITS=64 -D_LARGEFILE_SOURCE -D_LARGEFILE64_SOURCE -DHAVE_SETNS -DHAVE_HANDLE_AT -DHAVE_LIBBPF  -DLIBBPF_VERSION=\"1.3.0\" -DLIBBPF_DYNAMIC -DHAVE_LIBBPF_SECTION_NAME  -DHAVE_ELF  -DHAVE_LIBMNL  -DHAVE_LIBCAP  -DHAVE_SETNS -DHAVE_HANDLE_AT -DHAVE_LIBBPF  -DLIBBPF_VERSION=\"1.3.0\" -DLIBBPF_DYNAMIC -DHAVE_LIBBPF_SECTION_NAME  -DHAVE_ELF  -DHAVE_LIBMNL  -DHAVE_LIBCAP    -c -o cmdl.o cmdl.c
#21 15.92 gcc -Wall -Wstrict-prototypes  -Wmissing-prototypes -Wmissing-declarations -Wold-style-definition -Wformat=2 -O2 -pipe -I../include -I../include/uapi -DRESOLVE_HOSTNAMES -DLIBDIR=\"/usr/lib/x86_64-linux-gnu\" -DCONF_USR_DIR=\"/usr/share/iproute2\" -DCONF_ETC_DIR=\"/etc/iproute2\" -DNETNS_RUN_DIR=\"/var/run/netns\" -DNETNS_ETC_DIR=\"/etc/netns\" -DARPDDIR=\"/var/lib/arpd\" -DCONF_COLOR=COLOR_OPT_NEVER -D_GNU_SOURCE -D_FILE_OFFSET_BITS=64 -D_LARGEFILE_SOURCE -D_LARGEFILE64_SOURCE -DHAVE_SETNS -DHAVE_HANDLE_AT -DHAVE_LIBBPF  -DLIBBPF_VERSION=\"1.3.0\" -DLIBBPF_DYNAMIC -DHAVE_LIBBPF_SECTION_NAME  -DHAVE_ELF  -DHAVE_LIBMNL  -DHAVE_LIBCAP  -DHAVE_SETNS -DHAVE_HANDLE_AT -DHAVE_LIBBPF  -DLIBBPF_VERSION=\"1.3.0\" -DLIBBPF_DYNAMIC -DHAVE_LIBBPF_SECTION_NAME  -DHAVE_ELF  -DHAVE_LIBMNL  -DHAVE_LIBCAP    -c -o link.o link.c
#21 16.05 gcc -Wall -Wstrict-prototypes  -Wmissing-prototypes -Wmissing-declarations -Wold-style-definition -Wformat=2 -O2 -pipe -I../include -I../include/uapi -DRESOLVE_HOSTNAMES -DLIBDIR=\"/usr/lib/x86_64-linux-gnu\" -DCONF_USR_DIR=\"/usr/share/iproute2\" -DCONF_ETC_DIR=\"/etc/iproute2\" -DNETNS_RUN_DIR=\"/var/run/netns\" -DNETNS_ETC_DIR=\"/etc/netns\" -DARPDDIR=\"/var/lib/arpd\" -DCONF_COLOR=COLOR_OPT_NEVER -D_GNU_SOURCE -D_FILE_OFFSET_BITS=64 -D_LARGEFILE_SOURCE -D_LARGEFILE64_SOURCE -DHAVE_SETNS -DHAVE_HANDLE_AT -DHAVE_LIBBPF  -DLIBBPF_VERSION=\"1.3.0\" -DLIBBPF_DYNAMIC -DHAVE_LIBBPF_SECTION_NAME  -DHAVE_ELF  -DHAVE_LIBMNL  -DHAVE_LIBCAP  -DHAVE_SETNS -DHAVE_HANDLE_AT -DHAVE_LIBBPF  -DLIBBPF_VERSION=\"1.3.0\" -DLIBBPF_DYNAMIC -DHAVE_LIBBPF_SECTION_NAME  -DHAVE_ELF  -DHAVE_LIBMNL  -DHAVE_LIBCAP    -c -o media.o media.c
#21 16.09 gcc -Wall -Wstrict-prototypes  -Wmissing-prototypes -Wmissing-declarations -Wold-style-definition -Wformat=2 -O2 -pipe -I../include -I../include/uapi -DRESOLVE_HOSTNAMES -DLIBDIR=\"/usr/lib/x86_64-linux-gnu\" -DCONF_USR_DIR=\"/usr/share/iproute2\" -DCONF_ETC_DIR=\"/etc/iproute2\" -DNETNS_RUN_DIR=\"/var/run/netns\" -DNETNS_ETC_DIR=\"/etc/netns\" -DARPDDIR=\"/var/lib/arpd\" -DCONF_COLOR=COLOR_OPT_NEVER -D_GNU_SOURCE -D_FILE_OFFSET_BITS=64 -D_LARGEFILE_SOURCE -D_LARGEFILE64_SOURCE -DHAVE_SETNS -DHAVE_HANDLE_AT -DHAVE_LIBBPF  -DLIBBPF_VERSION=\"1.3.0\" -DLIBBPF_DYNAMIC -DHAVE_LIBBPF_SECTION_NAME  -DHAVE_ELF  -DHAVE_LIBMNL  -DHAVE_LIBCAP  -DHAVE_SETNS -DHAVE_HANDLE_AT -DHAVE_LIBBPF  -DLIBBPF_VERSION=\"1.3.0\" -DLIBBPF_DYNAMIC -DHAVE_LIBBPF_SECTION_NAME  -DHAVE_ELF  -DHAVE_LIBMNL  -DHAVE_LIBCAP    -c -o misc.o misc.c
#21 16.13 gcc -Wall -Wstrict-prototypes  -Wmissing-prototypes -Wmissing-declarations -Wold-style-definition -Wformat=2 -O2 -pipe -I../include -I../include/uapi -DRESOLVE_HOSTNAMES -DLIBDIR=\"/usr/lib/x86_64-linux-gnu\" -DCONF_USR_DIR=\"/usr/share/iproute2\" -DCONF_ETC_DIR=\"/etc/iproute2\" -DNETNS_RUN_DIR=\"/var/run/netns\" -DNETNS_ETC_DIR=\"/etc/netns\" -DARPDDIR=\"/var/lib/arpd\" -DCONF_COLOR=COLOR_OPT_NEVER -D_GNU_SOURCE -D_FILE_OFFSET_BITS=64 -D_LARGEFILE_SOURCE -D_LARGEFILE64_SOURCE -DHAVE_SETNS -DHAVE_HANDLE_AT -DHAVE_LIBBPF  -DLIBBPF_VERSION=\"1.3.0\" -DLIBBPF_DYNAMIC -DHAVE_LIBBPF_SECTION_NAME  -DHAVE_ELF  -DHAVE_LIBMNL  -DHAVE_LIBCAP  -DHAVE_SETNS -DHAVE_HANDLE_AT -DHAVE_LIBBPF  -DLIBBPF_VERSION=\"1.3.0\" -DLIBBPF_DYNAMIC -DHAVE_LIBBPF_SECTION_NAME  -DHAVE_ELF  -DHAVE_LIBMNL  -DHAVE_LIBCAP    -c -o msg.o msg.c
#21 16.14 gcc -Wall -Wstrict-prototypes  -Wmissing-prototypes -Wmissing-declarations -Wold-style-definition -Wformat=2 -O2 -pipe -I../include -I../include/uapi -DRESOLVE_HOSTNAMES -DLIBDIR=\"/usr/lib/x86_64-linux-gnu\" -DCONF_USR_DIR=\"/usr/share/iproute2\" -DCONF_ETC_DIR=\"/etc/iproute2\" -DNETNS_RUN_DIR=\"/var/run/netns\" -DNETNS_ETC_DIR=\"/etc/netns\" -DARPDDIR=\"/var/lib/arpd\" -DCONF_COLOR=COLOR_OPT_NEVER -D_GNU_SOURCE -D_FILE_OFFSET_BITS=64 -D_LARGEFILE_SOURCE -D_LARGEFILE64_SOURCE -DHAVE_SETNS -DHAVE_HANDLE_AT -DHAVE_LIBBPF  -DLIBBPF_VERSION=\"1.3.0\" -DLIBBPF_DYNAMIC -DHAVE_LIBBPF_SECTION_NAME  -DHAVE_ELF  -DHAVE_LIBMNL  -DHAVE_LIBCAP  -DHAVE_SETNS -DHAVE_HANDLE_AT -DHAVE_LIBBPF  -DLIBBPF_VERSION=\"1.3.0\" -DLIBBPF_DYNAMIC -DHAVE_LIBBPF_SECTION_NAME  -DHAVE_ELF  -DHAVE_LIBMNL  -DHAVE_LIBCAP    -c -o nametable.o nametable.c
#21 16.18 gcc -Wall -Wstrict-prototypes  -Wmissing-prototypes -Wmissing-declarations -Wold-style-definition -Wformat=2 -O2 -pipe -I../include -I../include/uapi -DRESOLVE_HOSTNAMES -DLIBDIR=\"/usr/lib/x86_64-linux-gnu\" -DCONF_USR_DIR=\"/usr/share/iproute2\" -DCONF_ETC_DIR=\"/etc/iproute2\" -DNETNS_RUN_DIR=\"/var/run/netns\" -DNETNS_ETC_DIR=\"/etc/netns\" -DARPDDIR=\"/var/lib/arpd\" -DCONF_COLOR=COLOR_OPT_NEVER -D_GNU_SOURCE -D_FILE_OFFSET_BITS=64 -D_LARGEFILE_SOURCE -D_LARGEFILE64_SOURCE -DHAVE_SETNS -DHAVE_HANDLE_AT -DHAVE_LIBBPF  -DLIBBPF_VERSION=\"1.3.0\" -DLIBBPF_DYNAMIC -DHAVE_LIBBPF_SECTION_NAME  -DHAVE_ELF  -DHAVE_LIBMNL  -DHAVE_LIBCAP  -DHAVE_SETNS -DHAVE_HANDLE_AT -DHAVE_LIBBPF  -DLIBBPF_VERSION=\"1.3.0\" -DLIBBPF_DYNAMIC -DHAVE_LIBBPF_SECTION_NAME  -DHAVE_ELF  -DHAVE_LIBMNL  -DHAVE_LIBCAP    -c -o node.o node.c
#21 16.24 gcc -Wall -Wstrict-prototypes  -Wmissing-prototypes -Wmissing-declarations -Wold-style-definition -Wformat=2 -O2 -pipe -I../include -I../include/uapi -DRESOLVE_HOSTNAMES -DLIBDIR=\"/usr/lib/x86_64-linux-gnu\" -DCONF_USR_DIR=\"/usr/share/iproute2\" -DCONF_ETC_DIR=\"/etc/iproute2\" -DNETNS_RUN_DIR=\"/var/run/netns\" -DNETNS_ETC_DIR=\"/etc/netns\" -DARPDDIR=\"/var/lib/arpd\" -DCONF_COLOR=COLOR_OPT_NEVER -D_GNU_SOURCE -D_FILE_OFFSET_BITS=64 -D_LARGEFILE_SOURCE -D_LARGEFILE64_SOURCE -DHAVE_SETNS -DHAVE_HANDLE_AT -DHAVE_LIBBPF  -DLIBBPF_VERSION=\"1.3.0\" -DLIBBPF_DYNAMIC -DHAVE_LIBBPF_SECTION_NAME  -DHAVE_ELF  -DHAVE_LIBMNL  -DHAVE_LIBCAP  -DHAVE_SETNS -DHAVE_HANDLE_AT -DHAVE_LIBBPF  -DLIBBPF_VERSION=\"1.3.0\" -DLIBBPF_DYNAMIC -DHAVE_LIBBPF_SECTION_NAME  -DHAVE_ELF  -DHAVE_LIBMNL  -DHAVE_LIBCAP    -c -o socket.o socket.c
#21 16.26 gcc -Wall -Wstrict-prototypes  -Wmissing-prototypes -Wmissing-declarations -Wold-style-definition -Wformat=2 -O2 -pipe -I../include -I../include/uapi -DRESOLVE_HOSTNAMES -DLIBDIR=\"/usr/lib/x86_64-linux-gnu\" -DCONF_USR_DIR=\"/usr/share/iproute2\" -DCONF_ETC_DIR=\"/etc/iproute2\" -DNETNS_RUN_DIR=\"/var/run/netns\" -DNETNS_ETC_DIR=\"/etc/netns\" -DARPDDIR=\"/var/lib/arpd\" -DCONF_COLOR=COLOR_OPT_NEVER -D_GNU_SOURCE -D_FILE_OFFSET_BITS=64 -D_LARGEFILE_SOURCE -D_LARGEFILE64_SOURCE -DHAVE_SETNS -DHAVE_HANDLE_AT -DHAVE_LIBBPF  -DLIBBPF_VERSION=\"1.3.0\" -DLIBBPF_DYNAMIC -DHAVE_LIBBPF_SECTION_NAME  -DHAVE_ELF  -DHAVE_LIBMNL  -DHAVE_LIBCAP  -DHAVE_SETNS -DHAVE_HANDLE_AT -DHAVE_LIBBPF  -DLIBBPF_VERSION=\"1.3.0\" -DLIBBPF_DYNAMIC -DHAVE_LIBBPF_SECTION_NAME  -DHAVE_ELF  -DHAVE_LIBMNL  -DHAVE_LIBCAP    -c -o peer.o peer.c
#21 16.29 gcc -Wall -Wstrict-prototypes  -Wmissing-prototypes -Wmissing-declarations -Wold-style-definition -Wformat=2 -O2 -pipe -I../include -I../include/uapi -DRESOLVE_HOSTNAMES -DLIBDIR=\"/usr/lib/x86_64-linux-gnu\" -DCONF_USR_DIR=\"/usr/share/iproute2\" -DCONF_ETC_DIR=\"/etc/iproute2\" -DNETNS_RUN_DIR=\"/var/run/netns\" -DNETNS_ETC_DIR=\"/etc/netns\" -DARPDDIR=\"/var/lib/arpd\" -DCONF_COLOR=COLOR_OPT_NEVER -D_GNU_SOURCE -D_FILE_OFFSET_BITS=64 -D_LARGEFILE_SOURCE -D_LARGEFILE64_SOURCE -DHAVE_SETNS -DHAVE_HANDLE_AT -DHAVE_LIBBPF  -DLIBBPF_VERSION=\"1.3.0\" -DLIBBPF_DYNAMIC -DHAVE_LIBBPF_SECTION_NAME  -DHAVE_ELF  -DHAVE_LIBMNL  -DHAVE_LIBCAP  -DHAVE_SETNS -DHAVE_HANDLE_AT -DHAVE_LIBBPF  -DLIBBPF_VERSION=\"1.3.0\" -DLIBBPF_DYNAMIC -DHAVE_LIBBPF_SECTION_NAME  -DHAVE_ELF  -DHAVE_LIBMNL  -DHAVE_LIBCAP    -c -o tipc.o tipc.c
#21 16.32 gcc bearer.o cmdl.o link.o media.o misc.o msg.o nametable.o node.o socket.o peer.o tipc.o  -lbpf -lelf  -lmnl  -L/usr/lib64 -lcap  ../lib/libutil.a ../lib/libnetlink.a -lbpf -lelf  -lmnl  -L/usr/lib64 -lcap  -o tipc
#21 16.34 make[1]: Leaving directory '/nipa-data/iproute2/tipc'
#21 16.34 
#21 16.34 devlink
#21 16.34 make[1]: Entering directory '/nipa-data/iproute2/devlink'
#21 16.34 gcc -Wall -Wstrict-prototypes  -Wmissing-prototypes -Wmissing-declarations -Wold-style-definition -Wformat=2 -O2 -pipe -I../include -I../include/uapi -DRESOLVE_HOSTNAMES -DLIBDIR=\"/usr/lib/x86_64-linux-gnu\" -DCONF_USR_DIR=\"/usr/share/iproute2\" -DCONF_ETC_DIR=\"/etc/iproute2\" -DNETNS_RUN_DIR=\"/var/run/netns\" -DNETNS_ETC_DIR=\"/etc/netns\" -DARPDDIR=\"/var/lib/arpd\" -DCONF_COLOR=COLOR_OPT_NEVER -D_GNU_SOURCE -D_FILE_OFFSET_BITS=64 -D_LARGEFILE_SOURCE -D_LARGEFILE64_SOURCE -DHAVE_SETNS -DHAVE_HANDLE_AT -DHAVE_LIBBPF  -DLIBBPF_VERSION=\"1.3.0\" -DLIBBPF_DYNAMIC -DHAVE_LIBBPF_SECTION_NAME  -DHAVE_ELF  -DHAVE_LIBMNL  -DHAVE_LIBCAP  -DHAVE_SETNS -DHAVE_HANDLE_AT -DHAVE_LIBBPF  -DLIBBPF_VERSION=\"1.3.0\" -DLIBBPF_DYNAMIC -DHAVE_LIBBPF_SECTION_NAME  -DHAVE_ELF  -DHAVE_LIBMNL  -DHAVE_LIBCAP    -c -o devlink.o devlink.c
#21 17.42 gcc devlink.o ../lib/libutil.a ../lib/libnetlink.a  -lbpf -lelf  -lmnl  -L/usr/lib64 -lcap  ../lib/libutil.a ../lib/libnetlink.a -lbpf -lelf  -lmnl  -L/usr/lib64 -lcap  -lm -o devlink
#21 17.43 make[1]: Leaving directory '/nipa-data/iproute2/devlink'
#21 17.43 
#21 17.43 rdma
#21 17.43 make[1]: Entering directory '/nipa-data/iproute2/rdma'
#21 17.43 gcc -Wall -Wstrict-prototypes  -Wmissing-prototypes -Wmissing-declarations -Wold-style-definition -Wformat=2 -O2 -pipe -I../include -I../include/uapi -DRESOLVE_HOSTNAMES -DLIBDIR=\"/usr/lib/x86_64-linux-gnu\" -DCONF_USR_DIR=\"/usr/share/iproute2\" -DCONF_ETC_DIR=\"/etc/iproute2\" -DNETNS_RUN_DIR=\"/var/run/netns\" -DNETNS_ETC_DIR=\"/etc/netns\" -DARPDDIR=\"/var/lib/arpd\" -DCONF_COLOR=COLOR_OPT_NEVER -D_GNU_SOURCE -D_FILE_OFFSET_BITS=64 -D_LARGEFILE_SOURCE -D_LARGEFILE64_SOURCE -DHAVE_SETNS -DHAVE_HANDLE_AT -DHAVE_LIBBPF  -DLIBBPF_VERSION=\"1.3.0\" -DLIBBPF_DYNAMIC -DHAVE_LIBBPF_SECTION_NAME  -DHAVE_ELF  -DHAVE_LIBMNL  -DHAVE_LIBCAP  -DHAVE_SETNS -DHAVE_HANDLE_AT -DHAVE_LIBBPF  -DLIBBPF_VERSION=\"1.3.0\" -DLIBBPF_DYNAMIC -DHAVE_LIBBPF_SECTION_NAME  -DHAVE_ELF  -DHAVE_LIBMNL  -DHAVE_LIBCAP  -I./include/uapi/   -c -o rdma.o rdma.c
#21 17.47 gcc -Wall -Wstrict-prototypes  -Wmissing-prototypes -Wmissing-declarations -Wold-style-definition -Wformat=2 -O2 -pipe -I../include -I../include/uapi -DRESOLVE_HOSTNAMES -DLIBDIR=\"/usr/lib/x86_64-linux-gnu\" -DCONF_USR_DIR=\"/usr/share/iproute2\" -DCONF_ETC_DIR=\"/etc/iproute2\" -DNETNS_RUN_DIR=\"/var/run/netns\" -DNETNS_ETC_DIR=\"/etc/netns\" -DARPDDIR=\"/var/lib/arpd\" -DCONF_COLOR=COLOR_OPT_NEVER -D_GNU_SOURCE -D_FILE_OFFSET_BITS=64 -D_LARGEFILE_SOURCE -D_LARGEFILE64_SOURCE -DHAVE_SETNS -DHAVE_HANDLE_AT -DHAVE_LIBBPF  -DLIBBPF_VERSION=\"1.3.0\" -DLIBBPF_DYNAMIC -DHAVE_LIBBPF_SECTION_NAME  -DHAVE_ELF  -DHAVE_LIBMNL  -DHAVE_LIBCAP  -DHAVE_SETNS -DHAVE_HANDLE_AT -DHAVE_LIBBPF  -DLIBBPF_VERSION=\"1.3.0\" -DLIBBPF_DYNAMIC -DHAVE_LIBBPF_SECTION_NAME  -DHAVE_ELF  -DHAVE_LIBMNL  -DHAVE_LIBCAP  -I./include/uapi/   -c -o utils.o utils.c
#21 17.58 gcc -Wall -Wstrict-prototypes  -Wmissing-prototypes -Wmissing-declarations -Wold-style-definition -Wformat=2 -O2 -pipe -I../include -I../include/uapi -DRESOLVE_HOSTNAMES -DLIBDIR=\"/usr/lib/x86_64-linux-gnu\" -DCONF_USR_DIR=\"/usr/share/iproute2\" -DCONF_ETC_DIR=\"/etc/iproute2\" -DNETNS_RUN_DIR=\"/var/run/netns\" -DNETNS_ETC_DIR=\"/etc/netns\" -DARPDDIR=\"/var/lib/arpd\" -DCONF_COLOR=COLOR_OPT_NEVER -D_GNU_SOURCE -D_FILE_OFFSET_BITS=64 -D_LARGEFILE_SOURCE -D_LARGEFILE64_SOURCE -DHAVE_SETNS -DHAVE_HANDLE_AT -DHAVE_LIBBPF  -DLIBBPF_VERSION=\"1.3.0\" -DLIBBPF_DYNAMIC -DHAVE_LIBBPF_SECTION_NAME  -DHAVE_ELF  -DHAVE_LIBMNL  -DHAVE_LIBCAP  -DHAVE_SETNS -DHAVE_HANDLE_AT -DHAVE_LIBBPF  -DLIBBPF_VERSION=\"1.3.0\" -DLIBBPF_DYNAMIC -DHAVE_LIBBPF_SECTION_NAME  -DHAVE_ELF  -DHAVE_LIBMNL  -DHAVE_LIBCAP  -I./include/uapi/   -c -o dev.o dev.c
#21 17.65 gcc -Wall -Wstrict-prototypes  -Wmissing-prototypes -Wmissing-declarations -Wold-style-definition -Wformat=2 -O2 -pipe -I../include -I../include/uapi -DRESOLVE_HOSTNAMES -DLIBDIR=\"/usr/lib/x86_64-linux-gnu\" -DCONF_USR_DIR=\"/usr/share/iproute2\" -DCONF_ETC_DIR=\"/etc/iproute2\" -DNETNS_RUN_DIR=\"/var/run/netns\" -DNETNS_ETC_DIR=\"/etc/netns\" -DARPDDIR=\"/var/lib/arpd\" -DCONF_COLOR=COLOR_OPT_NEVER -D_GNU_SOURCE -D_FILE_OFFSET_BITS=64 -D_LARGEFILE_SOURCE -D_LARGEFILE64_SOURCE -DHAVE_SETNS -DHAVE_HANDLE_AT -DHAVE_LIBBPF  -DLIBBPF_VERSION=\"1.3.0\" -DLIBBPF_DYNAMIC -DHAVE_LIBBPF_SECTION_NAME  -DHAVE_ELF  -DHAVE_LIBMNL  -DHAVE_LIBCAP  -DHAVE_SETNS -DHAVE_HANDLE_AT -DHAVE_LIBBPF  -DLIBBPF_VERSION=\"1.3.0\" -DLIBBPF_DYNAMIC -DHAVE_LIBBPF_SECTION_NAME  -DHAVE_ELF  -DHAVE_LIBMNL  -DHAVE_LIBCAP  -I./include/uapi/   -c -o link.o link.c
#21 17.70 gcc -Wall -Wstrict-prototypes  -Wmissing-prototypes -Wmissing-declarations -Wold-style-definition -Wformat=2 -O2 -pipe -I../include -I../include/uapi -DRESOLVE_HOSTNAMES -DLIBDIR=\"/usr/lib/x86_64-linux-gnu\" -DCONF_USR_DIR=\"/usr/share/iproute2\" -DCONF_ETC_DIR=\"/etc/iproute2\" -DNETNS_RUN_DIR=\"/var/run/netns\" -DNETNS_ETC_DIR=\"/etc/netns\" -DARPDDIR=\"/var/lib/arpd\" -DCONF_COLOR=COLOR_OPT_NEVER -D_GNU_SOURCE -D_FILE_OFFSET_BITS=64 -D_LARGEFILE_SOURCE -D_LARGEFILE64_SOURCE -DHAVE_SETNS -DHAVE_HANDLE_AT -DHAVE_LIBBPF  -DLIBBPF_VERSION=\"1.3.0\" -DLIBBPF_DYNAMIC -DHAVE_LIBBPF_SECTION_NAME  -DHAVE_ELF  -DHAVE_LIBMNL  -DHAVE_LIBCAP  -DHAVE_SETNS -DHAVE_HANDLE_AT -DHAVE_LIBBPF  -DLIBBPF_VERSION=\"1.3.0\" -DLIBBPF_DYNAMIC -DHAVE_LIBBPF_SECTION_NAME  -DHAVE_ELF  -DHAVE_LIBMNL  -DHAVE_LIBCAP  -I./include/uapi/   -c -o res.o res.c
#21 17.77 gcc -Wall -Wstrict-prototypes  -Wmissing-prototypes -Wmissing-declarations -Wold-style-definition -Wformat=2 -O2 -pipe -I../include -I../include/uapi -DRESOLVE_HOSTNAMES -DLIBDIR=\"/usr/lib/x86_64-linux-gnu\" -DCONF_USR_DIR=\"/usr/share/iproute2\" -DCONF_ETC_DIR=\"/etc/iproute2\" -DNETNS_RUN_DIR=\"/var/run/netns\" -DNETNS_ETC_DIR=\"/etc/netns\" -DARPDDIR=\"/var/lib/arpd\" -DCONF_COLOR=COLOR_OPT_NEVER -D_GNU_SOURCE -D_FILE_OFFSET_BITS=64 -D_LARGEFILE_SOURCE -D_LARGEFILE64_SOURCE -DHAVE_SETNS -DHAVE_HANDLE_AT -DHAVE_LIBBPF  -DLIBBPF_VERSION=\"1.3.0\" -DLIBBPF_DYNAMIC -DHAVE_LIBBPF_SECTION_NAME  -DHAVE_ELF  -DHAVE_LIBMNL  -DHAVE_LIBCAP  -DHAVE_SETNS -DHAVE_HANDLE_AT -DHAVE_LIBBPF  -DLIBBPF_VERSION=\"1.3.0\" -DLIBBPF_DYNAMIC -DHAVE_LIBBPF_SECTION_NAME  -DHAVE_ELF  -DHAVE_LIBMNL  -DHAVE_LIBCAP  -I./include/uapi/   -c -o res-pd.o res-pd.c
#21 17.81 gcc -Wall -Wstrict-prototypes  -Wmissing-prototypes -Wmissing-declarations -Wold-style-definition -Wformat=2 -O2 -pipe -I../include -I../include/uapi -DRESOLVE_HOSTNAMES -DLIBDIR=\"/usr/lib/x86_64-linux-gnu\" -DCONF_USR_DIR=\"/usr/share/iproute2\" -DCONF_ETC_DIR=\"/etc/iproute2\" -DNETNS_RUN_DIR=\"/var/run/netns\" -DNETNS_ETC_DIR=\"/etc/netns\" -DARPDDIR=\"/var/lib/arpd\" -DCONF_COLOR=COLOR_OPT_NEVER -D_GNU_SOURCE -D_FILE_OFFSET_BITS=64 -D_LARGEFILE_SOURCE -D_LARGEFILE64_SOURCE -DHAVE_SETNS -DHAVE_HANDLE_AT -DHAVE_LIBBPF  -DLIBBPF_VERSION=\"1.3.0\" -DLIBBPF_DYNAMIC -DHAVE_LIBBPF_SECTION_NAME  -DHAVE_ELF  -DHAVE_LIBMNL  -DHAVE_LIBCAP  -DHAVE_SETNS -DHAVE_HANDLE_AT -DHAVE_LIBBPF  -DLIBBPF_VERSION=\"1.3.0\" -DLIBBPF_DYNAMIC -DHAVE_LIBBPF_SECTION_NAME  -DHAVE_ELF  -DHAVE_LIBMNL  -DHAVE_LIBCAP  -I./include/uapi/   -c -o res-mr.o res-mr.c
#21 17.85 gcc -Wall -Wstrict-prototypes  -Wmissing-prototypes -Wmissing-declarations -Wold-style-definition -Wformat=2 -O2 -pipe -I../include -I../include/uapi -DRESOLVE_HOSTNAMES -DLIBDIR=\"/usr/lib/x86_64-linux-gnu\" -DCONF_USR_DIR=\"/usr/share/iproute2\" -DCONF_ETC_DIR=\"/etc/iproute2\" -DNETNS_RUN_DIR=\"/var/run/netns\" -DNETNS_ETC_DIR=\"/etc/netns\" -DARPDDIR=\"/var/lib/arpd\" -DCONF_COLOR=COLOR_OPT_NEVER -D_GNU_SOURCE -D_FILE_OFFSET_BITS=64 -D_LARGEFILE_SOURCE -D_LARGEFILE64_SOURCE -DHAVE_SETNS -DHAVE_HANDLE_AT -DHAVE_LIBBPF  -DLIBBPF_VERSION=\"1.3.0\" -DLIBBPF_DYNAMIC -DHAVE_LIBBPF_SECTION_NAME  -DHAVE_ELF  -DHAVE_LIBMNL  -DHAVE_LIBCAP  -DHAVE_SETNS -DHAVE_HANDLE_AT -DHAVE_LIBBPF  -DLIBBPF_VERSION=\"1.3.0\" -DLIBBPF_DYNAMIC -DHAVE_LIBBPF_SECTION_NAME  -DHAVE_ELF  -DHAVE_LIBMNL  -DHAVE_LIBCAP  -I./include/uapi/   -c -o res-cq.o res-cq.c
#21 17.89 gcc -Wall -Wstrict-prototypes  -Wmissing-prototypes -Wmissing-declarations -Wold-style-definition -Wformat=2 -O2 -pipe -I../include -I../include/uapi -DRESOLVE_HOSTNAMES -DLIBDIR=\"/usr/lib/x86_64-linux-gnu\" -DCONF_USR_DIR=\"/usr/share/iproute2\" -DCONF_ETC_DIR=\"/etc/iproute2\" -DNETNS_RUN_DIR=\"/var/run/netns\" -DNETNS_ETC_DIR=\"/etc/netns\" -DARPDDIR=\"/var/lib/arpd\" -DCONF_COLOR=COLOR_OPT_NEVER -D_GNU_SOURCE -D_FILE_OFFSET_BITS=64 -D_LARGEFILE_SOURCE -D_LARGEFILE64_SOURCE -DHAVE_SETNS -DHAVE_HANDLE_AT -DHAVE_LIBBPF  -DLIBBPF_VERSION=\"1.3.0\" -DLIBBPF_DYNAMIC -DHAVE_LIBBPF_SECTION_NAME  -DHAVE_ELF  -DHAVE_LIBMNL  -DHAVE_LIBCAP  -DHAVE_SETNS -DHAVE_HANDLE_AT -DHAVE_LIBBPF  -DLIBBPF_VERSION=\"1.3.0\" -DLIBBPF_DYNAMIC -DHAVE_LIBBPF_SECTION_NAME  -DHAVE_ELF  -DHAVE_LIBMNL  -DHAVE_LIBCAP  -I./include/uapi/   -c -o res-cmid.o res-cmid.c
#21 17.94 gcc -Wall -Wstrict-prototypes  -Wmissing-prototypes -Wmissing-declarations -Wold-style-definition -Wformat=2 -O2 -pipe -I../include -I../include/uapi -DRESOLVE_HOSTNAMES -DLIBDIR=\"/usr/lib/x86_64-linux-gnu\" -DCONF_USR_DIR=\"/usr/share/iproute2\" -DCONF_ETC_DIR=\"/etc/iproute2\" -DNETNS_RUN_DIR=\"/var/run/netns\" -DNETNS_ETC_DIR=\"/etc/netns\" -DARPDDIR=\"/var/lib/arpd\" -DCONF_COLOR=COLOR_OPT_NEVER -D_GNU_SOURCE -D_FILE_OFFSET_BITS=64 -D_LARGEFILE_SOURCE -D_LARGEFILE64_SOURCE -DHAVE_SETNS -DHAVE_HANDLE_AT -DHAVE_LIBBPF  -DLIBBPF_VERSION=\"1.3.0\" -DLIBBPF_DYNAMIC -DHAVE_LIBBPF_SECTION_NAME  -DHAVE_ELF  -DHAVE_LIBMNL  -DHAVE_LIBCAP  -DHAVE_SETNS -DHAVE_HANDLE_AT -DHAVE_LIBBPF  -DLIBBPF_VERSION=\"1.3.0\" -DLIBBPF_DYNAMIC -DHAVE_LIBBPF_SECTION_NAME  -DHAVE_ELF  -DHAVE_LIBMNL  -DHAVE_LIBCAP  -I./include/uapi/   -c -o res-qp.o res-qp.c
#21 17.98 gcc -Wall -Wstrict-prototypes  -Wmissing-prototypes -Wmissing-declarations -Wold-style-definition -Wformat=2 -O2 -pipe -I../include -I../include/uapi -DRESOLVE_HOSTNAMES -DLIBDIR=\"/usr/lib/x86_64-linux-gnu\" -DCONF_USR_DIR=\"/usr/share/iproute2\" -DCONF_ETC_DIR=\"/etc/iproute2\" -DNETNS_RUN_DIR=\"/var/run/netns\" -DNETNS_ETC_DIR=\"/etc/netns\" -DARPDDIR=\"/var/lib/arpd\" -DCONF_COLOR=COLOR_OPT_NEVER -D_GNU_SOURCE -D_FILE_OFFSET_BITS=64 -D_LARGEFILE_SOURCE -D_LARGEFILE64_SOURCE -DHAVE_SETNS -DHAVE_HANDLE_AT -DHAVE_LIBBPF  -DLIBBPF_VERSION=\"1.3.0\" -DLIBBPF_DYNAMIC -DHAVE_LIBBPF_SECTION_NAME  -DHAVE_ELF  -DHAVE_LIBMNL  -DHAVE_LIBCAP  -DHAVE_SETNS -DHAVE_HANDLE_AT -DHAVE_LIBBPF  -DLIBBPF_VERSION=\"1.3.0\" -DLIBBPF_DYNAMIC -DHAVE_LIBBPF_SECTION_NAME  -DHAVE_ELF  -DHAVE_LIBMNL  -DHAVE_LIBCAP  -I./include/uapi/   -c -o sys.o sys.c
#21 18.02 gcc -Wall -Wstrict-prototypes  -Wmissing-prototypes -Wmissing-declarations -Wold-style-definition -Wformat=2 -O2 -pipe -I../include -I../include/uapi -DRESOLVE_HOSTNAMES -DLIBDIR=\"/usr/lib/x86_64-linux-gnu\" -DCONF_USR_DIR=\"/usr/share/iproute2\" -DCONF_ETC_DIR=\"/etc/iproute2\" -DNETNS_RUN_DIR=\"/var/run/netns\" -DNETNS_ETC_DIR=\"/etc/netns\" -DARPDDIR=\"/var/lib/arpd\" -DCONF_COLOR=COLOR_OPT_NEVER -D_GNU_SOURCE -D_FILE_OFFSET_BITS=64 -D_LARGEFILE_SOURCE -D_LARGEFILE64_SOURCE -DHAVE_SETNS -DHAVE_HANDLE_AT -DHAVE_LIBBPF  -DLIBBPF_VERSION=\"1.3.0\" -DLIBBPF_DYNAMIC -DHAVE_LIBBPF_SECTION_NAME  -DHAVE_ELF  -DHAVE_LIBMNL  -DHAVE_LIBCAP  -DHAVE_SETNS -DHAVE_HANDLE_AT -DHAVE_LIBBPF  -DLIBBPF_VERSION=\"1.3.0\" -DLIBBPF_DYNAMIC -DHAVE_LIBBPF_SECTION_NAME  -DHAVE_ELF  -DHAVE_LIBMNL  -DHAVE_LIBCAP  -I./include/uapi/   -c -o stat.o stat.c
#21 18.16 gcc -Wall -Wstrict-prototypes  -Wmissing-prototypes -Wmissing-declarations -Wold-style-definition -Wformat=2 -O2 -pipe -I../include -I../include/uapi -DRESOLVE_HOSTNAMES -DLIBDIR=\"/usr/lib/x86_64-linux-gnu\" -DCONF_USR_DIR=\"/usr/share/iproute2\" -DCONF_ETC_DIR=\"/etc/iproute2\" -DNETNS_RUN_DIR=\"/var/run/netns\" -DNETNS_ETC_DIR=\"/etc/netns\" -DARPDDIR=\"/var/lib/arpd\" -DCONF_COLOR=COLOR_OPT_NEVER -D_GNU_SOURCE -D_FILE_OFFSET_BITS=64 -D_LARGEFILE_SOURCE -D_LARGEFILE64_SOURCE -DHAVE_SETNS -DHAVE_HANDLE_AT -DHAVE_LIBBPF  -DLIBBPF_VERSION=\"1.3.0\" -DLIBBPF_DYNAMIC -DHAVE_LIBBPF_SECTION_NAME  -DHAVE_ELF  -DHAVE_LIBMNL  -DHAVE_LIBCAP  -DHAVE_SETNS -DHAVE_HANDLE_AT -DHAVE_LIBBPF  -DLIBBPF_VERSION=\"1.3.0\" -DLIBBPF_DYNAMIC -DHAVE_LIBBPF_SECTION_NAME  -DHAVE_ELF  -DHAVE_LIBMNL  -DHAVE_LIBCAP  -I./include/uapi/   -c -o stat-mr.o stat-mr.c
#21 18.19 gcc -Wall -Wstrict-prototypes  -Wmissing-prototypes -Wmissing-declarations -Wold-style-definition -Wformat=2 -O2 -pipe -I../include -I../include/uapi -DRESOLVE_HOSTNAMES -DLIBDIR=\"/usr/lib/x86_64-linux-gnu\" -DCONF_USR_DIR=\"/usr/share/iproute2\" -DCONF_ETC_DIR=\"/etc/iproute2\" -DNETNS_RUN_DIR=\"/var/run/netns\" -DNETNS_ETC_DIR=\"/etc/netns\" -DARPDDIR=\"/var/lib/arpd\" -DCONF_COLOR=COLOR_OPT_NEVER -D_GNU_SOURCE -D_FILE_OFFSET_BITS=64 -D_LARGEFILE_SOURCE -D_LARGEFILE64_SOURCE -DHAVE_SETNS -DHAVE_HANDLE_AT -DHAVE_LIBBPF  -DLIBBPF_VERSION=\"1.3.0\" -DLIBBPF_DYNAMIC -DHAVE_LIBBPF_SECTION_NAME  -DHAVE_ELF  -DHAVE_LIBMNL  -DHAVE_LIBCAP  -DHAVE_SETNS -DHAVE_HANDLE_AT -DHAVE_LIBBPF  -DLIBBPF_VERSION=\"1.3.0\" -DLIBBPF_DYNAMIC -DHAVE_LIBBPF_SECTION_NAME  -DHAVE_ELF  -DHAVE_LIBMNL  -DHAVE_LIBCAP  -I./include/uapi/   -c -o res-ctx.o res-ctx.c
#21 18.23 gcc -Wall -Wstrict-prototypes  -Wmissing-prototypes -Wmissing-declarations -Wold-style-definition -Wformat=2 -O2 -pipe -I../include -I../include/uapi -DRESOLVE_HOSTNAMES -DLIBDIR=\"/usr/lib/x86_64-linux-gnu\" -DCONF_USR_DIR=\"/usr/share/iproute2\" -DCONF_ETC_DIR=\"/etc/iproute2\" -DNETNS_RUN_DIR=\"/var/run/netns\" -DNETNS_ETC_DIR=\"/etc/netns\" -DARPDDIR=\"/var/lib/arpd\" -DCONF_COLOR=COLOR_OPT_NEVER -D_GNU_SOURCE -D_FILE_OFFSET_BITS=64 -D_LARGEFILE_SOURCE -D_LARGEFILE64_SOURCE -DHAVE_SETNS -DHAVE_HANDLE_AT -DHAVE_LIBBPF  -DLIBBPF_VERSION=\"1.3.0\" -DLIBBPF_DYNAMIC -DHAVE_LIBBPF_SECTION_NAME  -DHAVE_ELF  -DHAVE_LIBMNL  -DHAVE_LIBCAP  -DHAVE_SETNS -DHAVE_HANDLE_AT -DHAVE_LIBBPF  -DLIBBPF_VERSION=\"1.3.0\" -DLIBBPF_DYNAMIC -DHAVE_LIBBPF_SECTION_NAME  -DHAVE_ELF  -DHAVE_LIBMNL  -DHAVE_LIBCAP  -I./include/uapi/   -c -o res-srq.o res-srq.c
#21 18.28 gcc -Wall -Wstrict-prototypes  -Wmissing-prototypes -Wmissing-declarations -Wold-style-definition -Wformat=2 -O2 -pipe -I../include -I../include/uapi -DRESOLVE_HOSTNAMES -DLIBDIR=\"/usr/lib/x86_64-linux-gnu\" -DCONF_USR_DIR=\"/usr/share/iproute2\" -DCONF_ETC_DIR=\"/etc/iproute2\" -DNETNS_RUN_DIR=\"/var/run/netns\" -DNETNS_ETC_DIR=\"/etc/netns\" -DARPDDIR=\"/var/lib/arpd\" -DCONF_COLOR=COLOR_OPT_NEVER -D_GNU_SOURCE -D_FILE_OFFSET_BITS=64 -D_LARGEFILE_SOURCE -D_LARGEFILE64_SOURCE -DHAVE_SETNS -DHAVE_HANDLE_AT -DHAVE_LIBBPF  -DLIBBPF_VERSION=\"1.3.0\" -DLIBBPF_DYNAMIC -DHAVE_LIBBPF_SECTION_NAME  -DHAVE_ELF  -DHAVE_LIBMNL  -DHAVE_LIBCAP  -DHAVE_SETNS -DHAVE_HANDLE_AT -DHAVE_LIBBPF  -DLIBBPF_VERSION=\"1.3.0\" -DLIBBPF_DYNAMIC -DHAVE_LIBBPF_SECTION_NAME  -DHAVE_ELF  -DHAVE_LIBMNL  -DHAVE_LIBCAP  -I./include/uapi/   -c -o monitor.o monitor.c
#21 18.32 gcc rdma.o utils.o dev.o link.o res.o res-pd.o res-mr.o res-cq.o res-cmid.o res-qp.o sys.o stat.o stat-mr.o res-ctx.o res-srq.o monitor.o  -lbpf -lelf  -lmnl  -L/usr/lib64 -lcap  ../lib/libutil.a ../lib/libnetlink.a -lbpf -lelf  -lmnl  -L/usr/lib64 -lcap  -o rdma
#21 18.34 make[1]: Leaving directory '/nipa-data/iproute2/rdma'
#21 18.34 
#21 18.34 dcb
#21 18.34 make[1]: Entering directory '/nipa-data/iproute2/dcb'
#21 18.34 gcc -Wall -Wstrict-prototypes  -Wmissing-prototypes -Wmissing-declarations -Wold-style-definition -Wformat=2 -O2 -pipe -I../include -I../include/uapi -DRESOLVE_HOSTNAMES -DLIBDIR=\"/usr/lib/x86_64-linux-gnu\" -DCONF_USR_DIR=\"/usr/share/iproute2\" -DCONF_ETC_DIR=\"/etc/iproute2\" -DNETNS_RUN_DIR=\"/var/run/netns\" -DNETNS_ETC_DIR=\"/etc/netns\" -DARPDDIR=\"/var/lib/arpd\" -DCONF_COLOR=COLOR_OPT_NEVER -D_GNU_SOURCE -D_FILE_OFFSET_BITS=64 -D_LARGEFILE_SOURCE -D_LARGEFILE64_SOURCE -DHAVE_SETNS -DHAVE_HANDLE_AT -DHAVE_LIBBPF  -DLIBBPF_VERSION=\"1.3.0\" -DLIBBPF_DYNAMIC -DHAVE_LIBBPF_SECTION_NAME  -DHAVE_ELF  -DHAVE_LIBMNL  -DHAVE_LIBCAP  -DHAVE_SETNS -DHAVE_HANDLE_AT -DHAVE_LIBBPF  -DLIBBPF_VERSION=\"1.3.0\" -DLIBBPF_DYNAMIC -DHAVE_LIBBPF_SECTION_NAME  -DHAVE_ELF  -DHAVE_LIBMNL  -DHAVE_LIBCAP    -c -o dcb.o dcb.c
#21 18.42 gcc -Wall -Wstrict-prototypes  -Wmissing-prototypes -Wmissing-declarations -Wold-style-definition -Wformat=2 -O2 -pipe -I../include -I../include/uapi -DRESOLVE_HOSTNAMES -DLIBDIR=\"/usr/lib/x86_64-linux-gnu\" -DCONF_USR_DIR=\"/usr/share/iproute2\" -DCONF_ETC_DIR=\"/etc/iproute2\" -DNETNS_RUN_DIR=\"/var/run/netns\" -DNETNS_ETC_DIR=\"/etc/netns\" -DARPDDIR=\"/var/lib/arpd\" -DCONF_COLOR=COLOR_OPT_NEVER -D_GNU_SOURCE -D_FILE_OFFSET_BITS=64 -D_LARGEFILE_SOURCE -D_LARGEFILE64_SOURCE -DHAVE_SETNS -DHAVE_HANDLE_AT -DHAVE_LIBBPF  -DLIBBPF_VERSION=\"1.3.0\" -DLIBBPF_DYNAMIC -DHAVE_LIBBPF_SECTION_NAME  -DHAVE_ELF  -DHAVE_LIBMNL  -DHAVE_LIBCAP  -DHAVE_SETNS -DHAVE_HANDLE_AT -DHAVE_LIBBPF  -DLIBBPF_VERSION=\"1.3.0\" -DLIBBPF_DYNAMIC -DHAVE_LIBBPF_SECTION_NAME  -DHAVE_ELF  -DHAVE_LIBMNL  -DHAVE_LIBCAP    -c -o dcb_app.o dcb_app.c
#21 18.53 gcc -Wall -Wstrict-prototypes  -Wmissing-prototypes -Wmissing-declarations -Wold-style-definition -Wformat=2 -O2 -pipe -I../include -I../include/uapi -DRESOLVE_HOSTNAMES -DLIBDIR=\"/usr/lib/x86_64-linux-gnu\" -DCONF_USR_DIR=\"/usr/share/iproute2\" -DCONF_ETC_DIR=\"/etc/iproute2\" -DNETNS_RUN_DIR=\"/var/run/netns\" -DNETNS_ETC_DIR=\"/etc/netns\" -DARPDDIR=\"/var/lib/arpd\" -DCONF_COLOR=COLOR_OPT_NEVER -D_GNU_SOURCE -D_FILE_OFFSET_BITS=64 -D_LARGEFILE_SOURCE -D_LARGEFILE64_SOURCE -DHAVE_SETNS -DHAVE_HANDLE_AT -DHAVE_LIBBPF  -DLIBBPF_VERSION=\"1.3.0\" -DLIBBPF_DYNAMIC -DHAVE_LIBBPF_SECTION_NAME  -DHAVE_ELF  -DHAVE_LIBMNL  -DHAVE_LIBCAP  -DHAVE_SETNS -DHAVE_HANDLE_AT -DHAVE_LIBBPF  -DLIBBPF_VERSION=\"1.3.0\" -DLIBBPF_DYNAMIC -DHAVE_LIBBPF_SECTION_NAME  -DHAVE_ELF  -DHAVE_LIBMNL  -DHAVE_LIBCAP    -c -o dcb_buffer.o dcb_buffer.c
#21 18.58 gcc -Wall -Wstrict-prototypes  -Wmissing-prototypes -Wmissing-declarations -Wold-style-definition -Wformat=2 -O2 -pipe -I../include -I../include/uapi -DRESOLVE_HOSTNAMES -DLIBDIR=\"/usr/lib/x86_64-linux-gnu\" -DCONF_USR_DIR=\"/usr/share/iproute2\" -DCONF_ETC_DIR=\"/etc/iproute2\" -DNETNS_RUN_DIR=\"/var/run/netns\" -DNETNS_ETC_DIR=\"/etc/netns\" -DARPDDIR=\"/var/lib/arpd\" -DCONF_COLOR=COLOR_OPT_NEVER -D_GNU_SOURCE -D_FILE_OFFSET_BITS=64 -D_LARGEFILE_SOURCE -D_LARGEFILE64_SOURCE -DHAVE_SETNS -DHAVE_HANDLE_AT -DHAVE_LIBBPF  -DLIBBPF_VERSION=\"1.3.0\" -DLIBBPF_DYNAMIC -DHAVE_LIBBPF_SECTION_NAME  -DHAVE_ELF  -DHAVE_LIBMNL  -DHAVE_LIBCAP  -DHAVE_SETNS -DHAVE_HANDLE_AT -DHAVE_LIBBPF  -DLIBBPF_VERSION=\"1.3.0\" -DLIBBPF_DYNAMIC -DHAVE_LIBBPF_SECTION_NAME  -DHAVE_ELF  -DHAVE_LIBMNL  -DHAVE_LIBCAP    -c -o dcb_dcbx.o dcb_dcbx.c
#21 18.62 gcc -Wall -Wstrict-prototypes  -Wmissing-prototypes -Wmissing-declarations -Wold-style-definition -Wformat=2 -O2 -pipe -I../include -I../include/uapi -DRESOLVE_HOSTNAMES -DLIBDIR=\"/usr/lib/x86_64-linux-gnu\" -DCONF_USR_DIR=\"/usr/share/iproute2\" -DCONF_ETC_DIR=\"/etc/iproute2\" -DNETNS_RUN_DIR=\"/var/run/netns\" -DNETNS_ETC_DIR=\"/etc/netns\" -DARPDDIR=\"/var/lib/arpd\" -DCONF_COLOR=COLOR_OPT_NEVER -D_GNU_SOURCE -D_FILE_OFFSET_BITS=64 -D_LARGEFILE_SOURCE -D_LARGEFILE64_SOURCE -DHAVE_SETNS -DHAVE_HANDLE_AT -DHAVE_LIBBPF  -DLIBBPF_VERSION=\"1.3.0\" -DLIBBPF_DYNAMIC -DHAVE_LIBBPF_SECTION_NAME  -DHAVE_ELF  -DHAVE_LIBMNL  -DHAVE_LIBCAP  -DHAVE_SETNS -DHAVE_HANDLE_AT -DHAVE_LIBBPF  -DLIBBPF_VERSION=\"1.3.0\" -DLIBBPF_DYNAMIC -DHAVE_LIBBPF_SECTION_NAME  -DHAVE_ELF  -DHAVE_LIBMNL  -DHAVE_LIBCAP    -c -o dcb_ets.o dcb_ets.c
#21 18.68 gcc -Wall -Wstrict-prototypes  -Wmissing-prototypes -Wmissing-declarations -Wold-style-definition -Wformat=2 -O2 -pipe -I../include -I../include/uapi -DRESOLVE_HOSTNAMES -DLIBDIR=\"/usr/lib/x86_64-linux-gnu\" -DCONF_USR_DIR=\"/usr/share/iproute2\" -DCONF_ETC_DIR=\"/etc/iproute2\" -DNETNS_RUN_DIR=\"/var/run/netns\" -DNETNS_ETC_DIR=\"/etc/netns\" -DARPDDIR=\"/var/lib/arpd\" -DCONF_COLOR=COLOR_OPT_NEVER -D_GNU_SOURCE -D_FILE_OFFSET_BITS=64 -D_LARGEFILE_SOURCE -D_LARGEFILE64_SOURCE -DHAVE_SETNS -DHAVE_HANDLE_AT -DHAVE_LIBBPF  -DLIBBPF_VERSION=\"1.3.0\" -DLIBBPF_DYNAMIC -DHAVE_LIBBPF_SECTION_NAME  -DHAVE_ELF  -DHAVE_LIBMNL  -DHAVE_LIBCAP  -DHAVE_SETNS -DHAVE_HANDLE_AT -DHAVE_LIBBPF  -DLIBBPF_VERSION=\"1.3.0\" -DLIBBPF_DYNAMIC -DHAVE_LIBBPF_SECTION_NAME  -DHAVE_ELF  -DHAVE_LIBMNL  -DHAVE_LIBCAP    -c -o dcb_maxrate.o dcb_maxrate.c
#21 18.72 gcc -Wall -Wstrict-prototypes  -Wmissing-prototypes -Wmissing-declarations -Wold-style-definition -Wformat=2 -O2 -pipe -I../include -I../include/uapi -DRESOLVE_HOSTNAMES -DLIBDIR=\"/usr/lib/x86_64-linux-gnu\" -DCONF_USR_DIR=\"/usr/share/iproute2\" -DCONF_ETC_DIR=\"/etc/iproute2\" -DNETNS_RUN_DIR=\"/var/run/netns\" -DNETNS_ETC_DIR=\"/etc/netns\" -DARPDDIR=\"/var/lib/arpd\" -DCONF_COLOR=COLOR_OPT_NEVER -D_GNU_SOURCE -D_FILE_OFFSET_BITS=64 -D_LARGEFILE_SOURCE -D_LARGEFILE64_SOURCE -DHAVE_SETNS -DHAVE_HANDLE_AT -DHAVE_LIBBPF  -DLIBBPF_VERSION=\"1.3.0\" -DLIBBPF_DYNAMIC -DHAVE_LIBBPF_SECTION_NAME  -DHAVE_ELF  -DHAVE_LIBMNL  -DHAVE_LIBCAP  -DHAVE_SETNS -DHAVE_HANDLE_AT -DHAVE_LIBBPF  -DLIBBPF_VERSION=\"1.3.0\" -DLIBBPF_DYNAMIC -DHAVE_LIBBPF_SECTION_NAME  -DHAVE_ELF  -DHAVE_LIBMNL  -DHAVE_LIBCAP    -c -o dcb_pfc.o dcb_pfc.c
#21 18.77 gcc -Wall -Wstrict-prototypes  -Wmissing-prototypes -Wmissing-declarations -Wold-style-definition -Wformat=2 -O2 -pipe -I../include -I../include/uapi -DRESOLVE_HOSTNAMES -DLIBDIR=\"/usr/lib/x86_64-linux-gnu\" -DCONF_USR_DIR=\"/usr/share/iproute2\" -DCONF_ETC_DIR=\"/etc/iproute2\" -DNETNS_RUN_DIR=\"/var/run/netns\" -DNETNS_ETC_DIR=\"/etc/netns\" -DARPDDIR=\"/var/lib/arpd\" -DCONF_COLOR=COLOR_OPT_NEVER -D_GNU_SOURCE -D_FILE_OFFSET_BITS=64 -D_LARGEFILE_SOURCE -D_LARGEFILE64_SOURCE -DHAVE_SETNS -DHAVE_HANDLE_AT -DHAVE_LIBBPF  -DLIBBPF_VERSION=\"1.3.0\" -DLIBBPF_DYNAMIC -DHAVE_LIBBPF_SECTION_NAME  -DHAVE_ELF  -DHAVE_LIBMNL  -DHAVE_LIBCAP  -DHAVE_SETNS -DHAVE_HANDLE_AT -DHAVE_LIBBPF  -DLIBBPF_VERSION=\"1.3.0\" -DLIBBPF_DYNAMIC -DHAVE_LIBBPF_SECTION_NAME  -DHAVE_ELF  -DHAVE_LIBMNL  -DHAVE_LIBCAP    -c -o dcb_apptrust.o dcb_apptrust.c
#21 18.82 gcc -Wall -Wstrict-prototypes  -Wmissing-prototypes -Wmissing-declarations -Wold-style-definition -Wformat=2 -O2 -pipe -I../include -I../include/uapi -DRESOLVE_HOSTNAMES -DLIBDIR=\"/usr/lib/x86_64-linux-gnu\" -DCONF_USR_DIR=\"/usr/share/iproute2\" -DCONF_ETC_DIR=\"/etc/iproute2\" -DNETNS_RUN_DIR=\"/var/run/netns\" -DNETNS_ETC_DIR=\"/etc/netns\" -DARPDDIR=\"/var/lib/arpd\" -DCONF_COLOR=COLOR_OPT_NEVER -D_GNU_SOURCE -D_FILE_OFFSET_BITS=64 -D_LARGEFILE_SOURCE -D_LARGEFILE64_SOURCE -DHAVE_SETNS -DHAVE_HANDLE_AT -DHAVE_LIBBPF  -DLIBBPF_VERSION=\"1.3.0\" -DLIBBPF_DYNAMIC -DHAVE_LIBBPF_SECTION_NAME  -DHAVE_ELF  -DHAVE_LIBMNL  -DHAVE_LIBCAP  -DHAVE_SETNS -DHAVE_HANDLE_AT -DHAVE_LIBBPF  -DLIBBPF_VERSION=\"1.3.0\" -DLIBBPF_DYNAMIC -DHAVE_LIBBPF_SECTION_NAME  -DHAVE_ELF  -DHAVE_LIBMNL  -DHAVE_LIBCAP    -c -o dcb_rewr.o dcb_rewr.c
#21 18.87 gcc dcb.o dcb_app.o dcb_buffer.o dcb_dcbx.o dcb_ets.o dcb_maxrate.o dcb_pfc.o dcb_apptrust.o dcb_rewr.o ../lib/libutil.a ../lib/libnetlink.a  -lbpf -lelf  -lmnl  -L/usr/lib64 -lcap  ../lib/libutil.a ../lib/libnetlink.a -lbpf -lelf  -lmnl  -L/usr/lib64 -lcap  -lm -o dcb
#21 18.89 make[1]: Leaving directory '/nipa-data/iproute2/dcb'
#21 18.89 
#21 18.89 vdpa
#21 18.89 make[1]: Entering directory '/nipa-data/iproute2/vdpa'
#21 18.89 gcc -Wall -Wstrict-prototypes  -Wmissing-prototypes -Wmissing-declarations -Wold-style-definition -Wformat=2 -O2 -pipe -I../include -I../include/uapi -DRESOLVE_HOSTNAMES -DLIBDIR=\"/usr/lib/x86_64-linux-gnu\" -DCONF_USR_DIR=\"/usr/share/iproute2\" -DCONF_ETC_DIR=\"/etc/iproute2\" -DNETNS_RUN_DIR=\"/var/run/netns\" -DNETNS_ETC_DIR=\"/etc/netns\" -DARPDDIR=\"/var/lib/arpd\" -DCONF_COLOR=COLOR_OPT_NEVER -D_GNU_SOURCE -D_FILE_OFFSET_BITS=64 -D_LARGEFILE_SOURCE -D_LARGEFILE64_SOURCE -DHAVE_SETNS -DHAVE_HANDLE_AT -DHAVE_LIBBPF  -DLIBBPF_VERSION=\"1.3.0\" -DLIBBPF_DYNAMIC -DHAVE_LIBBPF_SECTION_NAME  -DHAVE_ELF  -DHAVE_LIBMNL  -DHAVE_LIBCAP  -DHAVE_SETNS -DHAVE_HANDLE_AT -DHAVE_LIBBPF  -DLIBBPF_VERSION=\"1.3.0\" -DLIBBPF_DYNAMIC -DHAVE_LIBBPF_SECTION_NAME  -DHAVE_ELF  -DHAVE_LIBMNL  -DHAVE_LIBCAP  -I./include/uapi/   -c -o vdpa.o vdpa.c
#21 18.99 gcc vdpa.o  -lbpf -lelf  -lmnl  -L/usr/lib64 -lcap  ../lib/libutil.a ../lib/libnetlink.a -lbpf -lelf  -lmnl  -L/usr/lib64 -lcap  -o vdpa
#21 19.01 make[1]: Leaving directory '/nipa-data/iproute2/vdpa'
#21 19.01 
#21 19.01 netshaper
#21 19.01 make[1]: Entering directory '/nipa-data/iproute2/netshaper'
#21 19.01 gcc -Wall -Wstrict-prototypes  -Wmissing-prototypes -Wmissing-declarations -Wold-style-definition -Wformat=2 -O2 -pipe -I../include -I../include/uapi -DRESOLVE_HOSTNAMES -DLIBDIR=\"/usr/lib/x86_64-linux-gnu\" -DCONF_USR_DIR=\"/usr/share/iproute2\" -DCONF_ETC_DIR=\"/etc/iproute2\" -DNETNS_RUN_DIR=\"/var/run/netns\" -DNETNS_ETC_DIR=\"/etc/netns\" -DARPDDIR=\"/var/lib/arpd\" -DCONF_COLOR=COLOR_OPT_NEVER -D_GNU_SOURCE -D_FILE_OFFSET_BITS=64 -D_LARGEFILE_SOURCE -D_LARGEFILE64_SOURCE -DHAVE_SETNS -DHAVE_HANDLE_AT -DHAVE_LIBBPF  -DLIBBPF_VERSION=\"1.3.0\" -DLIBBPF_DYNAMIC -DHAVE_LIBBPF_SECTION_NAME  -DHAVE_ELF  -DHAVE_LIBMNL  -DHAVE_LIBCAP  -DHAVE_SETNS -DHAVE_HANDLE_AT -DHAVE_LIBBPF  -DLIBBPF_VERSION=\"1.3.0\" -DLIBBPF_DYNAMIC -DHAVE_LIBBPF_SECTION_NAME  -DHAVE_ELF  -DHAVE_LIBMNL  -DHAVE_LIBCAP    -c -o netshaper.o netshaper.c
#21 19.06 gcc netshaper.o  -lbpf -lelf  -lmnl  -L/usr/lib64 -lcap  ../lib/libutil.a ../lib/libnetlink.a -lbpf -lelf  -lmnl  -L/usr/lib64 -lcap  -lm -o netshaper
#21 19.08 make[1]: Leaving directory '/nipa-data/iproute2/netshaper'
#21 19.08 
#21 19.08 dpll
#21 19.08 make[1]: Entering directory '/nipa-data/iproute2/dpll'
#21 19.08 gcc -Wall -Wstrict-prototypes  -Wmissing-prototypes -Wmissing-declarations -Wold-style-definition -Wformat=2 -O2 -pipe -I../include -I../include/uapi -DRESOLVE_HOSTNAMES -DLIBDIR=\"/usr/lib/x86_64-linux-gnu\" -DCONF_USR_DIR=\"/usr/share/iproute2\" -DCONF_ETC_DIR=\"/etc/iproute2\" -DNETNS_RUN_DIR=\"/var/run/netns\" -DNETNS_ETC_DIR=\"/etc/netns\" -DARPDDIR=\"/var/lib/arpd\" -DCONF_COLOR=COLOR_OPT_NEVER -D_GNU_SOURCE -D_FILE_OFFSET_BITS=64 -D_LARGEFILE_SOURCE -D_LARGEFILE64_SOURCE -DHAVE_SETNS -DHAVE_HANDLE_AT -DHAVE_LIBBPF  -DLIBBPF_VERSION=\"1.3.0\" -DLIBBPF_DYNAMIC -DHAVE_LIBBPF_SECTION_NAME  -DHAVE_ELF  -DHAVE_LIBMNL  -DHAVE_LIBCAP  -DHAVE_SETNS -DHAVE_HANDLE_AT -DHAVE_LIBBPF  -DLIBBPF_VERSION=\"1.3.0\" -DLIBBPF_DYNAMIC -DHAVE_LIBBPF_SECTION_NAME  -DHAVE_ELF  -DHAVE_LIBMNL  -DHAVE_LIBCAP  -I../include -I../include/uapi -I../include -I../include/uapi   -c -o dpll.o dpll.c
#21 19.29 gcc dpll.o ../lib/libutil.a ../lib/libnetlink.a  -lbpf -lelf  -lmnl  -L/usr/lib64 -lcap  ../lib/libutil.a ../lib/libnetlink.a -lbpf -lelf  -lmnl  -L/usr/lib64 -lcap  -o dpll
#21 19.30 make[1]: Leaving directory '/nipa-data/iproute2/dpll'
#21 DONE 19.5s

#22 [18/20] RUN git clone --depth=1 -b main https://github.com/p4tc-dev/new-nipa.git nipa
#22 0.723 Cloning into 'nipa'...
#22 DONE 1.6s

#23 [19/20] RUN sed -i '/\["-serial", "none"\]/d' /usr/lib/python3/dist-packages/virtme/commands/run.py
#23 DONE 0.9s

#24 [20/20] COPY entrypoint.sh /entrypoint.sh
#24 DONE 0.5s

#25 exporting to image
#25 exporting layers
#25 exporting layers 4.8s done
#25 writing image sha256:042d6dd8e6912ad5ead4fc12769b1fac4c8d8ca0b666198358c0a1635107abdd done
#25 naming to docker.io/library/nipa-executor done
#25 DONE 4.8s
+ git config --global --add safe.directory /nipa-data/kernel
++ cat /debug-mode
+ '[' false = true ']'
+ timeout -v 15m ./nipa/contest/remote/vmksft-p.py /tmp/tdc.config
NIPA version: 1b9c21a (ui: set canvas background color to stand out, 2024-03-28)
INFO: Last run date: 2026-03-31 06:00:30.789036+00:00
Testing  {'branch': 'net-next-2026-03-31--09-00', 'date': '2026-03-31T09:00:38.329672+00:00', 'base': '74ada19c49a6b91f5da976bf30badc2507e29af1', 'url': 'https://github.com/linux-netdev/testing.git net-next-2026-03-31--09-00'}
branch 'net-next-2026-03-31--09-00' set up to track 'origin/net-next-2026-03-31--09-00'.
Switched to a new branch 'net-next-2026-03-31--09-00'
error: No valid patches in input (allow with "--allow-empty")
Checking patch tools/testing/selftests/tc-testing/tdc_config.py...
Applied patch tools/testing/selftests/tc-testing/tdc_config.py cleanly.
Run at 2026-03-31 09:04:43.866851
INFO: building kernel
INFO: starting VM 0
INFO: thr0-0 VM starting: vng -v -r arch/x86/boot/bzImage --user root --rwdir=/nipa-data/kernel/
INFO: thr0-0 expecting prompt: '/nipa-data/kernel# '
INFO: thr0-0 reached initial prompt
INFO: thr-0 testing == tdc.sh
INFO: thr-0 tdc.sh >> retcode: 0 result: pass found {'fail': False, 'skip': False, 'pass': True}
INFO: thr-0 has no more work, exiting
INFO: thr0-0 VM stopped
Done at 2026-03-31 09:09:47.543659
NIPA quitting!
+ chown -R 1001:1001 /nipa-data/kernel/
+ chown -R 1001:1001 /storage
~/nipa/tc-executor/testing ~/nipa/tc-executor
~/nipa/tc-executor
/
~/nipa/tc-executor/tc-executor-storage /
